ISO-10303-21;
HEADER;
FILE_DESCRIPTION (( 'STEP AP214' ),
    '1' );
FILE_NAME ('PI_REM_BOTTOM_REVA.STEP',
    '2026-10-09T03:57:49',
    ( '' ),
    ( '' ),
    'SwSTEP 2.0',
    'SolidWorks 2026',
    '' );
FILE_SCHEMA (( 'AUTOMOTIVE_DESIGN' ));
ENDSEC;

DATA;
#1 = LINE ( 'NONE', #4079, #2248 ) ;
#2 = CARTESIAN_POINT ( 'NONE',  ( -8.000000000000000000, 87.00000000000000000, 0.7500000000000006661 ) ) ;
#3 = LINE ( 'NONE', #1665, #5041 ) ;
#4 = ORIENTED_EDGE ( 'NONE', *, *, #480, .T. ) ;
#5 = CARTESIAN_POINT ( 'NONE',  ( 18.50000000000000000, 4.000000000000000000, 2.000000000000000000 ) ) ;
#6 = CARTESIAN_POINT ( 'NONE',  ( 68.99999999999997158, 87.00000000000000000, 25.10000000000000142 ) ) ;
#7 = DIRECTION ( 'NONE',  ( -0.000000000000000000, 0.000000000000000000, -1.000000000000000000 ) ) ;
#8 = DIRECTION ( 'NONE',  ( 0.000000000000000000, 0.000000000000000000, 1.000000000000000000 ) ) ;
#9 = ORIENTED_EDGE ( 'NONE', *, *, #4799, .T. ) ;
#10 = VECTOR ( 'NONE', #1886, 1000.000000000000000 ) ;
#11 = ORIENTED_EDGE ( 'NONE', *, *, #2499, .T. ) ;
#12 = ORIENTED_EDGE ( 'NONE', *, *, #3623, .F. ) ;
#13 = CIRCLE ( 'NONE', #4275, 5.999999999999998224 ) ;
#14 = VECTOR ( 'NONE', #3082, 1000.000000000000000 ) ;
#15 = CARTESIAN_POINT ( 'NONE',  ( 60.99999999999997158, 80.99999999999998579, 4.999999999999999112 ) ) ;
#16 = CARTESIAN_POINT ( 'NONE',  ( -7.250000000000000000, 97.24999999999998579, 25.10000000000000142 ) ) ;
#17 = VECTOR ( 'NONE', #1809, 1000.000000000000000 ) ;
#18 = EDGE_LOOP ( 'NONE', ( #3186, #1649, #1714, #5208 ) ) ;
#19 = ORIENTED_EDGE ( 'NONE', *, *, #3064, .F. ) ;
#20 = DIRECTION ( 'NONE',  ( 0.000000000000000000, -6.177056887751240565E-16, -1.000000000000000000 ) ) ;
#21 = ADVANCED_FACE ( 'NONE', ( #3115 ), #2044, .T. ) ;
#22 = EDGE_CURVE ( 'NONE', #1822, #1147, #4140, .T. ) ;
#23 = CARTESIAN_POINT ( 'NONE',  ( 60.99999999999997158, 84.99999999999998579, 2.000000000000000000 ) ) ;
#24 = LINE ( 'NONE', #4449, #3143 ) ;
#25 = VERTEX_POINT ( 'NONE', #4911 ) ;
#26 = DIRECTION ( 'NONE',  ( 1.000000000000000000, -0.000000000000000000, 0.000000000000000000 ) ) ;
#27 = EDGE_CURVE ( 'NONE', #3646, #444, #2072, .T. ) ;
#28 = DIRECTION ( 'NONE',  ( -0.5000000000000049960, -0.8660254037844357100, 0.000000000000000000 ) ) ;
#29 = CARTESIAN_POINT ( 'NONE',  ( -4.770489558936219510E-15, 32.00000000000000000, 5.000000000000001776 ) ) ;
#30 = CARTESIAN_POINT ( 'NONE',  ( 18.25000000000000355, 88.00000000000000000, 8.499999999999998224 ) ) ;
#31 = DIRECTION ( 'NONE',  ( 1.000000000000000000, -0.000000000000000000, -0.000000000000000000 ) ) ;
#32 = EDGE_LOOP ( 'NONE', ( #3852, #2720, #797, #1119, #4359, #3303 ) ) ;
#33 = CARTESIAN_POINT ( 'NONE',  ( -4.775000000000026112, -6.440415587219193938, -0.000000000000000000 ) ) ;
#34 = DIRECTION ( 'NONE',  ( -0.000000000000000000, -1.000000000000000000, -0.000000000000000000 ) ) ;
#35 = CARTESIAN_POINT ( 'NONE',  ( 57.99999999999998579, 87.00000000000000000, 0.000000000000000000 ) ) ;
#36 = DIRECTION ( 'NONE',  ( 0.000000000000000000, -0.000000000000000000, 1.000000000000000000 ) ) ;
#37 = EDGE_LOOP ( 'NONE', ( #2627, #3145, #3264, #4445 ) ) ;
#38 = VECTOR ( 'NONE', #2062, 1000.000000000000000 ) ;
#39 = VERTEX_POINT ( 'NONE', #4035 ) ;
#40 = LINE ( 'NONE', #447, #859 ) ;
#41 = DIRECTION ( 'NONE',  ( -0.000000000000000000, -0.000000000000000000, -1.000000000000000000 ) ) ;
#42 = VECTOR ( 'NONE', #3155, 1000.000000000000000 ) ;
#43 = ORIENTED_EDGE ( 'NONE', *, *, #57, .F. ) ;
#44 = ORIENTED_EDGE ( 'NONE', *, *, #2733, .F. ) ;
#45 = PLANE ( 'NONE',  #4885 ) ;
#46 = AXIS2_PLACEMENT_3D ( 'NONE', #2529, #3813, #4661 ) ;
#47 = LINE ( 'NONE', #2880, #4142 ) ;
#48 = DIRECTION ( 'NONE',  ( 1.000000000000000000, 0.000000000000000000, 0.000000000000000000 ) ) ;
#49 = EDGE_CURVE ( 'NONE', #592, #3141, #2491, .T. ) ;
#50 = EDGE_CURVE ( 'NONE', #2030, #3171, #2867, .T. ) ;
#51 = VERTEX_POINT ( 'NONE', #3319 ) ;
#52 = CARTESIAN_POINT ( 'NONE',  ( 57.99999999999999289, -7.250000000000000888, 0.000000000000000000 ) ) ;
#53 = AXIS2_PLACEMENT_3D ( 'NONE', #2530, #1312, #74 ) ;
#54 = CARTESIAN_POINT ( 'NONE',  ( 58.99999999999997868, 49.99999999999999289, 1.999999999999995781 ) ) ;
#55 = FACE_OUTER_BOUND ( 'NONE', #5251, .T. ) ;
#56 = FACE_OUTER_BOUND ( 'NONE', #542, .T. ) ;
#57 = EDGE_CURVE ( 'NONE', #1490, #4285, #4775, .T. ) ;
#58 = CARTESIAN_POINT ( 'NONE',  ( 68.24999999999998579, -7.250000000000000000, 0.7500000000000006661 ) ) ;
#59 = ORIENTED_EDGE ( 'NONE', *, *, #2376, .T. ) ;
#60 = DIRECTION ( 'NONE',  ( -1.000000000000000000, 0.000000000000000000, 0.000000000000000000 ) ) ;
#61 = CARTESIAN_POINT ( 'NONE',  ( 4.250000000000000000, 88.00000000000000000, 8.500000000000000000 ) ) ;
#62 = FACE_OUTER_BOUND ( 'NONE', #1470, .T. ) ;
#63 = CARTESIAN_POINT ( 'NONE',  ( 3.000000000000000000, 97.24999999999998579, -15.55634918610404327 ) ) ;
#64 = EDGE_CURVE ( 'NONE', #952, #1917, #5259, .T. ) ;
#65 = CIRCLE ( 'NONE', #2718, 2.299999999999989608 ) ;
#66 = ORIENTED_EDGE ( 'NONE', *, *, #2959, .T. ) ;
#67 = ORIENTED_EDGE ( 'NONE', *, *, #2584, .F. ) ;
#68 = DIRECTION ( 'NONE',  ( 0.000000000000000000, 0.000000000000000000, -1.000000000000000000 ) ) ;
#69 = DIRECTION ( 'NONE',  ( -0.8660254037844402619, 0.4999999999999973910, 0.000000000000000000 ) ) ;
#70 = ORIENTED_EDGE ( 'NONE', *, *, #2340, .F. ) ;
#71 = CIRCLE ( 'NONE', #3063, 0.7499999999999997780 ) ;
#72 = ORIENTED_EDGE ( 'NONE', *, *, #4426, .T. ) ;
#73 = CARTESIAN_POINT ( 'NONE',  ( -8.000000000000000000, 87.75000000000000000, -15.55634918610404327 ) ) ;
#74 = DIRECTION ( 'NONE',  ( 0.000000000000000000, -0.000000000000000000, -1.000000000000000000 ) ) ;
#75 = PRODUCT_CONTEXT ( 'NONE', #1630, 'mechanical' ) ;
#76 = ORIENTED_EDGE ( 'NONE', *, *, #3464, .T. ) ;
#77 = CARTESIAN_POINT ( 'NONE',  ( -0.2250000000000281219, 96.44041558721920637, 6.000000000000000000 ) ) ;
#78 = DIRECTION ( 'NONE',  ( 0.000000000000000000, 0.000000000000000000, 1.000000000000000000 ) ) ;
#79 = ADVANCED_FACE ( 'NONE', ( #4461 ), #2097, .T. ) ;
#80 = ADVANCED_FACE ( 'NONE', ( #1585 ), #2467, .T. ) ;
#81 = PLANE ( 'NONE',  #4189 ) ;
#82 = DIRECTION ( 'NONE',  ( 0.8660254037844418162, 0.4999999999999946154, -0.000000000000000000 ) ) ;
#83 = VERTEX_POINT ( 'NONE', #4084 ) ;
#84 = DIRECTION ( 'NONE',  ( -0.000000000000000000, -0.000000000000000000, -1.000000000000000000 ) ) ;
#85 = DIRECTION ( 'NONE',  ( 1.000000000000000000, -0.000000000000000000, 0.000000000000000000 ) ) ;
#86 = ADVANCED_FACE ( 'NONE', ( #1273 ), #439, .F. ) ;
#87 = ADVANCED_FACE ( 'NONE', ( #4113 ), #1295, .T. ) ;
#88 = DIRECTION ( 'NONE',  ( 1.000000000000000000, 2.312964634635743450E-16, -0.000000000000000000 ) ) ;
#89 = CARTESIAN_POINT ( 'NONE',  ( 58.99999999999999289, 3.000000000000000000, -15.55634918610404327 ) ) ;
#90 = AXIS2_PLACEMENT_3D ( 'NONE', #1195, #368, #1616 ) ;
#91 = ORIENTED_EDGE ( 'NONE', *, *, #2903, .F. ) ;
#92 = VECTOR ( 'NONE', #5119, 1000.000000000000000 ) ;
#93 = ORIENTED_EDGE ( 'NONE', *, *, #288, .T. ) ;
#94 = LINE ( 'NONE', #1414, #5207 ) ;
#95 = EDGE_CURVE ( 'NONE', #4715, #3405, #2893, .T. ) ;
#96 = CARTESIAN_POINT ( 'NONE',  ( 66.99999999999998579, 9.000000000000001776, 0.000000000000000000 ) ) ;
#97 = CYLINDRICAL_SURFACE ( 'NONE', #1023, 0.7500000000000000000 ) ;
#98 = VECTOR ( 'NONE', #1006, 1000.000000000000000 ) ;
#99 = VECTOR ( 'NONE', #5185, 1000.000000000000000 ) ;
#100 = ORIENTED_EDGE ( 'NONE', *, *, #4772, .T. ) ;
#101 = ORIENTED_EDGE ( 'NONE', *, *, #1375, .T. ) ;
#102 = CARTESIAN_POINT ( 'NONE',  ( 68.24999999999997158, 97.24999999999997158, 40.65634918610404469 ) ) ;
#103 = DIRECTION ( 'NONE',  ( 0.000000000000000000, 0.000000000000000000, 1.000000000000000000 ) ) ;
#104 = VECTOR ( 'NONE', #3045, 1000.000000000000000 ) ;
#105 = VECTOR ( 'NONE', #4753, 1000.000000000000000 ) ;
#106 = ORIENTED_EDGE ( 'NONE', *, *, #4932, .F. ) ;
#107 = DIRECTION ( 'NONE',  ( -0.000000000000000000, 0.000000000000000000, 1.000000000000000000 ) ) ;
#108 = DIRECTION ( 'NONE',  ( -0.000000000000000000, -0.000000000000000000, 1.000000000000000000 ) ) ;
#109 = CARTESIAN_POINT ( 'NONE',  ( 68.24999999999997158, 87.75000000000000000, 25.10000000000000142 ) ) ;
#110 = LINE ( 'NONE', #3365, #2667 ) ;
#111 = ORIENTED_EDGE ( 'NONE', *, *, #2796, .T. ) ;
#112 = DIRECTION ( 'NONE',  ( 0.000000000000000000, -0.000000000000000000, 1.000000000000000000 ) ) ;
#113 = VERTEX_POINT ( 'NONE', #866 ) ;
#114 = DIRECTION ( 'NONE',  ( -0.000000000000000000, 0.000000000000000000, 1.000000000000000000 ) ) ;
#115 = PLANE ( 'NONE',  #4273 ) ;
#116 = DIRECTION ( 'NONE',  ( 0.000000000000000000, 0.000000000000000000, -1.000000000000000000 ) ) ;
#117 = LINE ( 'NONE', #4224, #782 ) ;
#118 = ADVANCED_FACE ( 'NONE', ( #2441 ), #4511, .F. ) ;
#119 = EDGE_CURVE ( 'NONE', #1968, #2317, #2415, .T. ) ;
#120 = ORIENTED_EDGE ( 'NONE', *, *, #2382, .T. ) ;
#121 = ORIENTED_EDGE ( 'NONE', *, *, #685, .T. ) ;
#122 = CARTESIAN_POINT ( 'NONE',  ( 2.689339828220161710, -7.999999999999998224, 0.3106601717798215256 ) ) ;
#123 = CARTESIAN_POINT ( 'NONE',  ( 2.999999999999982236, -8.000000000000000000, 0.7500000000000006661 ) ) ;
#124 = CARTESIAN_POINT ( 'NONE',  ( 68.24999999999997158, 87.00000000000000000, 40.65634918610404469 ) ) ;
#125 = AXIS2_PLACEMENT_3D ( 'NONE', #3719, #3370, #60 ) ;
#126 = EDGE_CURVE ( 'NONE', #3766, #4304, #384, .T. ) ;
#127 = UNCERTAINTY_MEASURE_WITH_UNIT (LENGTH_MEASURE( 1.000000000000000082E-05 ), #4434, 'distance_accuracy_value', 'NONE');
#128 = ORIENTED_EDGE ( 'NONE', *, *, #4124, .T. ) ;
#129 = VERTEX_POINT ( 'NONE', #1217 ) ;
#130 = LINE ( 'NONE', #2219, #4896 ) ;
#131 = DIRECTION ( 'NONE',  ( -0.000000000000000000, -0.000000000000000000, 1.000000000000000000 ) ) ;
#132 = VECTOR ( 'NONE', #2231, 1000.000000000000000 ) ;
#133 = SHAPE_DEFINITION_REPRESENTATION ( #2112, #1250 ) ;
#134 = LINE ( 'NONE', #1341, #2750 ) ;
#135 = EDGE_CURVE ( 'NONE', #775, #508, #5035, .T. ) ;
#136 = VERTEX_POINT ( 'NONE', #1353 ) ;
#137 = FACE_OUTER_BOUND ( 'NONE', #5034, .T. ) ;
#138 = DIRECTION ( 'NONE',  ( -0.000000000000000000, -1.000000000000000000, -0.000000000000000000 ) ) ;
#139 = PLANE ( 'NONE',  #3302 ) ;
#140 = CARTESIAN_POINT ( 'NONE',  ( 1.999999999999987121, 84.99999999999997158, 5.000000000000000000 ) ) ;
#141 = ORIENTED_EDGE ( 'NONE', *, *, #5147, .T. ) ;
#142 = VECTOR ( 'NONE', #3179, 1000.000000000000000 ) ;
#143 = CARTESIAN_POINT ( 'NONE',  ( 52.00000000000000000, -6.000000000000000000, 25.10000000000000142 ) ) ;
#144 = ORIENTED_EDGE ( 'NONE', *, *, #356, .T. ) ;
#145 = CARTESIAN_POINT ( 'NONE',  ( 1.999999999999995337, 32.00000000000000000, 5.000000000000006217 ) ) ;
#146 = CARTESIAN_POINT ( 'NONE',  ( 58.99999999999999289, 2.000000000000000000, 8.599999999999999645 ) ) ;
#147 = CARTESIAN_POINT ( 'NONE',  ( 61.00000000000000000, 2.000000000000000000, 30.10000000000000142 ) ) ;
#148 = CARTESIAN_POINT ( 'NONE',  ( 56.99999999999997868, 32.00000000000000711, 7.000000000000000000 ) ) ;
#149 = ORIENTED_EDGE ( 'NONE', *, *, #769, .F. ) ;
#150 = EDGE_LOOP ( 'NONE', ( #4162, #5056, #544, #4908 ) ) ;
#151 = DIRECTION ( 'NONE',  ( -1.000000000000000000, 0.000000000000000000, 0.000000000000000000 ) ) ;
#152 = LINE ( 'NONE', #3866, #2329 ) ;
#153 = ADVANCED_FACE ( 'NONE', ( #1407 ), #2234, .F. ) ;
#154 = DIRECTION ( 'NONE',  ( -1.000000000000000000, 0.000000000000000000, 0.000000000000000000 ) ) ;
#155 = ADVANCED_FACE ( 'NONE', ( #4994 ), #2945, .T. ) ;
#156 = ORIENTED_EDGE ( 'NONE', *, *, #2922, .F. ) ;
#157 = ORIENTED_EDGE ( 'NONE', *, *, #3313, .T. ) ;
#158 = CARTESIAN_POINT ( 'NONE',  ( -7.050000000000002487, 92.49999999999997158, 0.000000000000000000 ) ) ;
#159 = CARTESIAN_POINT ( 'NONE',  ( 9.000000000000000000, 96.00000000000000000, 25.10000000000000142 ) ) ;
#160 = EDGE_CURVE ( 'NONE', #825, #5105, #1437, .T. ) ;
#161 = APPLICATION_PROTOCOL_DEFINITION ( 'draft international standard', 'automotive_design', 1998, #1630 ) ;
#162 = CARTESIAN_POINT ( 'NONE',  ( -7.050000000000002487, 92.49999999999997158, 0.000000000000000000 ) ) ;
#163 = EDGE_LOOP ( 'NONE', ( #988, #106, #3459, #4778 ) ) ;
#164 = DIRECTION ( 'NONE',  ( -1.000000000000000000, 0.000000000000000000, -0.000000000000000000 ) ) ;
#165 = DIRECTION ( 'NONE',  ( 1.000000000000000000, 0.000000000000000000, 0.000000000000000000 ) ) ;
#166 = ADVANCED_FACE ( 'NONE', ( #976 ), #201, .F. ) ;
#167 = CARTESIAN_POINT ( 'NONE',  ( 1.999999999999999556, 65.00000000000000000, 7.000000000000000000 ) ) ;
#168 = SPHERICAL_SURFACE ( 'NONE', #3521, 0.7500000000000000000 ) ;
#169 = ORIENTED_EDGE ( 'NONE', *, *, #1009, .T. ) ;
#170 = LINE ( 'NONE', #1031, #2946 ) ;
#171 = ORIENTED_EDGE ( 'NONE', *, *, #1903, .F. ) ;
#172 = CARTESIAN_POINT ( 'NONE',  ( -0.2000000000000013989, 92.50000000000000000, 6.000000000000000000 ) ) ;
#173 = FACE_OUTER_BOUND ( 'NONE', #5079, .T. ) ;
#174 = LINE ( 'NONE', #2999, #3431 ) ;
#175 = CARTESIAN_POINT ( 'NONE',  ( -8.000000000000015987, 3.000000000000000000, 40.65634918610404469 ) ) ;
#176 = ORIENTED_EDGE ( 'NONE', *, *, #1144, .T. ) ;
#177 = VERTEX_POINT ( 'NONE', #3829 ) ;
#178 = CARTESIAN_POINT ( 'NONE',  ( 1.999999999999982681, 2.000000000000000000, 0.5857864376269013018 ) ) ;
#179 = CARTESIAN_POINT ( 'NONE',  ( 63.50000000000000000, -2.500000000000001332, 25.10000000000000142 ) ) ;
#180 = VECTOR ( 'NONE', #4891, 1000.000000000000000 ) ;
#181 = VERTEX_POINT ( 'NONE', #4279 ) ;
#182 = ORIENTED_EDGE ( 'NONE', *, *, #4717, .F. ) ;
#183 = CARTESIAN_POINT ( 'NONE',  ( 58.99999999999998579, 33.50000000000000000, 2.000000000000000000 ) ) ;
#184 = CARTESIAN_POINT ( 'NONE',  ( 4.000000000000000000, 65.00000000000000000, 7.000000000000000000 ) ) ;
#185 = DIRECTION ( 'NONE',  ( 0.000000000000000000, 0.000000000000000000, -1.000000000000000000 ) ) ;
#186 = ORIENTED_EDGE ( 'NONE', *, *, #846, .F. ) ;
#187 = ADVANCED_FACE ( 'NONE', ( #173 ), #3426, .F. ) ;
#188 = EDGE_CURVE ( 'NONE', #909, #2308, #4194, .T. ) ;
#189 = VECTOR ( 'NONE', #1937, 1000.000000000000000 ) ;
#190 = DIRECTION ( 'NONE',  ( -0.000000000000000000, -0.000000000000000000, 1.000000000000000000 ) ) ;
#191 = LINE ( 'NONE', #2678, #5163 ) ;
#192 = VECTOR ( 'NONE', #1164, 1000.000000000000000 ) ;
#193 = DIRECTION ( 'NONE',  ( -1.000000000000000000, 0.000000000000000000, 0.000000000000000000 ) ) ;
#194 = CARTESIAN_POINT ( 'NONE',  ( 2.999999999999982681, 3.000000000000000000, 25.10000000000000142 ) ) ;
#195 = VECTOR ( 'NONE', #3690, 1000.000000000000000 ) ;
#196 = ORIENTED_EDGE ( 'NONE', *, *, #3224, .T. ) ;
#197 = ADVANCED_FACE ( 'NONE', ( #5019 ), #3371, .F. ) ;
#198 = CARTESIAN_POINT ( 'NONE',  ( 60.87305627518713180, 97.04999999999998295, 6.000000000000000000 ) ) ;
#199 = ORIENTED_EDGE ( 'NONE', *, *, #4905, .T. ) ;
#200 = CARTESIAN_POINT ( 'NONE',  ( 16.99999999999999645, 4.000000000000000000, 2.000000000000000000 ) ) ;
#201 = PLANE ( 'NONE',  #3758 ) ;
#202 = CARTESIAN_POINT ( 'NONE',  ( 1.999999999999999112, 5.000000000000004441, 5.000000000000009770 ) ) ;
#203 = DIRECTION ( 'NONE',  ( 0.4999999999999945599, -0.8660254037844418162, 0.000000000000000000 ) ) ;
#204 = ORIENTED_EDGE ( 'NONE', *, *, #985, .F. ) ;
#205 = VERTEX_POINT ( 'NONE', #2571 ) ;
#206 = FACE_OUTER_BOUND ( 'NONE', #4146, .T. ) ;
#207 = LINE ( 'NONE', #4173, #1394 ) ;
#208 = CARTESIAN_POINT ( 'NONE',  ( 61.20000000000000995, -2.500000000000000888, 0.000000000000000000 ) ) ;
#209 = ORIENTED_EDGE ( 'NONE', *, *, #1631, .F. ) ;
#210 = ORIENTED_EDGE ( 'NONE', *, *, #613, .F. ) ;
#211 = CARTESIAN_POINT ( 'NONE',  ( -0.2250000000000125233, 1.440415587219193938, 0.000000000000000000 ) ) ;
#212 = CARTESIAN_POINT ( 'NONE',  ( -0.2249999999999731104, 88.55958441278082205, 6.000000000000000000 ) ) ;
#213 = VECTOR ( 'NONE', #4665, 1000.000000000000000 ) ;
#214 = DIRECTION ( 'NONE',  ( -0.000000000000000000, -1.000000000000000000, -0.000000000000000000 ) ) ;
#215 = ORIENTED_EDGE ( 'NONE', *, *, #4464, .T. ) ;
#216 = CYLINDRICAL_SURFACE ( 'NONE', #2776, 6.000000000000000888 ) ;
#217 = CIRCLE ( 'NONE', #1663, 0.7499999999999997780 ) ;
#218 = CARTESIAN_POINT ( 'NONE',  ( -2.499999999999999556, 92.50000000000000000, 0.000000000000000000 ) ) ;
#219 = CARTESIAN_POINT ( 'NONE',  ( 18.50000000000000355, 2.000000000000000000, 7.000000000000000000 ) ) ;
#220 = EDGE_CURVE ( 'NONE', #2994, #2210, #4182, .T. ) ;
#221 = DIRECTION ( 'NONE',  ( -1.000000000000000000, 0.000000000000000000, -0.000000000000000000 ) ) ;
#222 = ADVANCED_FACE ( 'NONE', ( #2545 ), #115, .F. ) ;
#223 = VECTOR ( 'NONE', #3734, 1000.000000000000000 ) ;
#224 = ORIENTED_EDGE ( 'NONE', *, *, #3971, .F. ) ;
#225 = FACE_OUTER_BOUND ( 'NONE', #2183, .T. ) ;
#226 = ORIENTED_EDGE ( 'NONE', *, *, #396, .T. ) ;
#227 = CARTESIAN_POINT ( 'NONE',  ( -7.250000000000000888, 87.00000000000000000, 0.000000000000000000 ) ) ;
#228 = CARTESIAN_POINT ( 'NONE',  ( 56.99999999999997868, 33.50000000000000000, 2.000000000000000000 ) ) ;
#229 = PLANE ( 'NONE',  #3599 ) ;
#230 = CARTESIAN_POINT ( 'NONE',  ( 60.99999999999998579, 45.00000000000000000, 25.10000000000000142 ) ) ;
#231 = EDGE_CURVE ( 'NONE', #5105, #2080, #576, .T. ) ;
#232 = ORIENTED_EDGE ( 'NONE', *, *, #3416, .T. ) ;
#233 = ORIENTED_EDGE ( 'NONE', *, *, #3738, .F. ) ;
#234 = AXIS2_PLACEMENT_3D ( 'NONE', #3445, #2561, #3017 ) ;
#235 = CARTESIAN_POINT ( 'NONE',  ( 58.99999999999998579, 65.00000000000000000, 7.000000000000000000 ) ) ;
#236 = EDGE_CURVE ( 'NONE', #1025, #1261, #355, .T. ) ;
#237 = CIRCLE ( 'NONE', #3981, 2.299999999999999822 ) ;
#238 = ORIENTED_EDGE ( 'NONE', *, *, #2836, .F. ) ;
#239 = EDGE_LOOP ( 'NONE', ( #925, #2807, #5159, #967 ) ) ;
#240 = ORIENTED_EDGE ( 'NONE', *, *, #2733, .T. ) ;
#241 = DIRECTION ( 'NONE',  ( 1.000000000000000000, -1.521687259628778569E-17, 0.000000000000000000 ) ) ;
#242 = CARTESIAN_POINT ( 'NONE',  ( -0.2249999999999731104, 88.55958441278082205, 6.000000000000000000 ) ) ;
#243 = CARTESIAN_POINT ( 'NONE',  ( 1.999999999999986677, 87.00000000000000000, -15.55634918610404327 ) ) ;
#244 = AXIS2_PLACEMENT_3D ( 'NONE', #3576, #2332, #5172 ) ;
#245 = ORIENTED_EDGE ( 'NONE', *, *, #1950, .F. ) ;
#246 = DIRECTION ( 'NONE',  ( 0.000000000000000000, 0.000000000000000000, 1.000000000000000000 ) ) ;
#247 = DIRECTION ( 'NONE',  ( -0.000000000000000000, -0.000000000000000000, -1.000000000000000000 ) ) ;
#248 = CARTESIAN_POINT ( 'NONE',  ( 68.24999999999997158, 0.000000000000000000, 0.000000000000000000 ) ) ;
#249 = CARTESIAN_POINT ( 'NONE',  ( 42.49999999999998579, 2.000000000000000000, 7.000000000000000000 ) ) ;
#250 = ORIENTED_EDGE ( 'NONE', *, *, #514, .T. ) ;
#251 = DIRECTION ( 'NONE',  ( -6.172852385856527051E-32, 2.668805347656627171E-16, -1.000000000000000000 ) ) ;
#252 = EDGE_LOOP ( 'NONE', ( #3725, #2525, #1993, #1093 ) ) ;
#253 = ADVANCED_FACE ( 'NONE', ( #1379 ), #2602, .F. ) ;
#254 = ADVANCED_FACE ( 'NONE', ( #632 ), #2631, .T. ) ;
#255 = CARTESIAN_POINT ( 'NONE',  ( 58.99999999999998579, 45.00000000000000000, 25.10000000000000142 ) ) ;
#256 = CARTESIAN_POINT ( 'NONE',  ( 2.050000000000003375, 92.50000000000001421, -0.000000000000000000 ) ) ;
#257 = CARTESIAN_POINT ( 'NONE',  ( 22.50000000000000000, 2.000000000000000444, 12.00000000000000000 ) ) ;
#258 = CARTESIAN_POINT ( 'NONE',  ( 1.999999999999999556, 63.50000000000000000, 5.000000000000001776 ) ) ;
#259 = ORIENTED_EDGE ( 'NONE', *, *, #4058, .F. ) ;
#260 = EDGE_CURVE ( 'NONE', #765, #2280, #5073, .T. ) ;
#261 = ADVANCED_FACE ( 'NONE', ( #5100 ), #4332, .T. ) ;
#262 = ORIENTED_EDGE ( 'NONE', *, *, #4025, .T. ) ;
#263 = LINE ( 'NONE', #364, #192 ) ;
#264 = ORIENTED_EDGE ( 'NONE', *, *, #4155, .F. ) ;
#265 = ORIENTED_EDGE ( 'NONE', *, *, #1009, .F. ) ;
#266 = EDGE_CURVE ( 'NONE', #880, #1424, #3335, .T. ) ;
#267 = VERTEX_POINT ( 'NONE', #256 ) ;
#268 = PLANE ( 'NONE',  #1466 ) ;
#269 = VECTOR ( 'NONE', #3671, 1000.000000000000000 ) ;
#270 = VERTEX_POINT ( 'NONE', #4770 ) ;
#271 = CARTESIAN_POINT ( 'NONE',  ( 51.99999999999998579, 96.00000000000000000, 8.500000000000000000 ) ) ;
#272 = DIRECTION ( 'NONE',  ( -0.000000000000000000, -1.000000000000000000, -0.000000000000000000 ) ) ;
#273 = CARTESIAN_POINT ( 'NONE',  ( 56.99999999999997868, 88.00000000000000000, 8.500000000000000000 ) ) ;
#274 = CARTESIAN_POINT ( 'NONE',  ( -6.000000000000002665, 9.000000000000001776, 5.000000000000004441 ) ) ;
#275 = AXIS2_PLACEMENT_3D ( 'NONE', #2657, #4650, #2974 ) ;
#276 = ORIENTED_EDGE ( 'NONE', *, *, #2707, .T. ) ;
#277 = VECTOR ( 'NONE', #3888, 1000.000000000000000 ) ;
#278 = DIRECTION ( 'NONE',  ( -1.000000000000000000, 1.261617073437678443E-15, 0.000000000000000000 ) ) ;
#279 = VECTOR ( 'NONE', #757, 1000.000000000000000 ) ;
#280 = DIRECTION ( 'NONE',  ( 0.000000000000000000, -0.000000000000000000, 1.000000000000000000 ) ) ;
#281 = FACE_BOUND ( 'NONE', #3936, .T. ) ;
#282 = VECTOR ( 'NONE', #3360, 1000.000000000000000 ) ;
#283 = LINE ( 'NONE', #3914, #3342 ) ;
#284 = VECTOR ( 'NONE', #4848, 1000.000000000000000 ) ;
#285 = ORIENTED_EDGE ( 'NONE', *, *, #1527, .F. ) ;
#286 = ORIENTED_EDGE ( 'NONE', *, *, #3167, .T. ) ;
#287 = LINE ( 'NONE', #2297, #3761 ) ;
#288 = EDGE_CURVE ( 'NONE', #2723, #1318, #3642, .T. ) ;
#289 = EDGE_CURVE ( 'NONE', #2204, #4380, #3932, .T. ) ;
#290 = ORIENTED_EDGE ( 'NONE', *, *, #1017, .F. ) ;
#291 = VERTEX_POINT ( 'NONE', #3509 ) ;
#292 = ORIENTED_EDGE ( 'NONE', *, *, #3738, .T. ) ;
#293 = DIRECTION ( 'NONE',  ( -0.000000000000000000, 0.000000000000000000, 1.000000000000000000 ) ) ;
#294 = EDGE_CURVE ( 'NONE', #1679, #83, #3485, .T. ) ;
#295 = ORIENTED_EDGE ( 'NONE', *, *, #941, .F. ) ;
#296 = FACE_OUTER_BOUND ( 'NONE', #4122, .T. ) ;
#297 = CARTESIAN_POINT ( 'NONE',  ( -7.250000000000000888, 87.00000000000000000, 25.10000000000000142 ) ) ;
#298 = CIRCLE ( 'NONE', #3273, 6.000000000000000000 ) ;
#299 = DIRECTION ( 'NONE',  ( -1.000000000000000000, 0.000000000000000000, -0.000000000000000000 ) ) ;
#300 = EDGE_CURVE ( 'NONE', #2197, #4258, #4353, .T. ) ;
#301 = ORIENTED_EDGE ( 'NONE', *, *, #3003, .F. ) ;
#302 = CIRCLE ( 'NONE', #3541, 2.299999999999989608 ) ;
#303 = FACE_OUTER_BOUND ( 'NONE', #3107, .T. ) ;
#304 = DIRECTION ( 'NONE',  ( -1.156482317317871725E-15, -1.000000000000000000, 0.000000000000000000 ) ) ;
#305 = VECTOR ( 'NONE', #2583, 1000.000000000000000 ) ;
#306 = LINE ( 'NONE', #1134, #189 ) ;
#307 = LINE ( 'NONE', #1938, #1552 ) ;
#308 = AXIS2_PLACEMENT_3D ( 'NONE', #4504, #2010, #487 ) ;
#309 = PLANE ( 'NONE',  #2911 ) ;
#310 = ORIENTED_EDGE ( 'NONE', *, *, #3872, .F. ) ;
#311 = VECTOR ( 'NONE', #2164, 1000.000000000000000 ) ;
#312 = ORIENTED_EDGE ( 'NONE', *, *, #492, .F. ) ;
#313 = DIRECTION ( 'NONE',  ( 0.5000000000000027756, -0.8660254037844370423, 0.000000000000000000 ) ) ;
#314 = VERTEX_POINT ( 'NONE', #228 ) ;
#315 = ORIENTED_EDGE ( 'NONE', *, *, #1166, .F. ) ;
#316 = AXIS2_PLACEMENT_3D ( 'NONE', #1235, #4557, #461 ) ;
#317 = VERTEX_POINT ( 'NONE', #4727 ) ;
#318 = ADVANCED_FACE ( 'NONE', ( #5128, #281, #2757 ), #2335, .T. ) ;
#319 = EDGE_CURVE ( 'NONE', #1186, #267, #306, .T. ) ;
#320 = CARTESIAN_POINT ( 'NONE',  ( 66.12694372481276162, 87.94999999999997442, 6.000000000000000000 ) ) ;
#321 = ORIENTED_EDGE ( 'NONE', *, *, #5103, .T. ) ;
#322 = CARTESIAN_POINT ( 'NONE',  ( 58.99999999999998579, 37.99999999999999289, 11.95000000000000462 ) ) ;
#323 = EDGE_CURVE ( 'NONE', #2317, #3241, #1486, .T. ) ;
#324 = PLANE ( 'NONE',  #1169 ) ;
#325 = DIRECTION ( 'NONE',  ( 1.000000000000000000, 1.541976423090495633E-16, 1.783268467025148642E-33 ) ) ;
#326 = ORIENTED_EDGE ( 'NONE', *, *, #4457, .T. ) ;
#327 = FACE_OUTER_BOUND ( 'NONE', #5162, .T. ) ;
#328 = EDGE_CURVE ( 'NONE', #481, #1549, #2686, .T. ) ;
#329 = DIRECTION ( 'NONE',  ( 1.000000000000000000, 2.312964634635743450E-16, -0.000000000000000000 ) ) ;
#330 = VECTOR ( 'NONE', #404, 1000.000000000000000 ) ;
#331 = CARTESIAN_POINT ( 'NONE',  ( 36.49999999999997868, 88.00000000000000000, 25.10000000000000142 ) ) ;
#332 = DIRECTION ( 'NONE',  ( 0.000000000000000000, 0.000000000000000000, 1.000000000000000000 ) ) ;
#333 = EDGE_LOOP ( 'NONE', ( #4498, #2598, #3718, #982, #238, #4724 ) ) ;
#334 = CYLINDRICAL_SURFACE ( 'NONE', #4888, 2.299999999999996270 ) ;
#335 = ORIENTED_EDGE ( 'NONE', *, *, #1617, .T. ) ;
#336 = CARTESIAN_POINT ( 'NONE',  ( 60.99999999999998579, 18.24999999999998934, 8.249999999999996447 ) ) ;
#337 = ORIENTED_EDGE ( 'NONE', *, *, #119, .T. ) ;
#338 = ORIENTED_EDGE ( 'NONE', *, *, #2377, .F. ) ;
#339 = ORIENTED_EDGE ( 'NONE', *, *, #2110, .F. ) ;
#340 = CARTESIAN_POINT ( 'NONE',  ( 58.95000000000001705, -2.499999999999974687, 6.000000000000000000 ) ) ;
#341 = VERTEX_POINT ( 'NONE', #1862 ) ;
#342 = VERTEX_POINT ( 'NONE', #3561 ) ;
#343 = CARTESIAN_POINT ( 'NONE',  ( -6.000000000000002665, 9.000000000000001776, 25.10000000000000142 ) ) ;
#344 = CARTESIAN_POINT ( 'NONE',  ( 57.99999999999998579, 87.00000000000000000, 25.10000000000000142 ) ) ;
#345 = VECTOR ( 'NONE', #1994, 1000.000000000000000 ) ;
#346 = DIRECTION ( 'NONE',  ( 0.5000000000000027756, -0.8660254037844370423, 0.000000000000000000 ) ) ;
#347 = EDGE_CURVE ( 'NONE', #1845, #136, #2712, .T. ) ;
#348 = ADVANCED_FACE ( 'NONE', ( #1461 ), #3157, .T. ) ;
#349 = VERTEX_POINT ( 'NONE', #3535 ) ;
#350 = VECTOR ( 'NONE', #1618, 1000.000000000000000 ) ;
#351 = CARTESIAN_POINT ( 'NONE',  ( 1.999999999999999556, 65.00000000000000000, 2.000000000000000000 ) ) ;
#352 = CARTESIAN_POINT ( 'NONE',  ( 1.999999999999994893, 33.50000000000000711, 7.000000000000000000 ) ) ;
#353 = DIRECTION ( 'NONE',  ( -1.000000000000000000, -2.434699615406045218E-16, 0.000000000000000000 ) ) ;
#354 = CARTESIAN_POINT ( 'NONE',  ( -4.775000000000013678, 1.440415587219199045, 0.000000000000000000 ) ) ;
#355 = CIRCLE ( 'NONE', #2824, 0.7500000000000000000 ) ;
#356 = EDGE_CURVE ( 'NONE', #2364, #775, #5154, .T. ) ;
#357 = CIRCLE ( 'NONE', #3001, 0.7500000000000000000 ) ;
#358 = VERTEX_POINT ( 'NONE', #536 ) ;
#359 = DIRECTION ( 'NONE',  ( 1.000000000000000000, 0.000000000000000000, 0.000000000000000000 ) ) ;
#360 = VECTOR ( 'NONE', #1052, 1000.000000000000000 ) ;
#361 = ORIENTED_EDGE ( 'NONE', *, *, #584, .F. ) ;
#362 = CARTESIAN_POINT ( 'NONE',  ( 58.99999999999998579, 37.99999999999999289, 8.250000000000000000 ) ) ;
#363 = VECTOR ( 'NONE', #2687, 1000.000000000000000 ) ;
#364 = CARTESIAN_POINT ( 'NONE',  ( -1.310679959626920933E-14, 84.99999999999997158, 5.000000000000000000 ) ) ;
#365 = ORIENTED_EDGE ( 'NONE', *, *, #126, .F. ) ;
#366 = ORIENTED_EDGE ( 'NONE', *, *, #2017, .F. ) ;
#367 = ORIENTED_EDGE ( 'NONE', *, *, #3702, .T. ) ;
#368 = DIRECTION ( 'NONE',  ( 0.000000000000000000, 1.000000000000000000, 0.000000000000000000 ) ) ;
#369 = FACE_OUTER_BOUND ( 'NONE', #5133, .T. ) ;
#370 = ORIENTED_EDGE ( 'NONE', *, *, #4771, .T. ) ;
#371 = ORIENTED_EDGE ( 'NONE', *, *, #3548, .F. ) ;
#372 = CYLINDRICAL_SURFACE ( 'NONE', #725, 0.7499999999999997780 ) ;
#373 = CARTESIAN_POINT ( 'NONE',  ( 1.999999999999986677, 87.99999999999998579, 25.10000000000000142 ) ) ;
#374 = PLANE ( 'NONE',  #3823 ) ;
#375 = ORIENTED_EDGE ( 'NONE', *, *, #22, .F. ) ;
#376 = CARTESIAN_POINT ( 'NONE',  ( 60.99999999999997158, 63.50000000000000000, 1.999999999999997335 ) ) ;
#377 = CARTESIAN_POINT ( 'NONE',  ( 58.99999999999998579, 63.50000000000000000, 7.000000000000000000 ) ) ;
#378 = EDGE_CURVE ( 'NONE', #2338, #1293, #4636, .T. ) ;
#379 = EDGE_CURVE ( 'NONE', #3646, #3424, #4210, .T. ) ;
#380 = DIRECTION ( 'NONE',  ( 0.000000000000000000, -1.000000000000000000, 0.000000000000000000 ) ) ;
#381 = LINE ( 'NONE', #1580, #4951 ) ;
#382 = ORIENTED_EDGE ( 'NONE', *, *, #868, .F. ) ;
#383 = CARTESIAN_POINT ( 'NONE',  ( 60.99999999999998579, 37.99999999999999289, 8.250000000000000000 ) ) ;
#384 = LINE ( 'NONE', #2020, #1126 ) ;
#385 = VECTOR ( 'NONE', #4726, 1000.000000000000000 ) ;
#386 = EDGE_CURVE ( 'NONE', #2607, #4288, #994, .T. ) ;
#387 = DIRECTION ( 'NONE',  ( -1.000000000000000000, 1.143773720424267309E-15, 0.000000000000000000 ) ) ;
#388 = CARTESIAN_POINT ( 'NONE',  ( 58.99999999999998579, 32.00000000000000000, 2.000000000000000000 ) ) ;
#389 = VECTOR ( 'NONE', #154, 1000.000000000000000 ) ;
#390 = VECTOR ( 'NONE', #5224, 1000.000000000000000 ) ;
#391 = ORIENTED_EDGE ( 'NONE', *, *, #4154, .F. ) ;
#392 = ORIENTED_EDGE ( 'NONE', *, *, #4240, .F. ) ;
#393 = ORIENTED_EDGE ( 'NONE', *, *, #1041, .F. ) ;
#394 = VECTOR ( 'NONE', #3785, 1000.000000000000000 ) ;
#395 = LINE ( 'NONE', #3272, #4175 ) ;
#396 = EDGE_CURVE ( 'NONE', #1750, #2617, #3787, .T. ) ;
#397 = DIRECTION ( 'NONE',  ( -0.000000000000000000, -0.000000000000000000, 1.000000000000000000 ) ) ;
#398 = AXIS2_PLACEMENT_3D ( 'NONE', #3363, #804, #2433 ) ;
#399 = ORIENTED_EDGE ( 'NONE', *, *, #4457, .F. ) ;
#400 = ORIENTED_EDGE ( 'NONE', *, *, #3416, .F. ) ;
#401 = CARTESIAN_POINT ( 'NONE',  ( 68.24999999999998579, 3.000000000000000000, -15.55634918610404327 ) ) ;
#402 = DIRECTION ( 'NONE',  ( -1.000000000000000000, -1.541976423090495633E-16, -0.000000000000000000 ) ) ;
#403 = VECTOR ( 'NONE', #589, 1000.000000000000000 ) ;
#404 = DIRECTION ( 'NONE',  ( -1.301042606982604335E-16, 1.000000000000000000, 0.000000000000000000 ) ) ;
#405 = VECTOR ( 'NONE', #4641, 1000.000000000000000 ) ;
#406 = EDGE_LOOP ( 'NONE', ( #1412, #744, #1018, #3832 ) ) ;
#407 = DIRECTION ( 'NONE',  ( -2.312964634635743450E-16, 1.000000000000000000, 0.000000000000000000 ) ) ;
#408 = CARTESIAN_POINT ( 'NONE',  ( -4.775000000000031442, 96.44041558721917795, 6.000000000000000000 ) ) ;
#409 = CYLINDRICAL_SURFACE ( 'NONE', #2292, 0.7499999999999997780 ) ;
#410 = DIRECTION ( 'NONE',  ( -1.000000000000000000, 0.000000000000000000, -0.000000000000000000 ) ) ;
#411 = ADVANCED_FACE ( 'NONE', ( #2557 ), #5089, .F. ) ;
#412 = CARTESIAN_POINT ( 'NONE',  ( -4.799999999999998046, 92.50000000000000000, 25.10000000000000142 ) ) ;
#413 = EDGE_LOOP ( 'NONE', ( #761, #5164, #233, #2528 ) ) ;
#414 = FACE_OUTER_BOUND ( 'NONE', #5122, .T. ) ;
#415 = CARTESIAN_POINT ( 'NONE',  ( -7.250000000000018652, -7.250000000000000000, 25.10000000000000142 ) ) ;
#416 = CARTESIAN_POINT ( 'NONE',  ( -6.000000000000002665, 3.000000000000000000, 40.65634918610404469 ) ) ;
#417 = PLANE ( 'NONE',  #957 ) ;
#418 = ADVANCED_FACE ( 'NONE', ( #1790 ), #4180, .T. ) ;
#419 = ORIENTED_EDGE ( 'NONE', *, *, #4161, .T. ) ;
#420 = EDGE_CURVE ( 'NONE', #4760, #1186, #134, .T. ) ;
#421 = ORIENTED_EDGE ( 'NONE', *, *, #4414, .T. ) ;
#422 = ORIENTED_EDGE ( 'NONE', *, *, #119, .F. ) ;
#423 = CARTESIAN_POINT ( 'NONE',  ( 18.50000000000000355, 2.000000000000000444, 7.000000000000000000 ) ) ;
#424 = DIRECTION ( 'NONE',  ( 0.000000000000000000, 0.000000000000000000, 1.000000000000000000 ) ) ;
#425 = EDGE_CURVE ( 'NONE', #1897, #4205, #1022, .T. ) ;
#426 = ORIENTED_EDGE ( 'NONE', *, *, #1113, .T. ) ;
#427 = ORIENTED_EDGE ( 'NONE', *, *, #808, .F. ) ;
#428 = LINE ( 'NONE', #3628, #3969 ) ;
#429 = LINE ( 'NONE', #23, #4567 ) ;
#430 = CARTESIAN_POINT ( 'NONE',  ( 61.00000000000000000, 0.000000000000000000, 30.10000000000000142 ) ) ;
#431 = ORIENTED_EDGE ( 'NONE', *, *, #4837, .F. ) ;
#432 = DIRECTION ( 'NONE',  ( -0.5000000000000043299, 0.8660254037844361541, 0.000000000000000000 ) ) ;
#433 = DIRECTION ( 'NONE',  ( 0.000000000000000000, 1.000000000000000000, -0.000000000000000000 ) ) ;
#434 = LINE ( 'NONE', #463, #4952 ) ;
#435 = FACE_BOUND ( 'NONE', #2798, .T. ) ;
#436 = FACE_OUTER_BOUND ( 'NONE', #2344, .T. ) ;
#437 = ORIENTED_EDGE ( 'NONE', *, *, #2255, .T. ) ;
#438 = CARTESIAN_POINT ( 'NONE',  ( 58.99999999999999289, 2.000000000000000000, 2.000000000000000000 ) ) ;
#439 = PLANE ( 'NONE',  #2065 ) ;
#440 = VECTOR ( 'NONE', #1668, 1000.000000000000000 ) ;
#441 = LINE ( 'NONE', #2492, #345 ) ;
#442 = FACE_OUTER_BOUND ( 'NONE', #3522, .T. ) ;
#443 = ORIENTED_EDGE ( 'NONE', *, *, #1265, .F. ) ;
#444 = VERTEX_POINT ( 'NONE', #2646 ) ;
#445 = VECTOR ( 'NONE', #2236, 1000.000000000000000 ) ;
#446 = VECTOR ( 'NONE', #116, 1000.000000000000000 ) ;
#447 = CARTESIAN_POINT ( 'NONE',  ( 1.999999999999999556, 63.50000000000000000, 2.000000000000000000 ) ) ;
#448 = EDGE_CURVE ( 'NONE', #3489, #4945, #591, .T. ) ;
#449 = CARTESIAN_POINT ( 'NONE',  ( 60.87305627518713180, 97.04999999999998295, 0.000000000000000000 ) ) ;
#450 = ADVANCED_FACE ( 'NONE', ( #4265 ), #1820, .F. ) ;
#451 = CIRCLE ( 'NONE', #3256, 0.7500000000000006661 ) ;
#452 = ORIENTED_EDGE ( 'NONE', *, *, #300, .T. ) ;
#453 = ORIENTED_EDGE ( 'NONE', *, *, #551, .F. ) ;
#454 = CARTESIAN_POINT ( 'NONE',  ( 2.999999999999982236, -7.250000000000000000, 25.10000000000000142 ) ) ;
#455 = LINE ( 'NONE', #2056, #2361 ) ;
#456 = AXIS2_PLACEMENT_3D ( 'NONE', #179, #2981, #4600 ) ;
#457 = ADVANCED_FACE ( 'NONE', ( #4981 ), #2621, .F. ) ;
#458 = DIRECTION ( 'NONE',  ( -0.000000000000000000, -0.000000000000000000, -1.000000000000000000 ) ) ;
#459 = ORIENTED_EDGE ( 'NONE', *, *, #3559, .F. ) ;
#460 = DIRECTION ( 'NONE',  ( 1.000000000000000000, 6.100126508929426435E-15, 0.000000000000000000 ) ) ;
#461 = DIRECTION ( 'NONE',  ( 1.000000000000000000, 0.000000000000000000, 0.000000000000000000 ) ) ;
#462 = EDGE_CURVE ( 'NONE', #504, #3119, #4239, .T. ) ;
#463 = CARTESIAN_POINT ( 'NONE',  ( 2.250000000000000000, 97.99999999999998579, -15.55634918610404327 ) ) ;
#464 = LINE ( 'NONE', #2040, #3258 ) ;
#465 = CARTESIAN_POINT ( 'NONE',  ( -8.000000000000017764, -7.250000000000000000, 25.10000000000000142 ) ) ;
#466 = ORIENTED_EDGE ( 'NONE', *, *, #3802, .T. ) ;
#467 = LINE ( 'NONE', #3345, #2347 ) ;
#468 = DIRECTION ( 'NONE',  ( 1.000000000000000000, 0.000000000000000000, 0.000000000000000000 ) ) ;
#469 = SURFACE_STYLE_USAGE ( .BOTH. , #875 ) ;
#470 = VECTOR ( 'NONE', #4151, 1000.000000000000000 ) ;
#471 = LINE ( 'NONE', #4143, #704 ) ;
#472 = ORIENTED_EDGE ( 'NONE', *, *, #717, .T. ) ;
#473 = AXIS2_PLACEMENT_3D ( 'NONE', #2096, #865, #4592 ) ;
#474 = ORIENTED_EDGE ( 'NONE', *, *, #1194, .T. ) ;
#475 = DIRECTION ( 'NONE',  ( 1.541976423090495633E-16, -1.000000000000000000, 1.445602896647339508E-15 ) ) ;
#476 = LINE ( 'NONE', #4519, #180 ) ;
#477 = CIRCLE ( 'NONE', #4805, 5.999999999999998224 ) ;
#478 = ORIENTED_EDGE ( 'NONE', *, *, #2599, .T. ) ;
#479 = ADVANCED_FACE ( 'NONE', ( #3442 ), #4580, .F. ) ;
#480 = EDGE_CURVE ( 'NONE', #2877, #2303, #451, .T. ) ;
#481 = VERTEX_POINT ( 'NONE', #3818 ) ;
#482 = CARTESIAN_POINT ( 'NONE',  ( -8.000000000000015987, 2.250000000000000444, 0.7500000000000000000 ) ) ;
#483 = DIRECTION ( 'NONE',  ( 1.000000000000000000, 0.000000000000000000, 0.000000000000000000 ) ) ;
#484 = ORIENTED_EDGE ( 'NONE', *, *, #2534, .F. ) ;
#485 = EDGE_CURVE ( 'NONE', #3171, #5188, #934, .T. ) ;
#486 = ADVANCED_FACE ( 'NONE', ( #1850 ), #5032, .F. ) ;
#487 = DIRECTION ( 'NONE',  ( 1.000000000000000000, -6.481384415737504099E-15, 0.000000000000000000 ) ) ;
#488 = VECTOR ( 'NONE', #108, 1000.000000000000000 ) ;
#489 = CARTESIAN_POINT ( 'NONE',  ( -8.000000000000017764, -7.250000000000000000, 0.7500000000000000000 ) ) ;
#490 = CARTESIAN_POINT ( 'NONE',  ( 61.22499999999997300, -6.440415587219182392, 0.000000000000000000 ) ) ;
#491 = PLANE ( 'NONE',  #1480 ) ;
#492 = EDGE_CURVE ( 'NONE', #317, #960, #5082, .T. ) ;
#493 = CARTESIAN_POINT ( 'NONE',  ( -9.974659986866640793E-15, 63.50000000000000000, 2.000000000000002665 ) ) ;
#494 = ORIENTED_EDGE ( 'NONE', *, *, #3251, .F. ) ;
#495 = DIRECTION ( 'NONE',  ( -1.000000000000000000, 0.000000000000000000, 0.000000000000000000 ) ) ;
#496 = CARTESIAN_POINT ( 'NONE',  ( 2.999999991999983795, 1.999999999999999556, 32.11556443806691874 ) ) ;
#497 = LINE ( 'NONE', #922, #1132 ) ;
#498 = CARTESIAN_POINT ( 'NONE',  ( 3.000000000000000444, 95.99999999999998579, 0.000000000000000000 ) ) ;
#499 = VECTOR ( 'NONE', #458, 1000.000000000000000 ) ;
#500 = EDGE_LOOP ( 'NONE', ( #3452, #5266, #321, #4181 ) ) ;
#501 = ORIENTED_EDGE ( 'NONE', *, *, #2182, .F. ) ;
#502 = LINE ( 'NONE', #4544, #2406 ) ;
#503 = DIRECTION ( 'NONE',  ( -0.4999999999999973355, -0.8660254037844401509, 0.000000000000000000 ) ) ;
#504 = VERTEX_POINT ( 'NONE', #1328 ) ;
#505 = VERTEX_POINT ( 'NONE', #2926 ) ;
#506 = DIRECTION ( 'NONE',  ( 0.000000000000000000, 0.000000000000000000, -1.000000000000000000 ) ) ;
#507 = LINE ( 'NONE', #1229, #572 ) ;
#508 = VERTEX_POINT ( 'NONE', #2523 ) ;
#509 = DIRECTION ( 'NONE',  ( -1.000000000000000000, -2.434699615406045218E-16, 0.000000000000000000 ) ) ;
#510 = DIRECTION ( 'NONE',  ( -5.731934358295342090E-32, 2.478176394252579662E-16, -1.000000000000000000 ) ) ;
#511 = DIRECTION ( 'NONE',  ( 1.000000000000000000, 2.312964634635743450E-16, -0.000000000000000000 ) ) ;
#512 = EDGE_CURVE ( 'NONE', #951, #2532, #502, .T. ) ;
#513 = CARTESIAN_POINT ( 'NONE',  ( 68.05000000000001137, -2.500000000000022649, 6.000000000000000000 ) ) ;
#514 = EDGE_CURVE ( 'NONE', #1822, #1277, #3834, .T. ) ;
#515 = ORIENTED_EDGE ( 'NONE', *, *, #3447, .F. ) ;
#516 = LINE ( 'NONE', #2542, #4363 ) ;
#517 = VERTEX_POINT ( 'NONE', #2951 ) ;
#518 = DIRECTION ( 'NONE',  ( -0.000000000000000000, -0.000000000000000000, 1.000000000000000000 ) ) ;
#519 = DIRECTION ( 'NONE',  ( 0.000000000000000000, 0.000000000000000000, -1.000000000000000000 ) ) ;
#520 = PLANE ( 'NONE',  #3175 ) ;
#521 = PLANE ( 'NONE',  #5123 ) ;
#522 = EDGE_CURVE ( 'NONE', #3241, #291, #3007, .T. ) ;
#523 = VECTOR ( 'NONE', #5189, 1000.000000000000000 ) ;
#524 = ORIENTED_EDGE ( 'NONE', *, *, #3490, .T. ) ;
#525 = ORIENTED_EDGE ( 'NONE', *, *, #3160, .F. ) ;
#526 = LINE ( 'NONE', #124, #4314 ) ;
#527 = VECTOR ( 'NONE', #3720, 1000.000000000000000 ) ;
#528 = VECTOR ( 'NONE', #3083, 1000.000000000000000 ) ;
#529 = VERTEX_POINT ( 'NONE', #1014 ) ;
#530 = VECTOR ( 'NONE', #4307, 1000.000000000000000 ) ;
#531 = ORIENTED_EDGE ( 'NONE', *, *, #2739, .F. ) ;
#532 = DIRECTION ( 'NONE',  ( -1.000000000000000000, 0.000000000000000000, 0.000000000000000000 ) ) ;
#533 = CARTESIAN_POINT ( 'NONE',  ( 56.99999999999997868, 32.00000000000000711, 7.000000000000000000 ) ) ;
#534 = VECTOR ( 'NONE', #4627, 1000.000000000000000 ) ;
#535 = VECTOR ( 'NONE', #4668, 1000.000000000000000 ) ;
#536 = CARTESIAN_POINT ( 'NONE',  ( -9.974659986866640793E-15, 65.00000000000000000, 5.000000000000001776 ) ) ;
#537 = ORIENTED_EDGE ( 'NONE', *, *, #188, .T. ) ;
#538 = LINE ( 'NONE', #1765, #5158 ) ;
#539 = CYLINDRICAL_SURFACE ( 'NONE', #3634, 2.299999999999998046 ) ;
#540 = DIRECTION ( 'NONE',  ( -0.000000000000000000, -0.000000000000000000, 1.000000000000000000 ) ) ;
#541 = FACE_OUTER_BOUND ( 'NONE', #3131, .T. ) ;
#542 = EDGE_LOOP ( 'NONE', ( #2803, #472, #3492, #819, #942, #2036 ) ) ;
#543 = CARTESIAN_POINT ( 'NONE',  ( 66.12694372481276162, 87.94999999999997442, 6.000000000000000000 ) ) ;
#544 = ORIENTED_EDGE ( 'NONE', *, *, #2745, .F. ) ;
#545 = EDGE_CURVE ( 'NONE', #636, #4277, #900, .T. ) ;
#546 = CARTESIAN_POINT ( 'NONE',  ( 42.49999999999998579, 4.000000000000000000, 2.000000000000000000 ) ) ;
#547 = CARTESIAN_POINT ( 'NONE',  ( 2.049999999999997158, 92.50000000000001421, 6.000000000000000000 ) ) ;
#548 = CARTESIAN_POINT ( 'NONE',  ( 60.99999999999998579, 37.99999999999999289, 11.95000000000000462 ) ) ;
#549 = CARTESIAN_POINT ( 'NONE',  ( 57.99999999999998579, 87.00000000000000000, 25.10000000000000142 ) ) ;
#550 = EDGE_LOOP ( 'NONE', ( #599, #2935, #169, #4625, #1895, #2076 ) ) ;
#551 = EDGE_CURVE ( 'NONE', #1603, #25, #4572, .T. ) ;
#552 = VERTEX_POINT ( 'NONE', #5053 ) ;
#553 = VECTOR ( 'NONE', #246, 1000.000000000000000 ) ;
#554 = DIRECTION ( 'NONE',  ( 0.000000000000000000, 0.000000000000000000, -1.000000000000000000 ) ) ;
#555 = DIRECTION ( 'NONE',  ( 0.000000000000000000, 0.000000000000000000, -1.000000000000000000 ) ) ;
#556 = CARTESIAN_POINT ( 'NONE',  ( 58.99999999999999289, 2.000000000000000000, 25.10000000000000142 ) ) ;
#557 = AXIS2_PLACEMENT_3D ( 'NONE', #4002, #1110, #3955 ) ;
#558 = ORIENTED_EDGE ( 'NONE', *, *, #2138, .T. ) ;
#559 = EDGE_CURVE ( 'NONE', #4813, #4258, #926, .T. ) ;
#560 = ORIENTED_EDGE ( 'NONE', *, *, #2315, .F. ) ;
#561 = CARTESIAN_POINT ( 'NONE',  ( 68.43846711508392389, 93.04632404516651434, -3.462084738481242019E-17 ) ) ;
#562 = DIRECTION ( 'NONE',  ( 0.000000000000000000, 0.000000000000000000, 1.000000000000000000 ) ) ;
#563 = VECTOR ( 'NONE', #2597, 1000.000000000000000 ) ;
#564 = CARTESIAN_POINT ( 'NONE',  ( 63.50000000000000000, -2.500000000000001332, 0.000000000000000000 ) ) ;
#565 = VERTEX_POINT ( 'NONE', #4201 ) ;
#566 = VECTOR ( 'NONE', #723, 1000.000000000000000 ) ;
#567 = DIRECTION ( 'NONE',  ( 0.000000000000000000, 0.000000000000000000, -1.000000000000000000 ) ) ;
#568 = FACE_OUTER_BOUND ( 'NONE', #3140, .T. ) ;
#569 = DIRECTION ( 'NONE',  ( 1.000000000000000000, 0.000000000000000000, 0.000000000000000000 ) ) ;
#570 = FACE_OUTER_BOUND ( 'NONE', #4571, .T. ) ;
#571 = VERTEX_POINT ( 'NONE', #4172 ) ;
#572 = VECTOR ( 'NONE', #4448, 1000.000000000000000 ) ;
#573 = LINE ( 'NONE', #4617, #132 ) ;
#574 = EDGE_LOOP ( 'NONE', ( #3532, #1320, #1383, #4364, #995 ) ) ;
#575 = CARTESIAN_POINT ( 'NONE',  ( 58.99999999999998579, 31.49999999999999289, 11.95000000000000284 ) ) ;
#576 = LINE ( 'NONE', #1744, #781 ) ;
#577 = CARTESIAN_POINT ( 'NONE',  ( -1.492946391512539921E-14, 80.99999999999998579, 2.000000000000000000 ) ) ;
#578 = CARTESIAN_POINT ( 'NONE',  ( 2.250000000000000000, 97.24999999999998579, 25.10000000000000142 ) ) ;
#579 = ORIENTED_EDGE ( 'NONE', *, *, #4837, .T. ) ;
#580 = VERTEX_POINT ( 'NONE', #1841 ) ;
#581 = PLANE ( 'NONE',  #4777 ) ;
#582 = DIRECTION ( 'NONE',  ( 0.000000000000000000, 1.000000000000000000, 0.000000000000000000 ) ) ;
#583 = LINE ( 'NONE', #1843, #2093 ) ;
#584 = EDGE_CURVE ( 'NONE', #481, #349, #2550, .T. ) ;
#585 = EDGE_CURVE ( 'NONE', #2532, #3757, #2560, .T. ) ;
#586 = VERTEX_POINT ( 'NONE', #3379 ) ;
#587 = ORIENTED_EDGE ( 'NONE', *, *, #621, .T. ) ;
#588 = DIRECTION ( 'NONE',  ( 1.000000000000000000, 2.312964634635743450E-16, -0.000000000000000000 ) ) ;
#589 = DIRECTION ( 'NONE',  ( 1.000000000000000000, -0.000000000000000000, -0.000000000000000000 ) ) ;
#590 = EDGE_CURVE ( 'NONE', #3775, #317, #984, .T. ) ;
#591 = LINE ( 'NONE', #2674, #870 ) ;
#592 = VERTEX_POINT ( 'NONE', #1808 ) ;
#593 = DIRECTION ( 'NONE',  ( -1.000000000000000000, 0.000000000000000000, 0.000000000000000000 ) ) ;
#594 = LINE ( 'NONE', #3073, #1858 ) ;
#595 = LINE ( 'NONE', #4214, #405 ) ;
#596 = DIRECTION ( 'NONE',  ( -1.000000000000000000, 6.576698892439565719E-15, 0.000000000000000000 ) ) ;
#597 = ORIENTED_EDGE ( 'NONE', *, *, #1951, .T. ) ;
#598 = DIRECTION ( 'NONE',  ( 0.000000000000000000, 0.000000000000000000, -1.000000000000000000 ) ) ;
#599 = ORIENTED_EDGE ( 'NONE', *, *, #4583, .T. ) ;
#600 = DIRECTION ( 'NONE',  ( 1.000000000000000000, -0.000000000000000000, -0.000000000000000000 ) ) ;
#601 = DIRECTION ( 'NONE',  ( 1.000000000000000000, 1.301042606982604335E-16, -0.000000000000000000 ) ) ;
#602 = CARTESIAN_POINT ( 'NONE',  ( -7.250000000000000000, 87.00000000000000000, 0.7500000000000006661 ) ) ;
#603 = CARTESIAN_POINT ( 'NONE',  ( 68.24999999999997158, 87.75000000000000000, 40.65634918610404469 ) ) ;
#604 = ORIENTED_EDGE ( 'NONE', *, *, #4867, .T. ) ;
#605 = ORIENTED_EDGE ( 'NONE', *, *, #985, .T. ) ;
#606 = CARTESIAN_POINT ( 'NONE',  ( -1.310679959626920933E-14, 84.99999999999997158, 2.000000000000000000 ) ) ;
#607 = VECTOR ( 'NONE', #893, 1000.000000000000000 ) ;
#608 = DIRECTION ( 'NONE',  ( -1.301042606982604335E-16, 1.000000000000000000, 0.000000000000000000 ) ) ;
#609 = EDGE_LOOP ( 'NONE', ( #2003, #4190, #1411, #2008 ) ) ;
#610 = VERTEX_POINT ( 'NONE', #3435 ) ;
#611 = CARTESIAN_POINT ( 'NONE',  ( 66.99999999999998579, 9.000000000000001776, 25.10000000000000142 ) ) ;
#612 = ADVANCED_FACE ( 'NONE', ( #3865 ), #1359, .F. ) ;
#613 = EDGE_CURVE ( 'NONE', #444, #4436, #94, .T. ) ;
#614 = CARTESIAN_POINT ( 'NONE',  ( -8.000000000000000000, 97.24999999999998579, 25.10000000000000142 ) ) ;
#615 = VECTOR ( 'NONE', #34, 1000.000000000000000 ) ;
#616 = VECTOR ( 'NONE', #4774, 1000.000000000000114 ) ;
#617 = DIRECTION ( 'NONE',  ( 1.000000000000000000, 3.469446951953613400E-15, 0.000000000000000000 ) ) ;
#618 = ORIENTED_EDGE ( 'NONE', *, *, #2353, .F. ) ;
#619 = VECTOR ( 'NONE', #1752, 1000.000000000000000 ) ;
#620 = CARTESIAN_POINT ( 'NONE',  ( -6.000000000000002665, 9.000000000000001776, 40.65634918610404469 ) ) ;
#621 = EDGE_CURVE ( 'NONE', #820, #1062, #3035, .T. ) ;
#622 = CARTESIAN_POINT ( 'NONE',  ( 60.99999999999997158, 63.50000000000000000, 1.999999999999997335 ) ) ;
#623 = VECTOR ( 'NONE', #1607, 1000.000000000000000 ) ;
#624 = VECTOR ( 'NONE', #2603, 1000.000000000000000 ) ;
#625 = CARTESIAN_POINT ( 'NONE',  ( 22.15000000000000213, 88.00000000000000000, 8.500000000000000000 ) ) ;
#626 = DIRECTION ( 'NONE',  ( -0.000000000000000000, -0.000000000000000000, 1.000000000000000000 ) ) ;
#627 = VERTEX_POINT ( 'NONE', #1727 ) ;
#628 = DIRECTION ( 'NONE',  ( 0.000000000000000000, -0.000000000000000000, -1.000000000000000000 ) ) ;
#629 = ORIENTED_EDGE ( 'NONE', *, *, #4386, .T. ) ;
#630 = ADVANCED_FACE ( 'NONE', ( #206 ), #1781, .F. ) ;
#631 = LINE ( 'NONE', #1861, #5151 ) ;
#632 = FACE_OUTER_BOUND ( 'NONE', #1539, .T. ) ;
#633 = PLANE ( 'NONE',  #3940 ) ;
#634 = CARTESIAN_POINT ( 'NONE',  ( 58.99999999999997868, 49.99999999999999289, 4.999999999999995559 ) ) ;
#635 = ORIENTED_EDGE ( 'NONE', *, *, #2052, .T. ) ;
#636 = VERTEX_POINT ( 'NONE', #2611 ) ;
#637 = DIRECTION ( 'NONE',  ( -0.000000000000000000, -0.000000000000000000, -1.000000000000000000 ) ) ;
#638 = ORIENTED_EDGE ( 'NONE', *, *, #817, .F. ) ;
#639 = ORIENTED_EDGE ( 'NONE', *, *, #3710, .T. ) ;
#640 = ORIENTED_EDGE ( 'NONE', *, *, #4088, .T. ) ;
#641 = CARTESIAN_POINT ( 'NONE',  ( 68.24999999999998579, 3.000000000000000000, 0.000000000000000000 ) ) ;
#642 = CARTESIAN_POINT ( 'NONE',  ( 68.24999999999998579, 3.000000000000000000, 25.10000000000000142 ) ) ;
#643 = AXIS2_PLACEMENT_3D ( 'NONE', #2363, #4381, #4034 ) ;
#644 = ADVANCED_FACE ( 'NONE', ( #4230 ), #581, .T. ) ;
#645 = DIRECTION ( 'NONE',  ( -0.000000000000000000, -0.000000000000000000, -1.000000000000000000 ) ) ;
#646 = EDGE_CURVE ( 'NONE', #5223, #2878, #4313, .T. ) ;
#647 = ORIENTED_EDGE ( 'NONE', *, *, #3125, .F. ) ;
#648 = CARTESIAN_POINT ( 'NONE',  ( 66.12694372481277583, 97.04999999999996874, 6.000000000000000000 ) ) ;
#649 = VECTOR ( 'NONE', #3985, 1000.000000000000000 ) ;
#650 = CARTESIAN_POINT ( 'NONE',  ( 65.79999999999999716, -2.500000000000001332, 6.000000000000000000 ) ) ;
#651 = DIRECTION ( 'NONE',  ( -1.000000000000000000, 0.000000000000000000, 0.000000000000000000 ) ) ;
#652 = DIRECTION ( 'NONE',  ( 0.000000000000000000, 0.000000000000000000, -1.000000000000000000 ) ) ;
#653 = AXIS2_PLACEMENT_3D ( 'NONE', #5070, #4191, #598 ) ;
#654 = EDGE_CURVE ( 'NONE', #4960, #4982, #4864, .T. ) ;
#655 = EDGE_CURVE ( 'NONE', #505, #3481, #3807, .T. ) ;
#656 = ORIENTED_EDGE ( 'NONE', *, *, #160, .F. ) ;
#657 = CARTESIAN_POINT ( 'NONE',  ( 58.99999999999998579, 37.99999999999999289, 11.95000000000000462 ) ) ;
#658 = ORIENTED_EDGE ( 'NONE', *, *, #746, .T. ) ;
#659 = DIRECTION ( 'NONE',  ( 1.000000000000000000, 6.100126508929426435E-15, 0.000000000000000000 ) ) ;
#660 = DIRECTION ( 'NONE',  ( 0.000000000000000000, 0.000000000000000000, -1.000000000000000000 ) ) ;
#661 = DIRECTION ( 'NONE',  ( 1.000000000000000000, 0.000000000000000000, 8.896017825522089339E-17 ) ) ;
#662 = CARTESIAN_POINT ( 'NONE',  ( 56.99999999999997868, 63.50000000000000000, 7.000000000000000000 ) ) ;
#663 = VECTOR ( 'NONE', #1479, 1000.000000000000000 ) ;
#664 = EDGE_CURVE ( 'NONE', #1680, #2615, #1015, .T. ) ;
#665 = VERTEX_POINT ( 'NONE', #3407 ) ;
#666 = ORIENTED_EDGE ( 'NONE', *, *, #420, .T. ) ;
#667 = VECTOR ( 'NONE', #4718, 1000.000000000000000 ) ;
#668 = CARTESIAN_POINT ( 'NONE',  ( 4.000000000000000000, 63.50000000000000000, 7.000000000000000000 ) ) ;
#669 = DIRECTION ( 'NONE',  ( 0.000000000000000000, -1.000000000000000000, -1.239088197126291063E-16 ) ) ;
#670 = VECTOR ( 'NONE', #4003, 1000.000000000000000 ) ;
#671 = VERTEX_POINT ( 'NONE', #2582 ) ;
#672 = ORIENTED_EDGE ( 'NONE', *, *, #3948, .F. ) ;
#673 = EDGE_LOOP ( 'NONE', ( #3494, #3361, #5111, #714 ) ) ;
#674 = LINE ( 'NONE', #4344, #2562 ) ;
#675 = ORIENTED_EDGE ( 'NONE', *, *, #1165, .T. ) ;
#676 = LINE ( 'NONE', #1149, #566 ) ;
#677 = CARTESIAN_POINT ( 'NONE',  ( 58.99999999999998579, 18.24999999999999289, 11.94999999999999751 ) ) ;
#678 = DIRECTION ( 'NONE',  ( 0.000000000000000000, -1.000000000000000000, 0.000000000000000000 ) ) ;
#679 = DIRECTION ( 'NONE',  ( -1.000000000000000000, 0.000000000000000000, 0.000000000000000000 ) ) ;
#680 = EDGE_LOOP ( 'NONE', ( #4473, #3945, #67, #2818 ) ) ;
#681 = DIRECTION ( 'NONE',  ( -0.000000000000000000, 1.000000000000000000, -0.000000000000000000 ) ) ;
#682 = DIRECTION ( 'NONE',  ( -1.000000000000000000, -2.275047181608928137E-16, 0.000000000000000000 ) ) ;
#683 = CARTESIAN_POINT ( 'NONE',  ( 1.999999999999986677, 87.00000000000000000, 0.000000000000000000 ) ) ;
#684 = EDGE_CURVE ( 'NONE', #1115, #4966, #5054, .T. ) ;
#685 = EDGE_CURVE ( 'NONE', #2788, #2105, #2637, .T. ) ;
#686 = DIRECTION ( 'NONE',  ( -1.239088197126290817E-16, 0.000000000000000000, -1.000000000000000000 ) ) ;
#687 = CARTESIAN_POINT ( 'NONE',  ( 1.999999999999999556, 2.000000000000000888, 25.10000000000000142 ) ) ;
#688 = ORIENTED_EDGE ( 'NONE', *, *, #2923, .F. ) ;
#689 = ORIENTED_EDGE ( 'NONE', *, *, #4202, .F. ) ;
#690 = ADVANCED_FACE ( 'NONE', ( #2243 ), #3380, .F. ) ;
#691 = DIRECTION ( 'NONE',  ( 2.865967179147672687E-32, -1.239088197126291063E-16, 1.000000000000000000 ) ) ;
#692 = VERTEX_POINT ( 'NONE', #1385 ) ;
#693 = ORIENTED_EDGE ( 'NONE', *, *, #2434, .T. ) ;
#694 = ORIENTED_EDGE ( 'NONE', *, *, #4059, .F. ) ;
#695 = DIRECTION ( 'NONE',  ( 1.000000000000000000, 0.000000000000000000, 0.000000000000000000 ) ) ;
#696 = EDGE_CURVE ( 'NONE', #1303, #1147, #3942, .T. ) ;
#697 = ORIENTED_EDGE ( 'NONE', *, *, #4089, .T. ) ;
#698 = DIRECTION ( 'NONE',  ( -0.000000000000000000, -0.000000000000000000, -1.000000000000000000 ) ) ;
#699 = LINE ( 'NONE', #3103, #2194 ) ;
#700 = CARTESIAN_POINT ( 'NONE',  ( 4.000000000000000000, 33.50000000000000711, 7.000000000000000000 ) ) ;
#701 = CARTESIAN_POINT ( 'NONE',  ( 68.68933982822015594, 87.00000000000000000, 4.336808689942017736E-16 ) ) ;
#702 = VECTOR ( 'NONE', #2731, 1000.000000000000000 ) ;
#703 = VERTEX_POINT ( 'NONE', #2952 ) ;
#704 = VECTOR ( 'NONE', #2099, 1000.000000000000000 ) ;
#705 = DIRECTION ( 'NONE',  ( -0.000000000000000000, -0.000000000000000000, -1.000000000000000000 ) ) ;
#706 = CARTESIAN_POINT ( 'NONE',  ( -7.250000000000015987, 3.000000000000000000, 25.10000000000000142 ) ) ;
#707 = CARTESIAN_POINT ( 'NONE',  ( 60.99999999999999289, 8.749999999999996447, 8.249999999999994671 ) ) ;
#708 = VECTOR ( 'NONE', #645, 1000.000000000000000 ) ;
#709 = DIRECTION ( 'NONE',  ( -1.000000000000000000, 0.000000000000000000, 1.239088197126290817E-16 ) ) ;
#710 = DIRECTION ( 'NONE',  ( -0.000000000000000000, -1.000000000000000000, -0.000000000000000000 ) ) ;
#711 = EDGE_CURVE ( 'NONE', #765, #4274, #152, .T. ) ;
#712 = EDGE_CURVE ( 'NONE', #1303, #1070, #4231, .T. ) ;
#713 = ORIENTED_EDGE ( 'NONE', *, *, #4195, .F. ) ;
#714 = ORIENTED_EDGE ( 'NONE', *, *, #1950, .T. ) ;
#715 = CARTESIAN_POINT ( 'NONE',  ( 66.12694372481277583, 97.04999999999996874, 0.000000000000000000 ) ) ;
#716 = ORIENTED_EDGE ( 'NONE', *, *, #2761, .T. ) ;
#717 = EDGE_CURVE ( 'NONE', #1277, #1472, #3597, .T. ) ;
#718 = ORIENTED_EDGE ( 'NONE', *, *, #3645, .T. ) ;
#719 = ORIENTED_EDGE ( 'NONE', *, *, #711, .F. ) ;
#720 = DIRECTION ( 'NONE',  ( 1.000000000000000000, -0.000000000000000000, 0.000000000000000000 ) ) ;
#721 = EDGE_CURVE ( 'NONE', #4329, #505, #4573, .T. ) ;
#722 = VERTEX_POINT ( 'NONE', #3436 ) ;
#723 = DIRECTION ( 'NONE',  ( -1.000000000000000000, -0.000000000000000000, -0.000000000000000000 ) ) ;
#724 = LINE ( 'NONE', #1907, #4990 ) ;
#725 = AXIS2_PLACEMENT_3D ( 'NONE', #2502, #5246, #1599 ) ;
#726 = LINE ( 'NONE', #249, #4825 ) ;
#727 = ORIENTED_EDGE ( 'NONE', *, *, #4613, .F. ) ;
#728 = VECTOR ( 'NONE', #2483, 1000.000000000000000 ) ;
#729 =( BOUNDED_CURVE ( )  B_SPLINE_CURVE ( 3, ( #4586, #3395, #2227, #1346 ),
 .UNSPECIFIED., .F., .F. ) 
 B_SPLINE_CURVE_WITH_KNOTS ( ( 4, 4 ),
 ( 1.570796326794896780, 3.141592653589793116 ),
 .UNSPECIFIED. ) 
 CURVE ( )  GEOMETRIC_REPRESENTATION_ITEM ( )  RATIONAL_B_SPLINE_CURVE ( ( 1.000000000000000000, 0.8047378541243650485, 0.8047378541243650485, 1.000000000000000000 ) ) 
 REPRESENTATION_ITEM ( '' )  );
#730 = CARTESIAN_POINT ( 'NONE',  ( 1.999999999999986677, 87.99999999999998579, 8.599999999999999645 ) ) ;
#731 = LINE ( 'NONE', #5253, #1078 ) ;
#732 = DIRECTION ( 'NONE',  ( -1.000000000000000000, 0.000000000000000000, 1.208866533781748882E-16 ) ) ;
#733 = CARTESIAN_POINT ( 'NONE',  ( 61.00521059585909001, 8.749999999999982236, 25.10000000000000142 ) ) ;
#734 = VECTOR ( 'NONE', #5092, 1000.000000000000000 ) ;
#735 = LINE ( 'NONE', #3488, #3515 ) ;
#736 = EDGE_LOOP ( 'NONE', ( #4322, #3892, #2042, #2814, #930, #5134, #4312, #3601, #44, #1565, #4410, #4, #1168, #3924 ) ) ;
#737 = CIRCLE ( 'NONE', #5074, 0.7500000000000000000 ) ;
#738 = LINE ( 'NONE', #3469, #1324 ) ;
#739 = ORIENTED_EDGE ( 'NONE', *, *, #4066, .T. ) ;
#740 = CARTESIAN_POINT ( 'NONE',  ( -1.527864045000428161, 84.99999999999997158, 5.000000000000000888 ) ) ;
#741 = ORIENTED_EDGE ( 'NONE', *, *, #4905, .F. ) ;
#742 = ORIENTED_EDGE ( 'NONE', *, *, #4326, .T. ) ;
#743 = VECTOR ( 'NONE', #3791, 1000.000000000000000 ) ;
#744 = ORIENTED_EDGE ( 'NONE', *, *, #1988, .F. ) ;
#745 = CARTESIAN_POINT ( 'NONE',  ( 58.99999999999998579, 45.00000000000000000, 8.250000000000001776 ) ) ;
#746 = EDGE_CURVE ( 'NONE', #2610, #1982, #207, .T. ) ;
#747 = EDGE_CURVE ( 'NONE', #2232, #3757, #3779, .T. ) ;
#748 = ORIENTED_EDGE ( 'NONE', *, *, #1534, .F. ) ;
#749 = VERTEX_POINT ( 'NONE', #1741 ) ;
#750 = CARTESIAN_POINT ( 'NONE',  ( 43.99999999999998579, 4.000000000000000000, 7.000000000000000000 ) ) ;
#751 = DIRECTION ( 'NONE',  ( -0.000000000000000000, -0.000000000000000000, -1.000000000000000000 ) ) ;
#752 = EDGE_CURVE ( 'NONE', #113, #2128, #516, .T. ) ;
#753 = CARTESIAN_POINT ( 'NONE',  ( 42.49999999999998579, 2.000000000000000000, 7.000000000000000000 ) ) ;
#754 = VERTEX_POINT ( 'NONE', #2068 ) ;
#755 = CARTESIAN_POINT ( 'NONE',  ( -7.050000000000002487, 92.49999999999997158, 6.000000000000000000 ) ) ;
#756 = LINE ( 'NONE', #377, #1497 ) ;
#757 = DIRECTION ( 'NONE',  ( 1.000000000000000000, -0.000000000000000000, -0.000000000000000000 ) ) ;
#758 = CARTESIAN_POINT ( 'NONE',  ( 68.24999999999997158, 97.24999999999997158, 0.7500000000000000000 ) ) ;
#759 = ORIENTED_EDGE ( 'NONE', *, *, #3912, .F. ) ;
#760 = CARTESIAN_POINT ( 'NONE',  ( 9.000000000000001776, 90.00000000000000000, 8.500000000000000000 ) ) ;
#761 = ORIENTED_EDGE ( 'NONE', *, *, #4615, .F. ) ;
#762 = CARTESIAN_POINT ( 'NONE',  ( -4.770489558936219510E-15, 32.00000000000000000, 2.000000000000006661 ) ) ;
#763 = ORIENTED_EDGE ( 'NONE', *, *, #868, .T. ) ;
#764 = VERTEX_POINT ( 'NONE', #412 ) ;
#765 = VERTEX_POINT ( 'NONE', #4163 ) ;
#766 = DIRECTION ( 'NONE',  ( 0.000000000000000000, -1.445602896647339508E-15, -1.000000000000000000 ) ) ;
#767 = ORIENTED_EDGE ( 'NONE', *, *, #3260, .F. ) ;
#768 = EDGE_CURVE ( 'NONE', #1494, #4380, #1302, .T. ) ;
#769 = EDGE_CURVE ( 'NONE', #5245, #1326, #4056, .T. ) ;
#770 = ORIENTED_EDGE ( 'NONE', *, *, #5167, .T. ) ;
#771 = CARTESIAN_POINT ( 'NONE',  ( 22.15000000000000213, 88.00000000000000000, 25.10000000000000497 ) ) ;
#772 = LINE ( 'NONE', #4324, #3638 ) ;
#773 = VECTOR ( 'NONE', #2496, 1000.000000000000000 ) ;
#774 = DIRECTION ( 'NONE',  ( 0.000000000000000000, 0.000000000000000000, -1.000000000000000000 ) ) ;
#775 = VERTEX_POINT ( 'NONE', #465 ) ;
#776 = EDGE_CURVE ( 'NONE', #703, #3507, #3, .T. ) ;
#777 = DIRECTION ( 'NONE',  ( 1.000000000000000000, 1.512840240677448454E-16, -0.000000000000000000 ) ) ;
#778 = LINE ( 'NONE', #4402, #2427 ) ;
#779 = LINE ( 'NONE', #1267, #2152 ) ;
#780 = DIRECTION ( 'NONE',  ( -0.5000000000000049960, -0.8660254037844357100, 0.000000000000000000 ) ) ;
#781 = VECTOR ( 'NONE', #3401, 1000.000000000000000 ) ;
#782 = VECTOR ( 'NONE', #923, 1000.000000000000114 ) ;
#783 = EDGE_CURVE ( 'NONE', #4206, #3275, #4907, .T. ) ;
#784 = ORIENTED_EDGE ( 'NONE', *, *, #3250, .F. ) ;
#785 = DIRECTION ( 'NONE',  ( 0.000000000000000000, 0.000000000000000000, 1.000000000000000000 ) ) ;
#786 = VECTOR ( 'NONE', #4147, 1000.000000000000000 ) ;
#787 = DIRECTION ( 'NONE',  ( -1.838995606619757339E-32, 1.192622389734055124E-16, 1.000000000000000000 ) ) ;
#788 = CARTESIAN_POINT ( 'NONE',  ( 68.24999999999997158, 97.99999999999997158, 25.10000000000000142 ) ) ;
#789 = AXIS2_PLACEMENT_3D ( 'NONE', #4215, #3340, #1373 ) ;
#790 = DIRECTION ( 'NONE',  ( 0.000000000000000000, 0.000000000000000000, 1.000000000000000000 ) ) ;
#791 = ORIENTED_EDGE ( 'NONE', *, *, #2404, .F. ) ;
#792 = EDGE_LOOP ( 'NONE', ( #4671, #400, #4844, #3199 ) ) ;
#793 = VERTEX_POINT ( 'NONE', #1713 ) ;
#794 = DIRECTION ( 'NONE',  ( 1.000000000000000000, 0.000000000000000000, 0.000000000000000000 ) ) ;
#795 = DIRECTION ( 'NONE',  ( 0.000000000000000000, 1.000000000000000000, 1.826024711554535146E-16 ) ) ;
#796 = ORIENTED_EDGE ( 'NONE', *, *, #4451, .T. ) ;
#797 = ORIENTED_EDGE ( 'NONE', *, *, #4357, .T. ) ;
#798 = DIRECTION ( 'NONE',  ( -1.000000000000000000, 0.000000000000000000, -0.000000000000000000 ) ) ;
#799 = DIRECTION ( 'NONE',  ( -0.000000000000000000, -0.000000000000000000, 1.000000000000000000 ) ) ;
#800 = ADVANCED_FACE ( 'NONE', ( #4110 ), #1270, .F. ) ;
#801 = FACE_OUTER_BOUND ( 'NONE', #2902, .T. ) ;
#802 = ORIENTED_EDGE ( 'NONE', *, *, #512, .F. ) ;
#803 = PLANE ( 'NONE',  #5236 ) ;
#804 = DIRECTION ( 'NONE',  ( 0.000000000000000000, -1.000000000000000000, 0.000000000000000000 ) ) ;
#805 = DIRECTION ( 'NONE',  ( 1.000000000000000000, 0.000000000000000000, 0.000000000000000000 ) ) ;
#806 = EDGE_CURVE ( 'NONE', #1277, #1860, #837, .T. ) ;
#807 = CARTESIAN_POINT ( 'NONE',  ( 63.49999999999997158, 92.49999999999998579, 25.10000000000000142 ) ) ;
#808 = EDGE_CURVE ( 'NONE', #1569, #864, #4850, .T. ) ;
#809 = VECTOR ( 'NONE', #1156, 1000.000000000000000 ) ;
#810 = LINE ( 'NONE', #4880, #5212 ) ;
#811 = VERTEX_POINT ( 'NONE', #2837 ) ;
#812 = DIRECTION ( 'NONE',  ( 0.000000000000000000, 0.000000000000000000, 1.000000000000000000 ) ) ;
#813 = DIRECTION ( 'NONE',  ( 1.000000000000000000, 0.000000000000000000, 0.000000000000000000 ) ) ;
#814 = VECTOR ( 'NONE', #1458, 1000.000000000000000 ) ;
#815 = CARTESIAN_POINT ( 'NONE',  ( -1.527864045000374427, 5.000000000000055955, 2.000000000000001776 ) ) ;
#816 = DIRECTION ( 'NONE',  ( 2.312964634635743450E-16, -1.000000000000000000, 0.000000000000000000 ) ) ;
#817 = EDGE_CURVE ( 'NONE', #4543, #909, #1637, .T. ) ;
#818 = AXIS2_PLACEMENT_3D ( 'NONE', #1500, #3126, #3201 ) ;
#819 = ORIENTED_EDGE ( 'NONE', *, *, #2965, .F. ) ;
#820 = VERTEX_POINT ( 'NONE', #493 ) ;
#821 = ORIENTED_EDGE ( 'NONE', *, *, #3187, .F. ) ;
#822 = CARTESIAN_POINT ( 'NONE',  ( 56.99999999999997868, 65.00000000000000000, 2.000000000000000000 ) ) ;
#823 = LINE ( 'NONE', #1281, #350 ) ;
#824 = VECTOR ( 'NONE', #3554, 1000.000000000000000 ) ;
#825 = VERTEX_POINT ( 'NONE', #4458 ) ;
#826 = ORIENTED_EDGE ( 'NONE', *, *, #3577, .T. ) ;
#827 = DIRECTION ( 'NONE',  ( 0.000000000000000000, 1.000000000000000000, 0.000000000000000000 ) ) ;
#828 = DIRECTION ( 'NONE',  ( 0.000000000000000000, 0.000000000000000000, -1.000000000000000000 ) ) ;
#829 = CARTESIAN_POINT ( 'NONE',  ( 66.12694372481276162, 87.94999999999997442, 6.000000000000000000 ) ) ;
#830 = CIRCLE ( 'NONE', #4517, 0.7499999999999997780 ) ;
#831 = ORIENTED_EDGE ( 'NONE', *, *, #4748, .F. ) ;
#832 = CARTESIAN_POINT ( 'NONE',  ( 2.049999999999997158, 92.50000000000001421, 6.000000000000000000 ) ) ;
#833 = CARTESIAN_POINT ( 'NONE',  ( -9.974659986866640793E-15, 63.50000000000000000, 2.000000000000002665 ) ) ;
#834 = CIRCLE ( 'NONE', #3817, 2.299999999999998046 ) ;
#835 = FACE_OUTER_BOUND ( 'NONE', #2666, .T. ) ;
#836 = PLANE ( 'NONE',  #1305 ) ;
#837 = LINE ( 'NONE', #3263, #4104 ) ;
#838 = VERTEX_POINT ( 'NONE', #3316 ) ;
#839 = EDGE_CURVE ( 'NONE', #4563, #2321, #810, .T. ) ;
#840 = ADVANCED_FACE ( 'NONE', ( #4136 ), #4508, .T. ) ;
#841 = CARTESIAN_POINT ( 'NONE',  ( 40.39999999999997726, 90.00000000000000000, 8.500000000000001776 ) ) ;
#842 = CARTESIAN_POINT ( 'NONE',  ( 2.999999999999982236, -8.000000000000000000, 40.65634918610404469 ) ) ;
#843 = CARTESIAN_POINT ( 'NONE',  ( 1.999999999999999556, 65.00000000000000000, 7.000000000000000000 ) ) ;
#844 = LINE ( 'NONE', #4463, #3939 ) ;
#845 = ORIENTED_EDGE ( 'NONE', *, *, #1800, .F. ) ;
#846 = EDGE_CURVE ( 'NONE', #3271, #4655, #2864, .T. ) ;
#847 = ORIENTED_EDGE ( 'NONE', *, *, #1417, .T. ) ;
#848 = LINE ( 'NONE', #4469, #4264 ) ;
#849 = LINE ( 'NONE', #1307, #5181 ) ;
#850 = ORIENTED_EDGE ( 'NONE', *, *, #2993, .F. ) ;
#851 = ADVANCED_FACE ( 'NONE', ( #436 ), #918, .F. ) ;
#852 = EDGE_LOOP ( 'NONE', ( #1797, #2111, #265, #2943 ) ) ;
#853 = DIRECTION ( 'NONE',  ( -0.000000000000000000, 0.000000000000000000, -1.000000000000000000 ) ) ;
#854 = DIRECTION ( 'NONE',  ( -0.4999999999999987232, 0.8660254037844392627, 0.000000000000000000 ) ) ;
#855 = LINE ( 'NONE', #3657, #1778 ) ;
#856 = ORIENTED_EDGE ( 'NONE', *, *, #2609, .F. ) ;
#857 = DIRECTION ( 'NONE',  ( -2.312964634635743450E-16, 1.000000000000000000, 0.000000000000000000 ) ) ;
#858 = CARTESIAN_POINT ( 'NONE',  ( 40.39999999999997726, 90.00000000000000000, 25.10000000000000853 ) ) ;
#859 = VECTOR ( 'NONE', #3222, 1000.000000000000000 ) ;
#860 = DIRECTION ( 'NONE',  ( 1.000000000000000000, 0.000000000000000000, 0.000000000000000000 ) ) ;
#861 = CARTESIAN_POINT ( 'NONE',  ( 66.99999999999998579, 9.000000000000001776, -15.55634918610404327 ) ) ;
#862 = VECTOR ( 'NONE', #1253, 1000.000000000000000 ) ;
#863 = CARTESIAN_POINT ( 'NONE',  ( 57.99999999999999289, 2.000000000000000000, -15.55634918610404327 ) ) ;
#864 = VERTEX_POINT ( 'NONE', #2488 ) ;
#865 = DIRECTION ( 'NONE',  ( -0.8660254037844372643, -0.5000000000000024425, 0.000000000000000000 ) ) ;
#866 = CARTESIAN_POINT ( 'NONE',  ( -4.775000000000026112, -6.440415587219193938, 6.000000000000000000 ) ) ;
#867 = PLANE ( 'NONE',  #2151 ) ;
#868 = EDGE_CURVE ( 'NONE', #1303, #552, #1818, .T. ) ;
#869 = EDGE_CURVE ( 'NONE', #2240, #4217, #4536, .T. ) ;
#870 = VECTOR ( 'NONE', #185, 1000.000000000000000 ) ;
#871 = ORIENTED_EDGE ( 'NONE', *, *, #4741, .F. ) ;
#872 = ORIENTED_EDGE ( 'NONE', *, *, #3848, .T. ) ;
#873 = AXIS2_PLACEMENT_3D ( 'NONE', #2493, #816, #2468 ) ;
#874 = VECTOR ( 'NONE', #2734, 1000.000000000000000 ) ;
#875 = SURFACE_SIDE_STYLE ('',( #4861 ) ) ;
#876 = AXIS2_PLACEMENT_3D ( 'NONE', #2119, #82, #3290 ) ;
#877 = ADVANCED_FACE ( 'NONE', ( #4959 ), #2970, .F. ) ;
#878 = EDGE_CURVE ( 'NONE', #205, #3269, #2628, .T. ) ;
#879 = ORIENTED_EDGE ( 'NONE', *, *, #2294, .F. ) ;
#880 = VERTEX_POINT ( 'NONE', #5097 ) ;
#881 = FACE_OUTER_BOUND ( 'NONE', #3838, .T. ) ;
#882 = CARTESIAN_POINT ( 'NONE',  ( -9.974659986866640793E-15, 63.50000000000000000, 5.000000000000001776 ) ) ;
#883 = EDGE_CURVE ( 'NONE', #1583, #1964, #573, .T. ) ;
#884 = ORIENTED_EDGE ( 'NONE', *, *, #1441, .F. ) ;
#885 = CARTESIAN_POINT ( 'NONE',  ( 68.24999999999997158, 0.000000000000000000, 0.7500000000000000000 ) ) ;
#886 = CARTESIAN_POINT ( 'NONE',  ( 60.99999999999997868, 49.99999999999999289, 4.999999999999995559 ) ) ;
#887 = DIRECTION ( 'NONE',  ( 0.000000000000000000, 0.000000000000000000, -1.000000000000000000 ) ) ;
#888 = LINE ( 'NONE', #3315, #284 ) ;
#889 = CARTESIAN_POINT ( 'NONE',  ( 1.999999999999999556, 32.00000000000000000, 7.000000000000000000 ) ) ;
#890 = ORIENTED_EDGE ( 'NONE', *, *, #3609, .T. ) ;
#891 = LINE ( 'NONE', #2973, #4383 ) ;
#892 = CARTESIAN_POINT ( 'NONE',  ( 36.49999999999998579, 88.00000000000000000, 8.499999999999998224 ) ) ;
#893 = DIRECTION ( 'NONE',  ( 1.000000000000000000, -6.576698892439565719E-15, 0.000000000000000000 ) ) ;
#894 = AXIS2_PLACEMENT_3D ( 'NONE', #4297, #1975, #3950 ) ;
#895 = LINE ( 'NONE', #2445, #3338 ) ;
#896 = ORIENTED_EDGE ( 'NONE', *, *, #1300, .T. ) ;
#897 = VECTOR ( 'NONE', #280, 1000.000000000000000 ) ;
#898 =( BOUNDED_CURVE ( )  B_SPLINE_CURVE ( 3, ( #2913, #2485, #2437, #4134 ),
 .UNSPECIFIED., .F., .F. ) 
 B_SPLINE_CURVE_WITH_KNOTS ( ( 4, 4 ),
 ( 3.141592653589793116, 4.712388980384689674 ),
 .UNSPECIFIED. ) 
 CURVE ( )  GEOMETRIC_REPRESENTATION_ITEM ( )  RATIONAL_B_SPLINE_CURVE ( ( 1.000000000000000000, 0.8047378541243649375, 0.8047378541243649375, 1.000000000000000000 ) ) 
 REPRESENTATION_ITEM ( '' )  );
#899 = EDGE_LOOP ( 'NONE', ( #4452, #558 ) ) ;
#900 = LINE ( 'NONE', #2212, #1054 ) ;
#901 = CARTESIAN_POINT ( 'NONE',  ( 56.99999999999997868, 32.00000000000000711, 2.000000000000000000 ) ) ;
#902 = AXIS2_PLACEMENT_3D ( 'NONE', #3633, #26, #2113 ) ;
#903 = ORIENTED_EDGE ( 'NONE', *, *, #5262, .T. ) ;
#904 = ORIENTED_EDGE ( 'NONE', *, *, #1104, .T. ) ;
#905 = LINE ( 'NONE', #183, #3714 ) ;
#906 = ADVANCED_FACE ( 'NONE', ( #225 ), #4697, .F. ) ;
#907 = EDGE_CURVE ( 'NONE', #3121, #1697, #477, .T. ) ;
#908 = DIRECTION ( 'NONE',  ( 1.000000000000000000, -3.469446951953611033E-15, -0.000000000000000000 ) ) ;
#909 = VERTEX_POINT ( 'NONE', #5044 ) ;
#910 = FACE_OUTER_BOUND ( 'NONE', #3768, .T. ) ;
#911 = AXIS2_PLACEMENT_3D ( 'NONE', #3678, #828, #4949 ) ;
#912 = EDGE_CURVE ( 'NONE', #270, #2683, #4555, .T. ) ;
#913 = LINE ( 'NONE', #833, #1238 ) ;
#914 = LINE ( 'NONE', #2537, #3902 ) ;
#915 = LINE ( 'NONE', #3739, #535 ) ;
#916 = VECTOR ( 'NONE', #1289, 1000.000000000000000 ) ;
#917 = ORIENTED_EDGE ( 'NONE', *, *, #5269, .F. ) ;
#918 = PLANE ( 'NONE',  #876 ) ;
#919 = ORIENTED_EDGE ( 'NONE', *, *, #2083, .F. ) ;
#920 = PLANE ( 'NONE',  #2853 ) ;
#921 = CARTESIAN_POINT ( 'NONE',  ( 43.99999999999998579, 4.000000000000000000, 7.000000000000000000 ) ) ;
#922 = CARTESIAN_POINT ( 'NONE',  ( 58.99999999999997158, 84.99999999999998579, 2.000000000000000000 ) ) ;
#923 = DIRECTION ( 'NONE',  ( 0.4999999999999973355, 0.8660254037844401509, 0.000000000000000000 ) ) ;
#924 = ORIENTED_EDGE ( 'NONE', *, *, #1990, .T. ) ;
#925 = ORIENTED_EDGE ( 'NONE', *, *, #4426, .F. ) ;
#926 = LINE ( 'NONE', #2129, #3683 ) ;
#927 = DIRECTION ( 'NONE',  ( 0.000000000000000000, 0.000000000000000000, -1.000000000000000000 ) ) ;
#928 = CARTESIAN_POINT ( 'NONE',  ( 58.99999999999999289, 88.00000000000000000, 25.10000000000000142 ) ) ;
#929 = ORIENTED_EDGE ( 'NONE', *, *, #4482, .T. ) ;
#930 = ORIENTED_EDGE ( 'NONE', *, *, #3027, .F. ) ;
#931 = CARTESIAN_POINT ( 'NONE',  ( -1.387778780781446859E-15, 9.000000000000007105, 2.000000000000009770 ) ) ;
#932 = CARTESIAN_POINT ( 'NONE',  ( 1.999999999999986677, 87.00000000000000000, 25.10000000000000142 ) ) ;
#933 = ADVANCED_FACE ( 'NONE', ( #2682 ), #1376, .F. ) ;
#934 = LINE ( 'NONE', #1423, #3432 ) ;
#935 = EDGE_CURVE ( 'NONE', #5223, #4176, #4247, .T. ) ;
#936 = ORIENTED_EDGE ( 'NONE', *, *, #685, .F. ) ;
#937 = CARTESIAN_POINT ( 'NONE',  ( 0.000000000000000000, 0.000000000000000000, 25.10000000000000142 ) ) ;
#938 = CARTESIAN_POINT ( 'NONE',  ( -4.774999999999975486, 88.55958441278079363, 6.000000000000000000 ) ) ;
#939 = CARTESIAN_POINT ( 'NONE',  ( 58.99999999999998579, 18.24999999999999289, 11.94999999999999751 ) ) ;
#940 = CARTESIAN_POINT ( 'NONE',  ( 61.22500000000005826, 1.440415587219211258, 6.000000000000000000 ) ) ;
#941 = EDGE_CURVE ( 'NONE', #2154, #3684, #973, .T. ) ;
#942 = ORIENTED_EDGE ( 'NONE', *, *, #3776, .F. ) ;
#943 = CARTESIAN_POINT ( 'NONE',  ( 2.999999999999982236, -6.000000000000000888, 0.000000000000000000 ) ) ;
#944 = ORIENTED_EDGE ( 'NONE', *, *, #1890, .F. ) ;
#945 = PLANE ( 'NONE',  #473 ) ;
#946 = DIRECTION ( 'NONE',  ( -1.000000000000000000, 0.000000000000000000, 0.000000000000000000 ) ) ;
#947 = CARTESIAN_POINT ( 'NONE',  ( 51.99999999999998579, 90.00000000000000000, 2.000000000000000000 ) ) ;
#948 = CARTESIAN_POINT ( 'NONE',  ( -9.974659986866640793E-15, 63.50000000000000000, 5.000000000000001776 ) ) ;
#949 = VECTOR ( 'NONE', #4092, 1000.000000000000000 ) ;
#950 = EDGE_CURVE ( 'NONE', #2238, #1115, #4645, .T. ) ;
#951 = VERTEX_POINT ( 'NONE', #943 ) ;
#952 = VERTEX_POINT ( 'NONE', #1404 ) ;
#953 = DIRECTION ( 'NONE',  ( -0.000000000000000000, -0.000000000000000000, 1.000000000000000000 ) ) ;
#954 = DIRECTION ( 'NONE',  ( -0.5000000000000027756, 0.8660254037844370423, 0.000000000000000000 ) ) ;
#955 = CARTESIAN_POINT ( 'NONE',  ( 42.49999999999998579, 2.000000000000000000, 2.000000000000000000 ) ) ;
#956 = AXIS2_PLACEMENT_3D ( 'NONE', #4250, #601, #1834 ) ;
#957 = AXIS2_PLACEMENT_3D ( 'NONE', #5261, #3348, #3723 ) ;
#958 = EDGE_LOOP ( 'NONE', ( #9, #3545, #5086, #1045, #4646, #4721, #2708, #5022, #4733, #903, #1092, #2495, #2264, #3966, #5137, #76, #4393, #4624, #3675, #4499, #4776, #3369, #3512, #1916, #847, #4759, #3168, #5045, #3626, #2773, #4705, #821, #587, #917, #5071, #4941, #3065, #4531, #2261 ) ) ;
#959 = AXIS2_PLACEMENT_3D ( 'NONE', #1803, #3773, #4141 ) ;
#960 = VERTEX_POINT ( 'NONE', #2995 ) ;
#961 = DIRECTION ( 'NONE',  ( -1.000000000000000000, 0.000000000000000000, 0.000000000000000000 ) ) ;
#962 = DIRECTION ( 'NONE',  ( 1.000000000000000000, 0.000000000000000000, 0.000000000000000000 ) ) ;
#963 = AXIS2_PLACEMENT_3D ( 'NONE', #1728, #1782, #954 ) ;
#964 = VECTOR ( 'NONE', #4309, 1000.000000000000000 ) ;
#965 = APPLICATION_PROTOCOL_DEFINITION ( 'draft international standard', 'automotive_design', 1998, #3031 ) ;
#966 = CARTESIAN_POINT ( 'NONE',  ( 56.99999999999997868, 88.00000000000000000, 8.500000000000000000 ) ) ;
#967 = ORIENTED_EDGE ( 'NONE', *, *, #2677, .F. ) ;
#968 = DIRECTION ( 'NONE',  ( -1.000000000000000000, -1.541976423090495633E-16, 0.000000000000000000 ) ) ;
#969 = CARTESIAN_POINT ( 'NONE',  ( 57.99999999999999289, 2.000000000000000000, 25.10000000000000142 ) ) ;
#970 = CARTESIAN_POINT ( 'NONE',  ( 41.99999999999999289, 2.000000000000000000, 12.00000000000000178 ) ) ;
#971 = DIRECTION ( 'NONE',  ( 1.000000000000000000, 0.000000000000000000, 0.000000000000000000 ) ) ;
#972 = VERTEX_POINT ( 'NONE', #3368 ) ;
#973 = LINE ( 'NONE', #1859, #4216 ) ;
#974 = EDGE_LOOP ( 'NONE', ( #1459, #2048, #3391, #2423, #2053, #285, #4695, #3915, #1757, #2845, #121, #2629, #1327, #2249, #1780, #4310, #5091, #392, #4105, #5062, #4858, #716, #2635, #3011, #5015, #4317, #4045, #70, #312, #1174, #276, #2578, #2481, #2407, #3676 ) ) ;
#975 = LINE ( 'NONE', #2630, #2179 ) ;
#976 = FACE_OUTER_BOUND ( 'NONE', #4591, .T. ) ;
#977 = ADVANCED_FACE ( 'NONE', ( #1003 ), #4590, .F. ) ;
#978 = EDGE_CURVE ( 'NONE', #4478, #5223, #3854, .T. ) ;
#979 = CARTESIAN_POINT ( 'NONE',  ( 1.226922603918143145E-13, 97.25000000000005684, 0.000000000000000000 ) ) ;
#980 = CARTESIAN_POINT ( 'NONE',  ( 58.99999999999998579, 65.00000000000000000, 7.000000000000000000 ) ) ;
#981 = ORIENTED_EDGE ( 'NONE', *, *, #135, .T. ) ;
#982 = ORIENTED_EDGE ( 'NONE', *, *, #5239, .F. ) ;
#983 = VECTOR ( 'NONE', #1101, 1000.000000000000000 ) ;
#984 = LINE ( 'NONE', #3750, #2153 ) ;
#985 = EDGE_CURVE ( 'NONE', #3405, #4655, #1432, .T. ) ;
#986 = CARTESIAN_POINT ( 'NONE',  ( 2.049999999999982947, -2.500000000000003997, 6.000000000000000000 ) ) ;
#987 = VECTOR ( 'NONE', #4699, 1000.000000000000000 ) ;
#988 = ORIENTED_EDGE ( 'NONE', *, *, #485, .T. ) ;
#989 = ORIENTED_EDGE ( 'NONE', *, *, #49, .F. ) ;
#990 = DIRECTION ( 'NONE',  ( -1.000000000000000000, 0.000000000000000000, 0.000000000000000000 ) ) ;
#991 = LINE ( 'NONE', #3412, #2709 ) ;
#992 = VECTOR ( 'NONE', #3309, 1000.000000000000000 ) ;
#993 = VECTOR ( 'NONE', #1042, 1000.000000000000000 ) ;
#994 = LINE ( 'NONE', #1366, #104 ) ;
#995 = ORIENTED_EDGE ( 'NONE', *, *, #3281, .F. ) ;
#996 = AXIS2_PLACEMENT_3D ( 'NONE', #2257, #3392, #1736 ) ;
#997 = CARTESIAN_POINT ( 'NONE',  ( 67.00000000000000000, 3.000000000000000000, 0.000000000000000000 ) ) ;
#998 = LINE ( 'NONE', #2225, #1090 ) ;
#999 = DIRECTION ( 'NONE',  ( -0.000000000000000000, 0.000000000000000000, 1.000000000000000000 ) ) ;
#1000 = DIRECTION ( 'NONE',  ( 1.000000000000000000, 0.000000000000000000, 0.000000000000000000 ) ) ;
#1001 = ORIENTED_EDGE ( 'NONE', *, *, #3230, .F. ) ;
#1002 = VECTOR ( 'NONE', #4610, 1000.000000000000000 ) ;
#1003 = FACE_OUTER_BOUND ( 'NONE', #163, .T. ) ;
#1004 = ORIENTED_EDGE ( 'NONE', *, *, #1300, .F. ) ;
#1005 = CARTESIAN_POINT ( 'NONE',  ( -1.310679959626920933E-14, 84.99999999999997158, 2.000000000000000000 ) ) ;
#1006 = DIRECTION ( 'NONE',  ( 1.982541115402065356E-16, -1.000000000000000000, -1.239088197126290817E-16 ) ) ;
#1007 = DIRECTION ( 'NONE',  ( 0.000000000000000000, 0.000000000000000000, -1.000000000000000000 ) ) ;
#1008 = DIRECTION ( 'NONE',  ( -0.000000000000000000, -0.000000000000000000, -1.000000000000000000 ) ) ;
#1009 = EDGE_CURVE ( 'NONE', #3907, #2338, #4670, .T. ) ;
#1010 = EDGE_CURVE ( 'NONE', #113, #1942, #170, .T. ) ;
#1011 = VECTOR ( 'NONE', #678, 1000.000000000000000 ) ;
#1012 = ORIENTED_EDGE ( 'NONE', *, *, #2609, .T. ) ;
#1013 = ORIENTED_EDGE ( 'NONE', *, *, #4623, .F. ) ;
#1014 = CARTESIAN_POINT ( 'NONE',  ( 60.99999999999998579, 45.00000000000000000, 8.250000000000001776 ) ) ;
#1015 = LINE ( 'NONE', #3037, #619 ) ;
#1016 = DIRECTION ( 'NONE',  ( -0.000000000000000000, 0.000000000000000000, 1.000000000000000000 ) ) ;
#1017 = EDGE_CURVE ( 'NONE', #3996, #627, #1971, .T. ) ;
#1018 = ORIENTED_EDGE ( 'NONE', *, *, #2677, .T. ) ;
#1019 = EDGE_LOOP ( 'NONE', ( #2754, #361, #2549, #5051, #3618, #1382, #5241, #2333, #4021, #3833, #2971, #1197, #3409, #3270, #2540, #2413 ) ) ;
#1020 = CARTESIAN_POINT ( 'NONE',  ( 58.99999999999998579, 37.99999999999999289, 11.95000000000000462 ) ) ;
#1021 = DIRECTION ( 'NONE',  ( -1.000000000000000000, 0.000000000000000000, 0.000000000000000000 ) ) ;
#1022 = LINE ( 'NONE', #5008, #360 ) ;
#1024 = EDGE_CURVE ( 'NONE', #1613, #291, #3908, .T. ) ;
#1023 = AXIS2_PLACEMENT_3D ( 'NONE', #3354, #4970, #424 ) ;
#1025 = VERTEX_POINT ( 'NONE', #3206 ) ;
#1026 = CARTESIAN_POINT ( 'NONE',  ( -7.250000000000018652, -7.250000000000000000, 0.7500000000000000000 ) ) ;
#1027 = CARTESIAN_POINT ( 'NONE',  ( -7.050000000000002487, 92.49999999999997158, 6.000000000000000000 ) ) ;
#1028 = DIRECTION ( 'NONE',  ( -1.000000000000000000, 0.000000000000000000, -0.000000000000000000 ) ) ;
#1029 = CARTESIAN_POINT ( 'NONE',  ( 57.99999999999999289, -6.000000000000000000, 0.000000000000000000 ) ) ;
#1030 = ORIENTED_EDGE ( 'NONE', *, *, #2256, .F. ) ;
#1031 = CARTESIAN_POINT ( 'NONE',  ( -4.775000000000026112, -6.440415587219193938, 6.000000000000000000 ) ) ;
#1032 = ORIENTED_EDGE ( 'NONE', *, *, #3125, .T. ) ;
#1033 = DIRECTION ( 'NONE',  ( -0.000000000000000000, -0.000000000000000000, 1.000000000000000000 ) ) ;
#1034 = CARTESIAN_POINT ( 'NONE',  ( 58.99999999999998579, 33.50000000000000000, 7.000000000000000000 ) ) ;
#1035 = CARTESIAN_POINT ( 'NONE',  ( -4.800000000000017586, -2.500000000000000000, 6.000000000000000000 ) ) ;
#1036 = CARTESIAN_POINT ( 'NONE',  ( 3.000000000000000000, 97.99999999999998579, 0.7500000000000006661 ) ) ;
#1037 = ORIENTED_EDGE ( 'NONE', *, *, #2405, .F. ) ;
#1038 = ORIENTED_EDGE ( 'NONE', *, *, #4842, .F. ) ;
#1039 = DIRECTION ( 'NONE',  ( 0.000000000000000000, 1.000000000000000000, 0.000000000000000000 ) ) ;
#1040 = VECTOR ( 'NONE', #2868, 1000.000000000000000 ) ;
#1041 = EDGE_CURVE ( 'NONE', #4090, #3754, #4001, .T. ) ;
#1042 = DIRECTION ( 'NONE',  ( -0.000000000000000000, -0.000000000000000000, 1.000000000000000000 ) ) ;
#1043 = ADVANCED_FACE ( 'NONE', ( #5175 ), #3978, .F. ) ;
#1044 = ORIENTED_EDGE ( 'NONE', *, *, #1837, .T. ) ;
#1045 = ORIENTED_EDGE ( 'NONE', *, *, #2871, .F. ) ;
#1046 = DIRECTION ( 'NONE',  ( 0.000000000000000000, 1.000000000000000000, -0.000000000000000000 ) ) ;
#1047 = CARTESIAN_POINT ( 'NONE',  ( -0.2250000000000125233, 1.440415587219193938, 0.000000000000000000 ) ) ;
#1048 = EDGE_CURVE ( 'NONE', #4288, #4095, #4425, .T. ) ;
#1049 = EDGE_CURVE ( 'NONE', #4329, #1784, #4821, .T. ) ;
#1050 = AXIS2_PLACEMENT_3D ( 'NONE', #4539, #4433, #468 ) ;
#1051 = VECTOR ( 'NONE', #1695, 1000.000000000000000 ) ;
#1052 = DIRECTION ( 'NONE',  ( -1.000000000000000000, -0.000000000000000000, -0.000000000000000000 ) ) ;
#1053 = ORIENTED_EDGE ( 'NONE', *, *, #2018, .T. ) ;
#1054 = VECTOR ( 'NONE', #3778, 1000.000000000000000 ) ;
#1055 = DIRECTION ( 'NONE',  ( -1.577021341797097560E-16, -1.000000000000000000, -0.000000000000000000 ) ) ;
#1056 = DIRECTION ( 'NONE',  ( 0.000000000000000000, -1.000000000000000000, 0.000000000000000000 ) ) ;
#1057 = ADVANCED_FACE ( 'NONE', ( #327 ), #1507, .F. ) ;
#1058 = LINE ( 'NONE', #4836, #2237 ) ;
#1059 = CARTESIAN_POINT ( 'NONE',  ( 4.250000000000000000, 88.00000000000000000, 25.10000000000000142 ) ) ;
#1060 = ORIENTED_EDGE ( 'NONE', *, *, #3464, .F. ) ;
#1061 = DIRECTION ( 'NONE',  ( -1.000000000000000000, 0.000000000000000000, 0.000000000000000000 ) ) ;
#1062 = VERTEX_POINT ( 'NONE', #4330 ) ;
#1063 = CARTESIAN_POINT ( 'NONE',  ( -8.000000000000000000, 87.00000000000000000, 25.10000000000000142 ) ) ;
#1064 = CARTESIAN_POINT ( 'NONE',  ( 36.49999999999998579, 90.00000000000000000, 8.499999999999998224 ) ) ;
#1065 = LINE ( 'NONE', #354, #4185 ) ;
#1066 = EDGE_LOOP ( 'NONE', ( #1691, #2977, #2162, #4919 ) ) ;
#1067 = ORIENTED_EDGE ( 'NONE', *, *, #1715, .F. ) ;
#1068 = LINE ( 'NONE', #235, #389 ) ;
#1069 = ORIENTED_EDGE ( 'NONE', *, *, #559, .T. ) ;
#1070 = VERTEX_POINT ( 'NONE', #3506 ) ;
#1071 = ORIENTED_EDGE ( 'NONE', *, *, #4154, .T. ) ;
#1072 = LINE ( 'NONE', #3189, #2936 ) ;
#1073 = DIRECTION ( 'NONE',  ( -0.000000000000000000, -0.000000000000000000, -1.000000000000000000 ) ) ;
#1074 = ORIENTED_EDGE ( 'NONE', *, *, #1724, .F. ) ;
#1075 = EDGE_CURVE ( 'NONE', #270, #580, #1155, .T. ) ;
#1076 = ADVANCED_FACE ( 'NONE', ( #2755 ), #1529, .T. ) ;
#1077 = LINE ( 'NONE', #4370, #3287 ) ;
#1078 = VECTOR ( 'NONE', #682, 1000.000000000000000 ) ;
#1079 = DIRECTION ( 'NONE',  ( 1.000000000000000000, -0.000000000000000000, -0.000000000000000000 ) ) ;
#1080 = LINE ( 'NONE', #1428, #1172 ) ;
#1081 = DIRECTION ( 'NONE',  ( -0.000000000000000000, 0.000000000000000000, 1.000000000000000000 ) ) ;
#1082 = ORIENTED_EDGE ( 'NONE', *, *, #4358, .F. ) ;
#1083 = ADVANCED_FACE ( 'NONE', ( #3930 ), #4750, .T. ) ;
#1084 = AXIS2_PLACEMENT_3D ( 'NONE', #4204, #1444, #2613 ) ;
#1085 = CARTESIAN_POINT ( 'NONE',  ( -1.310679959626920933E-14, 84.99999999999997158, 2.000000000000000000 ) ) ;
#1086 = VECTOR ( 'NONE', #2722, 1000.000000000000000 ) ;
#1087 = CARTESIAN_POINT ( 'NONE',  ( 22.15000000000000213, 88.00000000000000000, 25.10000000000000497 ) ) ;
#1088 = CARTESIAN_POINT ( 'NONE',  ( 1.999999999999999556, 2.000000000000000888, 2.000000000000000000 ) ) ;
#1089 = LINE ( 'NONE', #2336, #2825 ) ;
#1090 = VECTOR ( 'NONE', #5065, 1000.000000000000000 ) ;
#1091 = EDGE_CURVE ( 'NONE', #2918, #4575, #3580, .T. ) ;
#1092 = ORIENTED_EDGE ( 'NONE', *, *, #1788, .T. ) ;
#1093 = ORIENTED_EDGE ( 'NONE', *, *, #3289, .T. ) ;
#1094 = VECTOR ( 'NONE', #2165, 1000.000000000000000 ) ;
#1095 = LINE ( 'NONE', #2789, #5204 ) ;
#1096 = ORIENTED_EDGE ( 'NONE', *, *, #883, .T. ) ;
#1097 = EDGE_LOOP ( 'NONE', ( #2955, #466, #2558, #1032, #3060, #4664, #2211, #3864, #4252, #2368, #453, #4389, #4561, #3010 ) ) ;
#1098 = ORIENTED_EDGE ( 'NONE', *, *, #4103, .T. ) ;
#1099 = CARTESIAN_POINT ( 'NONE',  ( 68.24999999999997158, 97.24999999999997158, 25.10000000000000142 ) ) ;
#1100 = ORIENTED_EDGE ( 'NONE', *, *, #1049, .F. ) ;
#1101 = DIRECTION ( 'NONE',  ( 1.000000000000000000, 0.000000000000000000, 0.000000000000000000 ) ) ;
#1102 = DIRECTION ( 'NONE',  ( 0.000000000000000000, 0.000000000000000000, -1.000000000000000000 ) ) ;
#1103 = PLANE ( 'NONE',  #5250 ) ;
#1104 = EDGE_CURVE ( 'NONE', #2303, #2908, #1576, .T. ) ;
#1105 = CARTESIAN_POINT ( 'NONE',  ( 43.99999999999998579, 4.000000000000000000, 2.000000000000000000 ) ) ;
#1106 = EDGE_CURVE ( 'NONE', #1025, #181, #4311, .T. ) ;
#1107 = EDGE_LOOP ( 'NONE', ( #1955, #1363, #3196 ) ) ;
#1108 =( BOUNDED_CURVE ( )  B_SPLINE_CURVE ( 3, ( #482, #4073, #5272, #4500 ),
 .UNSPECIFIED., .F., .F. ) 
 B_SPLINE_CURVE_WITH_KNOTS ( ( 4, 4 ),
 ( 4.712388980384689674, 6.283185307179586232 ),
 .UNSPECIFIED. ) 
 CURVE ( )  GEOMETRIC_REPRESENTATION_ITEM ( )  RATIONAL_B_SPLINE_CURVE ( ( 1.000000000000000000, 0.8047378541243649375, 0.8047378541243649375, 1.000000000000000000 ) ) 
 REPRESENTATION_ITEM ( '' )  );
#1109 = CARTESIAN_POINT ( 'NONE',  ( 58.99999999999998579, 24.49999999999998934, 8.250000000000000000 ) ) ;
#1110 = DIRECTION ( 'NONE',  ( 1.000000000000000000, 0.000000000000000000, 0.000000000000000000 ) ) ;
#1111 = DIRECTION ( 'NONE',  ( -1.000000000000000000, 0.000000000000000000, 0.000000000000000000 ) ) ;
#1112 = LINE ( 'NONE', #4355, #4528 ) ;
#1113 = EDGE_CURVE ( 'NONE', #2047, #3032, #4768, .T. ) ;
#1114 = ORIENTED_EDGE ( 'NONE', *, *, #2442, .F. ) ;
#1115 = VERTEX_POINT ( 'NONE', #3954 ) ;
#1116 = CARTESIAN_POINT ( 'NONE',  ( 2.999999999999982681, 3.000000000000000000, 40.65634918610404469 ) ) ;
#1117 = DIRECTION ( 'NONE',  ( 0.8660254037844358210, -0.5000000000000049960, 0.000000000000000000 ) ) ;
#1118 = ADVANCED_FACE ( 'NONE', ( #303 ), #2409, .T. ) ;
#1119 = ORIENTED_EDGE ( 'NONE', *, *, #1931, .F. ) ;
#1120 = ORIENTED_EDGE ( 'NONE', *, *, #3026, .T. ) ;
#1121 = ORIENTED_EDGE ( 'NONE', *, *, #1756, .F. ) ;
#1122 = DIRECTION ( 'NONE',  ( 1.000000000000000000, 0.000000000000000000, 0.000000000000000000 ) ) ;
#1123 = ORIENTED_EDGE ( 'NONE', *, *, #2861, .F. ) ;
#1124 = CARTESIAN_POINT ( 'NONE',  ( 65.79999999999999716, -2.500000000000001332, 25.10000000000000142 ) ) ;
#1125 = CARTESIAN_POINT ( 'NONE',  ( -4.775000000000031442, 96.44041558721917795, 0.000000000000000000 ) ) ;
#1126 = VECTOR ( 'NONE', #3238, 1000.000000000000000 ) ;
#1127 = DIRECTION ( 'NONE',  ( 0.000000000000000000, 0.000000000000000000, 1.000000000000000000 ) ) ;
#1128 = AXIS2_PLACEMENT_3D ( 'NONE', #1395, #3014, #3472 ) ;
#1129 = ORIENTED_EDGE ( 'NONE', *, *, #1139, .T. ) ;
#1130 = CIRCLE ( 'NONE', #4100, 0.7500000000000002220 ) ;
#1131 = LINE ( 'NONE', #2356, #2608 ) ;
#1132 = VECTOR ( 'NONE', #88, 1000.000000000000000 ) ;
#1133 = DIRECTION ( 'NONE',  ( -1.045014142154702998E-16, 0.000000000000000000, -1.000000000000000000 ) ) ;
#1134 = CARTESIAN_POINT ( 'NONE',  ( 2.049999999999997158, 92.50000000000001421, 6.000000000000000000 ) ) ;
#1135 = FACE_BOUND ( 'NONE', #3421, .T. ) ;
#1136 = FACE_OUTER_BOUND ( 'NONE', #1482, .T. ) ;
#1137 = ORIENTED_EDGE ( 'NONE', *, *, #5083, .F. ) ;
#1138 = EDGE_CURVE ( 'NONE', #1968, #3894, #1131, .T. ) ;
#1139 = EDGE_CURVE ( 'NONE', #4851, #1750, #4401, .T. ) ;
#1140 = ORIENTED_EDGE ( 'NONE', *, *, #696, .T. ) ;
#1141 = CARTESIAN_POINT ( 'NONE',  ( 2.249999999999982681, -8.000000000000000000, 25.10000000000000142 ) ) ;
#1142 = ORIENTED_EDGE ( 'NONE', *, *, #1447, .F. ) ;
#1143 = ORIENTED_EDGE ( 'NONE', *, *, #2765, .F. ) ;
#1144 = EDGE_CURVE ( 'NONE', #3551, #3257, #1984, .T. ) ;
#1145 = ORIENTED_EDGE ( 'NONE', *, *, #1619, .T. ) ;
#1146 = LINE ( 'NONE', #340, #1708 ) ;
#1147 = VERTEX_POINT ( 'NONE', #1883 ) ;
#1148 = EDGE_LOOP ( 'NONE', ( #2345, #3181, #111, #1489, #3882, #3825 ) ) ;
#1149 = CARTESIAN_POINT ( 'NONE',  ( 1.999999999999986677, 87.99999999999998579, 2.000000000000000000 ) ) ;
#1150 = LINE ( 'NONE', #5171, #824 ) ;
#1151 = VECTOR ( 'NONE', #506, 1000.000000000000000 ) ;
#1152 = CARTESIAN_POINT ( 'NONE',  ( 4.000000000000000000, 32.00000000000000000, 7.000000000000000000 ) ) ;
#1153 = EDGE_LOOP ( 'NONE', ( #2184, #4810, #4438, #1873, #310, #2024, #2779, #4631, #1142, #2774, #845, #204, #4044, #1997, #338, #3497, #3753, #4387 ) ) ;
#1154 = VECTOR ( 'NONE', #1033, 1000.000000000000000 ) ;
#1155 = LINE ( 'NONE', #5124, #1158 ) ;
#1156 = DIRECTION ( 'NONE',  ( -0.000000000000000000, -0.000000000000000000, -1.000000000000000000 ) ) ;
#1157 = DIRECTION ( 'NONE',  ( 0.000000000000000000, 0.000000000000000000, -1.000000000000000000 ) ) ;
#1158 = VECTOR ( 'NONE', #1483, 1000.000000000000000 ) ;
#1159 = CARTESIAN_POINT ( 'NONE',  ( 58.99999999999998579, 37.99999999999999289, 11.95000000000000462 ) ) ;
#1160 = ORIENTED_EDGE ( 'NONE', *, *, #3187, .T. ) ;
#1161 = CARTESIAN_POINT ( 'NONE',  ( 58.74999999999998579, 97.24999999999998579, 25.10000000000000142 ) ) ;
#1162 = ORIENTED_EDGE ( 'NONE', *, *, #2118, .T. ) ;
#1163 = AXIS2_PLACEMENT_3D ( 'NONE', #2251, #2193, #4292 ) ;
#1164 = DIRECTION ( 'NONE',  ( -1.541976423090495633E-16, 1.000000000000000000, -1.192622389734055124E-16 ) ) ;
#1165 = EDGE_CURVE ( 'NONE', #4285, #4966, #2937, .T. ) ;
#1166 = EDGE_CURVE ( 'NONE', #4945, #4090, #1628, .T. ) ;
#1167 = ORIENTED_EDGE ( 'NONE', *, *, #3976, .T. ) ;
#1168 = ORIENTED_EDGE ( 'NONE', *, *, #3160, .T. ) ;
#1169 = AXIS2_PLACEMENT_3D ( 'NONE', #677, #3575, #3951 ) ;
#1170 = VERTEX_POINT ( 'NONE', #376 ) ;
#1171 = DIRECTION ( 'NONE',  ( 1.000000000000000000, 0.000000000000000000, 0.000000000000000000 ) ) ;
#1172 = VECTOR ( 'NONE', #2705, 1000.000000000000000 ) ;
#1173 = EDGE_CURVE ( 'NONE', #205, #2328, #2832, .T. ) ;
#1174 = ORIENTED_EDGE ( 'NONE', *, *, #590, .F. ) ;
#1175 = VERTEX_POINT ( 'NONE', #1234 ) ;
#1176 = DIRECTION ( 'NONE',  ( 0.000000000000000000, 0.000000000000000000, 1.000000000000000000 ) ) ;
#1177 = CARTESIAN_POINT ( 'NONE',  ( 65.79999999999999716, -2.500000000000001332, 0.000000000000000000 ) ) ;
#1178 = DIRECTION ( 'NONE',  ( 1.000000000000000000, -1.521687259628778569E-17, 0.000000000000000000 ) ) ;
#1179 = ADVANCED_FACE ( 'NONE', ( #4875 ), #2535, .T. ) ;
#1180 = AXIS2_PLACEMENT_3D ( 'NONE', #1881, #2352, #3952 ) ;
#1181 = ORIENTED_EDGE ( 'NONE', *, *, #4093, .T. ) ;
#1182 = DIRECTION ( 'NONE',  ( 1.261617073437678443E-15, 1.000000000000000000, 0.000000000000000000 ) ) ;
#1183 = CARTESIAN_POINT ( 'NONE',  ( 68.99999999999998579, -7.250000000000000000, 25.10000000000000142 ) ) ;
#1184 = CARTESIAN_POINT ( 'NONE',  ( 68.75388744962556586, 92.50000000000000000, 6.000000000000000000 ) ) ;
#1185 = DIRECTION ( 'NONE',  ( 0.000000000000000000, 1.000000000000000000, 0.000000000000000000 ) ) ;
#1186 = VERTEX_POINT ( 'NONE', #832 ) ;
#1187 = CARTESIAN_POINT ( 'NONE',  ( 58.99999999999998579, 24.49999999999998934, 8.250000000000000000 ) ) ;
#1188 = DIRECTION ( 'NONE',  ( -0.000000000000000000, -0.000000000000000000, -1.000000000000000000 ) ) ;
#1189 = DIRECTION ( 'NONE',  ( 0.000000000000000000, -0.000000000000000000, -1.000000000000000000 ) ) ;
#1190 = DIRECTION ( 'NONE',  ( 0.000000000000000000, 0.000000000000000000, 1.000000000000000000 ) ) ;
#1191 = ORIENTED_EDGE ( 'NONE', *, *, #4629, .F. ) ;
#1192 = VERTEX_POINT ( 'NONE', #4556 ) ;
#1193 = EDGE_LOOP ( 'NONE', ( #100, #4388, #3247, #478 ) ) ;
#1194 = EDGE_CURVE ( 'NONE', #2908, #1535, #3310, .T. ) ;
#1195 = CARTESIAN_POINT ( 'NONE',  ( 68.24999999999998579, 3.000000000000000000, 0.7500000000000006661 ) ) ;
#1196 = DIRECTION ( 'NONE',  ( -1.000000000000000000, -0.000000000000000000, -0.000000000000000000 ) ) ;
#1197 = ORIENTED_EDGE ( 'NONE', *, *, #1689, .T. ) ;
#1198 = ORIENTED_EDGE ( 'NONE', *, *, #462, .F. ) ;
#1199 = LINE ( 'NONE', #4870, #3449 ) ;
#1200 = ADVANCED_FACE ( 'NONE', ( #910 ), #4900, .T. ) ;
#1201 = ADVANCED_FACE ( 'NONE', ( #3259 ), #3685, .F. ) ;
#1202 = LINE ( 'NONE', #2823, #1254 ) ;
#1203 = CIRCLE ( 'NONE', #2137, 0.7500000000000006661 ) ;
#1204 = CARTESIAN_POINT ( 'NONE',  ( 1.999999999999999556, 33.50000000000000000, 2.000000000000000000 ) ) ;
#1205 = ORIENTED_EDGE ( 'NONE', *, *, #2182, .T. ) ;
#1206 = ADVANCED_FACE ( 'NONE', ( #2061 ), #3284, .F. ) ;
#1207 = CARTESIAN_POINT ( 'NONE',  ( 58.99999999999998579, 24.49999999999998934, 11.94999999999999929 ) ) ;
#1208 = DIRECTION ( 'NONE',  ( -1.000000000000000000, 0.000000000000000000, 0.000000000000000000 ) ) ;
#1209 = DIRECTION ( 'NONE',  ( 1.512840240677448454E-16, -1.000000000000000000, 0.000000000000000000 ) ) ;
#1210 = AXIS2_PLACEMENT_3D ( 'NONE', #4674, #5047, #3025 ) ;
#1211 = CIRCLE ( 'NONE', #1977, 2.299999999999996270 ) ;
#1212 = VECTOR ( 'NONE', #4512, 1000.000000000000000 ) ;
#1213 = CARTESIAN_POINT ( 'NONE',  ( 60.99999999999999289, 0.000000000000000000, 2.000000000000000000 ) ) ;
#1214 = ORIENTED_EDGE ( 'NONE', *, *, #2541, .F. ) ;
#1215 = DIRECTION ( 'NONE',  ( -5.731934358295343185E-32, 2.478176394252580648E-16, -1.000000000000000000 ) ) ;
#1216 = VECTOR ( 'NONE', #3806, 1000.000000000000000 ) ;
#1217 = CARTESIAN_POINT ( 'NONE',  ( 8.999999999999978684, 0.000000000000000000, 30.10000000000000142 ) ) ;
#1218 = DIRECTION ( 'NONE',  ( 0.000000000000000000, -1.000000000000000000, 0.000000000000000000 ) ) ;
#1219 = AXIS2_PLACEMENT_3D ( 'NONE', #2565, #1000, #2626 ) ;
#1220 = DIRECTION ( 'NONE',  ( 1.000000000000000000, -3.469446951953611033E-15, -0.000000000000000000 ) ) ;
#1221 = ORIENTED_EDGE ( 'NONE', *, *, #1828, .F. ) ;
#1222 = ORIENTED_EDGE ( 'NONE', *, *, #2891, .T. ) ;
#1223 = ORIENTED_EDGE ( 'NONE', *, *, #2564, .F. ) ;
#1224 = CARTESIAN_POINT ( 'NONE',  ( 57.99999999999999289, -8.000000000000000000, 25.10000000000000142 ) ) ;
#1225 = DIRECTION ( 'NONE',  ( -1.000000000000000000, 0.000000000000000000, 0.000000000000000000 ) ) ;
#1226 = ORIENTED_EDGE ( 'NONE', *, *, #3281, .T. ) ;
#1227 = EDGE_LOOP ( 'NONE', ( #4164, #422, #459, #2669 ) ) ;
#1228 = FACE_OUTER_BOUND ( 'NONE', #550, .T. ) ;
#1229 = CARTESIAN_POINT ( 'NONE',  ( 0.000000000000000000, 0.000000000000000000, 25.10000000000000497 ) ) ;
#1230 = DIRECTION ( 'NONE',  ( 1.000000000000000000, 2.312964634635743450E-16, -0.000000000000000000 ) ) ;
#1231 = EDGE_CURVE ( 'NONE', #2392, #2696, #4845, .T. ) ;
#1232 = ADVANCED_FACE ( 'NONE', ( #5252 ), #1604, .F. ) ;
#1233 = ORIENTED_EDGE ( 'NONE', *, *, #50, .F. ) ;
#1234 = CARTESIAN_POINT ( 'NONE',  ( 8.999999999999984013, 0.000000000000000000, 0.000000000000000000 ) ) ;
#1235 = CARTESIAN_POINT ( 'NONE',  ( 63.49999999999997158, 92.49999999999998579, 0.000000000000000000 ) ) ;
#1236 = CYLINDRICAL_SURFACE ( 'NONE', #5038, 0.7500000000000000000 ) ;
#1237 = CYLINDRICAL_SURFACE ( 'NONE', #2580, 6.000000000000005329 ) ;
#1238 = VECTOR ( 'NONE', #78, 1000.000000000000000 ) ;
#1239 = EDGE_CURVE ( 'NONE', #2617, #1568, #4106, .T. ) ;
#1240 = DIRECTION ( 'NONE',  ( 0.000000000000000000, 0.000000000000000000, 1.000000000000000000 ) ) ;
#1241 = EDGE_LOOP ( 'NONE', ( #335, #791, #1904, #1877 ) ) ;
#1242 = DIRECTION ( 'NONE',  ( 1.982541115402065356E-16, -1.000000000000000000, -1.239088197126290817E-16 ) ) ;
#1243 = DIRECTION ( 'NONE',  ( 1.261617073437679823E-15, 1.000000000000000000, 0.000000000000000000 ) ) ;
#1244 = AXIS2_PLACEMENT_3D ( 'NONE', #730, #777, #2780 ) ;
#1245 = DIRECTION ( 'NONE',  ( 1.982541115402065356E-16, -1.000000000000000000, -1.239088197126290817E-16 ) ) ;
#1246 = DIRECTION ( 'NONE',  ( -0.000000000000000000, 0.000000000000000000, 1.000000000000000000 ) ) ;
#1247 = ADVANCED_FACE ( 'NONE', ( #4453 ), #803, .F. ) ;
#1248 = VECTOR ( 'NONE', #827, 1000.000000000000000 ) ;
#1249 = ORIENTED_EDGE ( 'NONE', *, *, #1434, .F. ) ;
#1250 = ADVANCED_BREP_SHAPE_REPRESENTATION ( 'PI_REM_BOTTOM_REVA', ( #3246, #4752 ), #4333 ) ;
#1251 = EDGE_LOOP ( 'NONE', ( #1872, #3812, #264, #638 ) ) ;
#1252 = CARTESIAN_POINT ( 'NONE',  ( 1.999999999999999112, 5.000000000000004441, 5.000000000000009770 ) ) ;
#1253 = DIRECTION ( 'NONE',  ( -0.000000000000000000, 9.376883653928686624E-16, 1.000000000000000000 ) ) ;
#1254 = VECTOR ( 'NONE', #3706, 1000.000000000000000 ) ;
#1255 = EDGE_LOOP ( 'NONE', ( #3668, #2471, #515, #1069 ) ) ;
#1256 = EDGE_LOOP ( 'NONE', ( #2202, #4067, #1967, #770 ) ) ;
#1257 = LINE ( 'NONE', #401, #2595 ) ;
#1258 = CARTESIAN_POINT ( 'NONE',  ( 1.999999999999994893, 33.50000000000000000, 5.000000000000001776 ) ) ;
#1259 = DIRECTION ( 'NONE',  ( 0.000000000000000000, 0.000000000000000000, 1.000000000000000000 ) ) ;
#1260 = AXIS2_PLACEMENT_3D ( 'NONE', #2259, #3927, #795 ) ;
#1261 = VERTEX_POINT ( 'NONE', #3659 ) ;
#1262 = PRODUCT ( 'PI_REM_BOTTOM_REVA', 'PI_REM_BOTTOM_REVA', '', ( #75 ) ) ;
#1263 = CARTESIAN_POINT ( 'NONE',  ( 58.99999999999998579, 63.50000000000000000, 7.000000000000000000 ) ) ;
#1264 = DIRECTION ( 'NONE',  ( -0.000000000000000000, -0.000000000000000000, -1.000000000000000000 ) ) ;
#1265 = EDGE_CURVE ( 'NONE', #2532, #1389, #2087, .T. ) ;
#1266 = ADVANCED_FACE ( 'NONE', ( #2909 ), #4532, .T. ) ;
#1267 = CARTESIAN_POINT ( 'NONE',  ( 60.99999999999998579, 80.99999999999998579, 2.000000000000000000 ) ) ;
#1268 = CARTESIAN_POINT ( 'NONE',  ( 61.22499999999997300, -6.440415587219182392, 6.000000000000000000 ) ) ;
#1269 = AXIS2_PLACEMENT_3D ( 'NONE', #2285, #652, #299 ) ;
#1270 = CYLINDRICAL_SURFACE ( 'NONE', #2252, 6.000000000000000000 ) ;
#1271 = VERTEX_POINT ( 'NONE', #1792 ) ;
#1272 = CARTESIAN_POINT ( 'NONE',  ( 0.000000000000000000, 0.000000000000000000, 25.10000000000000142 ) ) ;
#1273 = FACE_OUTER_BOUND ( 'NONE', #1919, .T. ) ;
#1274 = EDGE_CURVE ( 'NONE', #1443, #1115, #2168, .T. ) ;
#1275 = PLANE ( 'NONE',  #4944 ) ;
#1276 = VECTOR ( 'NONE', #4497, 1000.000000000000000 ) ;
#1277 = VERTEX_POINT ( 'NONE', #997 ) ;
#1278 = ORIENTED_EDGE ( 'NONE', *, *, #2226, .T. ) ;
#1279 = CARTESIAN_POINT ( 'NONE',  ( -4.774999999999975486, 88.55958441278079363, 6.000000000000000000 ) ) ;
#1280 = ADVANCED_FACE ( 'NONE', ( #3072 ), #5010, .F. ) ;
#1281 = CARTESIAN_POINT ( 'NONE',  ( 66.99999999999998579, 87.00000000000000000, 40.65634918610404469 ) ) ;
#1282 = ORIENTED_EDGE ( 'NONE', *, *, #1747, .F. ) ;
#1283 = ORIENTED_EDGE ( 'NONE', *, *, #126, .T. ) ;
#1284 = CARTESIAN_POINT ( 'NONE',  ( 40.39999999999997726, 88.00000000000000000, 25.10000000000000853 ) ) ;
#1285 = ORIENTED_EDGE ( 'NONE', *, *, #2109, .F. ) ;
#1286 = CARTESIAN_POINT ( 'NONE',  ( -1.527864045000428161, 84.99999999999997158, -15.55634918610404327 ) ) ;
#1287 = CARTESIAN_POINT ( 'NONE',  ( 58.99999999999998579, 63.50000000000000000, 7.000000000000000000 ) ) ;
#1288 = AXIS2_PLACEMENT_3D ( 'NONE', #843, #1218, #1189 ) ;
#1289 = DIRECTION ( 'NONE',  ( -1.000000000000000000, -0.000000000000000000, -0.000000000000000000 ) ) ;
#1290 = CARTESIAN_POINT ( 'NONE',  ( 51.99999999999998579, 96.00000000000000000, 2.000000000000000000 ) ) ;
#1291 = VECTOR ( 'NONE', #4470, 1000.000000000000000 ) ;
#1292 = DIRECTION ( 'NONE',  ( -1.000000000000000000, 0.000000000000000000, 0.000000000000000000 ) ) ;
#1293 = VERTEX_POINT ( 'NONE', #2989 ) ;
#1294 = PLANE ( 'NONE',  #4308 ) ;
#1295 = PLANE ( 'NONE',  #3169 ) ;
#1296 = AXIS2_PLACEMENT_3D ( 'NONE', #842, #4853, #2122 ) ;
#1297 = PRESENTATION_STYLE_ASSIGNMENT (( #469 ) ) ;
#1298 = FACE_OUTER_BOUND ( 'NONE', #2850, .T. ) ;
#1299 = AXIS2_PLACEMENT_3D ( 'NONE', #3941, #2339, #2764 ) ;
#1300 = EDGE_CURVE ( 'NONE', #2232, #2364, #4129, .T. ) ;
#1301 = EDGE_CURVE ( 'NONE', #3424, #1271, #5063, .T. ) ;
#1302 = CIRCLE ( 'NONE', #4443, 6.000000000000000000 ) ;
#1303 = VERTEX_POINT ( 'NONE', #4984 ) ;
#1304 = ORIENTED_EDGE ( 'NONE', *, *, #4842, .T. ) ;
#1305 = AXIS2_PLACEMENT_3D ( 'NONE', #3688, #2511, #2463 ) ;
#1306 = CARTESIAN_POINT ( 'NONE',  ( 2.249999999999982681, -7.250000000000000000, 25.10000000000000142 ) ) ;
#1307 = CARTESIAN_POINT ( 'NONE',  ( 18.25000000000000355, 88.00000000000000000, 25.10000000000000142 ) ) ;
#1308 = ADVANCED_FACE ( 'NONE', ( #1453 ), #216, .F. ) ;
#1309 = ORIENTED_EDGE ( 'NONE', *, *, #4747, .T. ) ;
#1310 = EDGE_LOOP ( 'NONE', ( #4394, #4070, #437, #443 ) ) ;
#1311 = LINE ( 'NONE', #4550, #4798 ) ;
#1312 = DIRECTION ( 'NONE',  ( 0.000000000000000000, -1.000000000000000000, 0.000000000000000000 ) ) ;
#1313 = ORIENTED_EDGE ( 'NONE', *, *, #2369, .T. ) ;
#1314 = DIRECTION ( 'NONE',  ( 1.000000000000000000, 0.000000000000000000, 1.334402673828313339E-16 ) ) ;
#1315 = LINE ( 'NONE', #2508, #1340 ) ;
#1316 = DIRECTION ( 'NONE',  ( -0.000000000000000000, -0.000000000000000000, 1.000000000000000000 ) ) ;
#1317 = LINE ( 'NONE', #513, #4865 ) ;
#1318 = VERTEX_POINT ( 'NONE', #2198 ) ;
#1319 = DIRECTION ( 'NONE',  ( -0.4999999999999987232, 0.8660254037844392627, 0.000000000000000000 ) ) ;
#1320 = ORIENTED_EDGE ( 'NONE', *, *, #2497, .T. ) ;
#1321 = CARTESIAN_POINT ( 'NONE',  ( 63.50000000000000000, -2.500000000000001332, 0.000000000000000000 ) ) ;
#1322 = DIRECTION ( 'NONE',  ( 1.000000000000000000, 0.000000000000000000, 0.000000000000000000 ) ) ;
#1323 = FACE_OUTER_BOUND ( 'NONE', #673, .T. ) ;
#1324 = VECTOR ( 'NONE', #2276, 1000.000000000000000 ) ;
#1325 = LINE ( 'NONE', #1804, #1721 ) ;
#1326 = VERTEX_POINT ( 'NONE', #1343 ) ;
#1327 = ORIENTED_EDGE ( 'NONE', *, *, #294, .F. ) ;
#1328 = CARTESIAN_POINT ( 'NONE',  ( 56.99999999999997868, 88.00000000000000000, 8.500000000000000000 ) ) ;
#1329 = CARTESIAN_POINT ( 'NONE',  ( 68.24999999999998579, -7.250000000000000000, 0.7500000000000000000 ) ) ;
#1330 = ADVANCED_FACE ( 'NONE', ( #1370 ), #3759, .T. ) ;
#1331 = CARTESIAN_POINT ( 'NONE',  ( 60.99999999999998579, 45.00000000000000000, 25.10000000000000142 ) ) ;
#1332 = ADVANCED_FACE ( 'NONE', ( #137 ), #4183, .F. ) ;
#1333 = VECTOR ( 'NONE', #3108, 1000.000000000000000 ) ;
#1334 = EDGE_LOOP ( 'NONE', ( #1160, #4235, #4365, #1518, #1013, #1892 ) ) ;
#1335 = VECTOR ( 'NONE', #131, 1000.000000000000000 ) ;
#1336 = ORIENTED_EDGE ( 'NONE', *, *, #4514, .T. ) ;
#1337 = CARTESIAN_POINT ( 'NONE',  ( 68.61429225211325900, 92.74178597458391948, 0.06786291075892190994 ) ) ;
#1338 = CARTESIAN_POINT ( 'NONE',  ( 58.99999999999999289, 88.00000000000000000, 0.5857864376269013018 ) ) ;
#1339 = EDGE_CURVE ( 'NONE', #1472, #692, #538, .T. ) ;
#1340 = VECTOR ( 'NONE', #2114, 1000.000000000000000 ) ;
#1341 = CARTESIAN_POINT ( 'NONE',  ( -0.2250000000000281219, 96.44041558721920637, 6.000000000000000000 ) ) ;
#1342 = EDGE_LOOP ( 'NONE', ( #199, #4542, #560, #5116 ) ) ;
#1343 = CARTESIAN_POINT ( 'NONE',  ( 60.99999999999999289, 0.000000000000000000, 25.10000000000000497 ) ) ;
#1344 = CARTESIAN_POINT ( 'NONE',  ( 66.99999999999998579, 80.99999999999998579, 2.000000000000000000 ) ) ;
#1345 = EDGE_CURVE ( 'NONE', #1845, #3953, #4690, .T. ) ;
#1346 = CARTESIAN_POINT ( 'NONE',  ( 3.000000000000000000, 97.24999999999998579, 0.000000000000000000 ) ) ;
#1347 = DIRECTION ( 'NONE',  ( -1.000000000000000000, 0.000000000000000000, -0.000000000000000000 ) ) ;
#1348 = VECTOR ( 'NONE', #3018, 1000.000000000000000 ) ;
#1349 = ORIENTED_EDGE ( 'NONE', *, *, #1925, .T. ) ;
#1350 = DIRECTION ( 'NONE',  ( -0.000000000000000000, 0.000000000000000000, 1.000000000000000000 ) ) ;
#1351 = ORIENTED_EDGE ( 'NONE', *, *, #3070, .T. ) ;
#1352 = DIRECTION ( 'NONE',  ( 0.5000000000000006661, 0.8660254037844382635, 0.000000000000000000 ) ) ;
#1353 = CARTESIAN_POINT ( 'NONE',  ( -6.000000000000014211, 87.00000000000000000, 0.000000000000000000 ) ) ;
#1354 = CYLINDRICAL_SURFACE ( 'NONE', #5126, 2.299999999999998046 ) ;
#1355 = LINE ( 'NONE', #4595, #3088 ) ;
#1356 = VECTOR ( 'NONE', #346, 1000.000000000000114 ) ;
#1357 = ORIENTED_EDGE ( 'NONE', *, *, #3260, .T. ) ;
#1358 = ORIENTED_EDGE ( 'NONE', *, *, #4725, .F. ) ;
#1359 = PLANE ( 'NONE',  #4018 ) ;
#1360 = DIRECTION ( 'NONE',  ( -1.000000000000000000, 0.000000000000000000, 0.000000000000000000 ) ) ;
#1361 = DIRECTION ( 'NONE',  ( 0.000000000000000000, 0.000000000000000000, -1.000000000000000000 ) ) ;
#1362 = ORIENTED_EDGE ( 'NONE', *, *, #64, .T. ) ;
#1363 = ORIENTED_EDGE ( 'NONE', *, *, #4725, .T. ) ;
#1364 = CARTESIAN_POINT ( 'NONE',  ( -8.000000000000015987, 2.250000000000000444, 40.65634918610404469 ) ) ;
#1365 = FACE_BOUND ( 'NONE', #2996, .T. ) ;
#1366 = CARTESIAN_POINT ( 'NONE',  ( -4.775000000000013678, 1.440415587219199045, 6.000000000000000000 ) ) ;
#1367 = EDGE_LOOP ( 'NONE', ( #4749, #2217, #365, #3916 ) ) ;
#1368 = EDGE_CURVE ( 'NONE', #571, #2719, #3799, .T. ) ;
#1369 = EDGE_CURVE ( 'NONE', #4524, #2080, #1852, .T. ) ;
#1370 = FACE_OUTER_BOUND ( 'NONE', #1538, .T. ) ;
#1371 = CARTESIAN_POINT ( 'NONE',  ( -9.974659986866640793E-15, 65.00000000000000000, 2.000000000000002665 ) ) ;
#1372 = LINE ( 'NONE', #167, #916 ) ;
#1373 = DIRECTION ( 'NONE',  ( 0.000000000000000000, -0.000000000000000000, 1.000000000000000000 ) ) ;
#1374 = ORIENTED_EDGE ( 'NONE', *, *, #2928, .T. ) ;
#1375 = EDGE_CURVE ( 'NONE', #3921, #2364, #4267, .T. ) ;
#1376 = PLANE ( 'NONE',  #4983 ) ;
#1377 = ORIENTED_EDGE ( 'NONE', *, *, #4385, .F. ) ;
#1378 = CARTESIAN_POINT ( 'NONE',  ( -8.000000000000000000, 87.31066017177982985, 0.3106601717798222473 ) ) ;
#1379 = FACE_OUTER_BOUND ( 'NONE', #150, .T. ) ;
#1380 = DIRECTION ( 'NONE',  ( 0.000000000000000000, 0.000000000000000000, -1.000000000000000000 ) ) ;
#1381 = DIRECTION ( 'NONE',  ( -1.000000000000000000, 1.577021341797097560E-16, 0.000000000000000000 ) ) ;
#1382 = ORIENTED_EDGE ( 'NONE', *, *, #2341, .F. ) ;
#1383 = ORIENTED_EDGE ( 'NONE', *, *, #590, .T. ) ;
#1384 = DIRECTION ( 'NONE',  ( 0.000000000000000000, 0.000000000000000000, 1.000000000000000000 ) ) ;
#1385 = CARTESIAN_POINT ( 'NONE',  ( 60.99999999999998579, 80.99999999999997158, 0.000000000000000000 ) ) ;
#1386 = LINE ( 'NONE', #2638, #1672 ) ;
#1387 = VECTOR ( 'NONE', #5177, 1000.000000000000000 ) ;
#1388 = VECTOR ( 'NONE', #4964, 1000.000000000000000 ) ;
#1389 = VERTEX_POINT ( 'NONE', #2623 ) ;
#1390 = AXIS2_PLACEMENT_3D ( 'NONE', #3137, #686, #709 ) ;
#1391 = ORIENTED_EDGE ( 'NONE', *, *, #2897, .T. ) ;
#1392 = DIRECTION ( 'NONE',  ( 1.000000000000000000, 2.312964634635743450E-16, -0.000000000000000000 ) ) ;
#1393 = LINE ( 'NONE', #4605, #2448 ) ;
#1394 = VECTOR ( 'NONE', #2551, 1000.000000000000000 ) ;
#1395 = CARTESIAN_POINT ( 'NONE',  ( -2.500000000000017764, -2.500000000000000444, 0.000000000000000000 ) ) ;
#1396 = ORIENTED_EDGE ( 'NONE', *, *, #5042, .F. ) ;
#1397 = CARTESIAN_POINT ( 'NONE',  ( 1.999999999999987121, 84.99999999999997158, 5.000000000000000000 ) ) ;
#1398 = DIRECTION ( 'NONE',  ( -0.000000000000000000, -0.000000000000000000, 1.000000000000000000 ) ) ;
#1399 = CARTESIAN_POINT ( 'NONE',  ( 65.79999999999996874, 92.49999999999998579, 6.000000000000000000 ) ) ;
#1400 = ADVANCED_FACE ( 'NONE', ( #2591 ), #4157, .T. ) ;
#1401 = CARTESIAN_POINT ( 'NONE',  ( 1.999999999999999112, 5.000000000000004441, 5.000000000000009770 ) ) ;
#1402 = ADVANCED_FACE ( 'NONE', ( #4212 ), #3475, .F. ) ;
#1403 = ORIENTED_EDGE ( 'NONE', *, *, #4835, .T. ) ;
#1404 = CARTESIAN_POINT ( 'NONE',  ( 68.99999999999997158, 97.24999999999997158, 25.10000000000000142 ) ) ;
#1405 = ORIENTED_EDGE ( 'NONE', *, *, #3089, .T. ) ;
#1406 = CARTESIAN_POINT ( 'NONE',  ( 68.24999999999998579, -7.250000000000000000, 0.7500000000000006661 ) ) ;
#1407 = FACE_OUTER_BOUND ( 'NONE', #3701, .T. ) ;
#1408 = DIRECTION ( 'NONE',  ( -2.246918268451775308E-31, 1.445602896647339508E-15, 1.000000000000000000 ) ) ;
#1409 = FACE_OUTER_BOUND ( 'NONE', #3334, .T. ) ;
#1410 = EDGE_CURVE ( 'NONE', #1192, #4715, #2224, .T. ) ;
#1411 = ORIENTED_EDGE ( 'NONE', *, *, #2139, .T. ) ;
#1412 = ORIENTED_EDGE ( 'NONE', *, *, #4169, .F. ) ;
#1413 = AXIS2_PLACEMENT_3D ( 'NONE', #4242, #107, #3417 ) ;
#1414 = CARTESIAN_POINT ( 'NONE',  ( 4.250000000000000000, 92.33428042534620772, -15.55634918610404327 ) ) ;
#1415 = CARTESIAN_POINT ( 'NONE',  ( 52.00000000000000000, -6.000000000000000000, 0.000000000000000000 ) ) ;
#1416 = CARTESIAN_POINT ( 'NONE',  ( 3.000000000000001332, 87.99999999999998579, 0.000000000000000000 ) ) ;
#1417 = EDGE_CURVE ( 'NONE', #4736, #1443, #676, .T. ) ;
#1418 = ORIENTED_EDGE ( 'NONE', *, *, #4788, .F. ) ;
#1419 = ORIENTED_EDGE ( 'NONE', *, *, #2353, .T. ) ;
#1420 = CARTESIAN_POINT ( 'NONE',  ( 58.74999999999998579, 97.99999999999998579, 0.7500000000000000000 ) ) ;
#1421 = LINE ( 'NONE', #4208, #2700 ) ;
#1422 = AXIS2_PLACEMENT_3D ( 'NONE', #1397, #3444, #968 ) ;
#1423 = CARTESIAN_POINT ( 'NONE',  ( 56.99999999999997868, 63.50000000000000000, 2.000000000000000000 ) ) ;
#1424 = VERTEX_POINT ( 'NONE', #1952 ) ;
#1425 = VECTOR ( 'NONE', #2555, 1000.000000000000000 ) ;
#1426 = CARTESIAN_POINT ( 'NONE',  ( 0.000000000000000000, 0.000000000000000000, 7.000000000000000000 ) ) ;
#1427 = CARTESIAN_POINT ( 'NONE',  ( 36.49999999999997868, 88.00000000000000000, 25.10000000000000142 ) ) ;
#1428 = CARTESIAN_POINT ( 'NONE',  ( 2.249999999999982681, -8.000000000000000000, 40.65634918610404469 ) ) ;
#1429 = DIRECTION ( 'NONE',  ( 6.576698892439565719E-15, 1.000000000000000000, -0.000000000000000000 ) ) ;
#1430 = ORIENTED_EDGE ( 'NONE', *, *, #4233, .F. ) ;
#1431 = VECTOR ( 'NONE', #3849, 1000.000000000000000 ) ;
#1432 = LINE ( 'NONE', #3423, #4471 ) ;
#1433 = ORIENTED_EDGE ( 'NONE', *, *, #2088, .F. ) ;
#1434 = EDGE_CURVE ( 'NONE', #4301, #765, #1077, .T. ) ;
#1435 = ADVANCED_FACE ( 'NONE', ( #3501 ), #4395, .F. ) ;
#1436 = DIRECTION ( 'NONE',  ( -1.000000000000000000, 0.000000000000000000, 0.000000000000000000 ) ) ;
#1437 = LINE ( 'NONE', #921, #2746 ) ;
#1438 = LINE ( 'NONE', #1719, #446 ) ;
#1439 = LINE ( 'NONE', #948, #2487 ) ;
#1440 = ORIENTED_EDGE ( 'NONE', *, *, #2158, .F. ) ;
#1441 = EDGE_CURVE ( 'NONE', #3269, #5098, #2350, .T. ) ;
#1442 = EDGE_CURVE ( 'NONE', #4329, #2521, #2375, .T. ) ;
#1443 = VERTEX_POINT ( 'NONE', #3527 ) ;
#1444 = DIRECTION ( 'NONE',  ( -1.239088197126290817E-16, -0.000000000000000000, -1.000000000000000000 ) ) ;
#1445 = VECTOR ( 'NONE', #5095, 1000.000000000000000 ) ;
#1446 = EDGE_LOOP ( 'NONE', ( #3465, #120, #3620, #531 ) ) ;
#1447 = EDGE_CURVE ( 'NONE', #4537, #4290, #3973, .T. ) ;
#1448 = EDGE_LOOP ( 'NONE', ( #1759, #2173, #2924, #3919 ) ) ;
#1449 = DIRECTION ( 'NONE',  ( 0.000000000000000000, 1.000000000000000000, 2.478176394252579662E-16 ) ) ;
#1450 = CARTESIAN_POINT ( 'NONE',  ( 58.99999999999998579, 45.00000000000000000, 25.10000000000000142 ) ) ;
#1451 = DIRECTION ( 'NONE',  ( 0.000000000000000000, -0.000000000000000000, -1.000000000000000000 ) ) ;
#1452 = ORIENTED_EDGE ( 'NONE', *, *, #1369, .T. ) ;
#1453 = FACE_OUTER_BOUND ( 'NONE', #5125, .T. ) ;
#1454 = DIRECTION ( 'NONE',  ( -1.000000000000000000, 0.000000000000000000, 0.000000000000000000 ) ) ;
#1455 = DIRECTION ( 'NONE',  ( -0.000000000000000000, -0.000000000000000000, 1.000000000000000000 ) ) ;
#1456 = CARTESIAN_POINT ( 'NONE',  ( -9.974659986866640793E-15, 65.00000000000000000, 5.000000000000001776 ) ) ;
#1457 = ORIENTED_EDGE ( 'NONE', *, *, #2672, .T. ) ;
#1458 = DIRECTION ( 'NONE',  ( 1.000000000000000000, 0.000000000000000000, 0.000000000000000000 ) ) ;
#1459 = ORIENTED_EDGE ( 'NONE', *, *, #514, .F. ) ;
#1460 = CARTESIAN_POINT ( 'NONE',  ( -6.000000000000000888, 3.000000000000000000, 0.000000000000000000 ) ) ;
#1461 = FACE_OUTER_BOUND ( 'NONE', #413, .T. ) ;
#1462 = LINE ( 'NONE', #5130, #14 ) ;
#1463 = CARTESIAN_POINT ( 'NONE',  ( 58.99999999999999289, 88.00000000000000000, 2.000000000000000000 ) ) ;
#1464 = ORIENTED_EDGE ( 'NONE', *, *, #1596, .T. ) ;
#1465 = ORIENTED_EDGE ( 'NONE', *, *, #2795, .F. ) ;
#1466 = AXIS2_PLACEMENT_3D ( 'NONE', #3596, #1899, #3197 ) ;
#1467 = LINE ( 'NONE', #2244, #1498 ) ;
#1468 = ADVANCED_FACE ( 'NONE', ( #296 ), #5170, .F. ) ;
#1469 = EDGE_CURVE ( 'NONE', #565, #580, #298, .T. ) ;
#1470 = EDGE_LOOP ( 'NONE', ( #5173, #2865, #3526, #5106, #3439, #1351 ) ) ;
#1471 = VERTEX_POINT ( 'NONE', #1928 ) ;
#1472 = VERTEX_POINT ( 'NONE', #3574 ) ;
#1473 = CARTESIAN_POINT ( 'NONE',  ( -2.500000000000017764, -2.500000000000000444, 25.10000000000000142 ) ) ;
#1474 = EDGE_CURVE ( 'NONE', #129, #1175, #4763, .T. ) ;
#1475 = CIRCLE ( 'NONE', #1546, 2.300000000000000266 ) ;
#1476 = VECTOR ( 'NONE', #1408, 1000.000000000000000 ) ;
#1477 = ORIENTED_EDGE ( 'NONE', *, *, #2509, .T. ) ;
#1478 = DIRECTION ( 'NONE',  ( 1.000000000000000000, 2.312964634635743450E-16, 0.000000000000000000 ) ) ;
#1479 = DIRECTION ( 'NONE',  ( -1.000000000000000000, -0.000000000000000000, -8.896017825522089339E-17 ) ) ;
#1480 = AXIS2_PLACEMENT_3D ( 'NONE', #4560, #2651, #1347 ) ;
#1481 = DIRECTION ( 'NONE',  ( -1.000000000000000000, 0.000000000000000000, 0.000000000000000000 ) ) ;
#1482 = EDGE_LOOP ( 'NONE', ( #658, #618, #672, #1974 ) ) ;
#1483 = DIRECTION ( 'NONE',  ( -2.988228528972489235E-19, -1.000000000000000000, 0.000000000000000000 ) ) ;
#1484 = VERTEX_POINT ( 'NONE', #5191 ) ;
#1485 = CARTESIAN_POINT ( 'NONE',  ( 58.99999999999998579, 24.49999999999998934, 8.250000000000000000 ) ) ;
#1486 = LINE ( 'NONE', #1064, #2828 ) ;
#1487 = CARTESIAN_POINT ( 'NONE',  ( 58.95000000000001705, -2.499999999999974687, 6.000000000000000000 ) ) ;
#1488 = LINE ( 'NONE', #2759, #616 ) ;
#1489 = ORIENTED_EDGE ( 'NONE', *, *, #2890, .F. ) ;
#1490 = VERTEX_POINT ( 'NONE', #4323 ) ;
#1491 = DIRECTION ( 'NONE',  ( 1.000000000000000000, 0.000000000000000000, 0.000000000000000000 ) ) ;
#1492 = ORIENTED_EDGE ( 'NONE', *, *, #2928, .F. ) ;
#1493 = ORIENTED_EDGE ( 'NONE', *, *, #3716, .T. ) ;
#1494 = VERTEX_POINT ( 'NONE', #3102 ) ;
#1495 = ADVANCED_FACE ( 'NONE', ( #5144 ), #4716, .F. ) ;
#1496 = DIRECTION ( 'NONE',  ( 1.000000000000000000, 2.312964634635743450E-16, -0.000000000000000000 ) ) ;
#1497 = VECTOR ( 'NONE', #1936, 1000.000000000000000 ) ;
#1498 = VECTOR ( 'NONE', #4174, 1000.000000000000000 ) ;
#1499 = ORIENTED_EDGE ( 'NONE', *, *, #2286, .F. ) ;
#1500 = CARTESIAN_POINT ( 'NONE',  ( -7.050000000000019362, -2.499999999999995559, 6.000000000000000000 ) ) ;
#1501 = EDGE_CURVE ( 'NONE', #825, #4524, #2676, .T. ) ;
#1502 = DIRECTION ( 'NONE',  ( 1.000000000000000000, -0.000000000000000000, -0.000000000000000000 ) ) ;
#1503 = CARTESIAN_POINT ( 'NONE',  ( -7.250000000000015987, 2.250000000000000444, 25.10000000000000142 ) ) ;
#1504 = DIRECTION ( 'NONE',  ( 0.000000000000000000, 0.000000000000000000, -1.000000000000000000 ) ) ;
#1505 = VECTOR ( 'NONE', #698, 1000.000000000000000 ) ;
#1506 = VERTEX_POINT ( 'NONE', #3925 ) ;
#1507 = PLANE ( 'NONE',  #3283 ) ;
#1508 = EDGE_CURVE ( 'NONE', #1522, #5057, #1920, .T. ) ;
#1509 = DIRECTION ( 'NONE',  ( -1.843143693225358031E-16, 1.000000000000000000, 0.000000000000000000 ) ) ;
#1510 = DIRECTION ( 'NONE',  ( -0.000000000000000000, -0.000000000000000000, -1.000000000000000000 ) ) ;
#1511 = CARTESIAN_POINT ( 'NONE',  ( 68.24999999999998579, -8.000000000000000000, -15.55634918610404327 ) ) ;
#1512 = CARTESIAN_POINT ( 'NONE',  ( -1.310679959626920933E-14, 84.99999999999997158, 5.000000000000000000 ) ) ;
#1513 = VECTOR ( 'NONE', #751, 1000.000000000000000 ) ;
#1514 = ORIENTED_EDGE ( 'NONE', *, *, #4000, .F. ) ;
#1515 = ORIENTED_EDGE ( 'NONE', *, *, #4589, .T. ) ;
#1516 = DIRECTION ( 'NONE',  ( -1.000000000000000000, -2.434699615406045218E-16, 0.000000000000000000 ) ) ;
#1517 = VERTEX_POINT ( 'NONE', #1124 ) ;
#1518 = ORIENTED_EDGE ( 'NONE', *, *, #4255, .T. ) ;
#1519 = ORIENTED_EDGE ( 'NONE', *, *, #2574, .F. ) ;
#1520 = DIRECTION ( 'NONE',  ( 1.000000000000000000, 2.312964634635743450E-16, -0.000000000000000000 ) ) ;
#1521 = AXIS2_PLACEMENT_3D ( 'NONE', #2035, #1683, #2881 ) ;
#1522 = VERTEX_POINT ( 'NONE', #1523 ) ;
#1523 = CARTESIAN_POINT ( 'NONE',  ( 56.99999999999997868, 92.68337520964459486, 8.500000000000000000 ) ) ;
#1524 = DIRECTION ( 'NONE',  ( 0.000000000000000000, -1.000000000000000000, 0.000000000000000000 ) ) ;
#1525 = DIRECTION ( 'NONE',  ( 1.000000000000000000, 0.000000000000000000, 0.000000000000000000 ) ) ;
#1526 = ADVANCED_FACE ( 'NONE', ( #3149 ), #1544, .F. ) ;
#1527 = EDGE_CURVE ( 'NONE', #1175, #4960, #4744, .T. ) ;
#1528 = ORIENTED_EDGE ( 'NONE', *, *, #2616, .T. ) ;
#1529 = PLANE ( 'NONE',  #3891 ) ;
#1530 = FACE_BOUND ( 'NONE', #252, .T. ) ;
#1531 = CARTESIAN_POINT ( 'NONE',  ( -7.250000000000000000, 97.24999999999998579, 0.7500000000000006661 ) ) ;
#1532 = DIRECTION ( 'NONE',  ( 0.000000000000000000, 0.000000000000000000, 1.000000000000000000 ) ) ;
#1533 = CARTESIAN_POINT ( 'NONE',  ( 18.25000000000000355, 88.00000000000000000, 8.499999999999998224 ) ) ;
#1534 = EDGE_CURVE ( 'NONE', #4509, #505, #3178, .T. ) ;
#1535 = VERTEX_POINT ( 'NONE', #2330 ) ;
#1536 = VERTEX_POINT ( 'NONE', #454 ) ;
#1537 = CARTESIAN_POINT ( 'NONE',  ( 60.99999999999998579, 80.99999999999998579, 25.10000000000000142 ) ) ;
#1538 = EDGE_LOOP ( 'NONE', ( #259, #3777, #4602, #2792 ) ) ;
#1539 = EDGE_LOOP ( 'NONE', ( #3053, #796, #2647, #1785 ) ) ;
#1540 = ORIENTED_EDGE ( 'NONE', *, *, #2158, .T. ) ;
#1541 = AXIS2_PLACEMENT_3D ( 'NONE', #3300, #2050, #1647 ) ;
#1542 = CARTESIAN_POINT ( 'NONE',  ( 4.000000000000000000, 65.00000000000000000, 7.000000000000000000 ) ) ;
#1543 = VERTEX_POINT ( 'NONE', #2478 ) ;
#1544 = PLANE ( 'NONE',  #818 ) ;
#1545 = CARTESIAN_POINT ( 'NONE',  ( 41.99999999999999289, 2.000000000000000000, 4.500000000000002665 ) ) ;
#1546 = AXIS2_PLACEMENT_3D ( 'NONE', #4730, #332, #4702 ) ;
#1547 = CARTESIAN_POINT ( 'NONE',  ( 60.87305627518716022, 87.94999999999997442, 6.000000000000000000 ) ) ;
#1548 = VECTOR ( 'NONE', #2157, 1000.000000000000000 ) ;
#1549 = VERTEX_POINT ( 'NONE', #3227 ) ;
#1550 = VECTOR ( 'NONE', #1777, 1000.000000000000000 ) ;
#1551 = DIRECTION ( 'NONE',  ( -1.000000000000000000, 0.000000000000000000, 1.208866533781748882E-16 ) ) ;
#1552 = VECTOR ( 'NONE', #3510, 1000.000000000000000 ) ;
#1553 = PLANE ( 'NONE',  #1844 ) ;
#1554 = EDGE_CURVE ( 'NONE', #4176, #2918, #4022, .T. ) ;
#1555 = EDGE_CURVE ( 'NONE', #4982, #1535, #2004, .T. ) ;
#1556 = VECTOR ( 'NONE', #2942, 1000.000000000000000 ) ;
#1557 = DIRECTION ( 'NONE',  ( 1.000000000000000000, 0.000000000000000000, 4.180056568618811991E-16 ) ) ;
#1558 = VERTEX_POINT ( 'NONE', #2033 ) ;
#1559 = DIRECTION ( 'NONE',  ( -8.068481283613058260E-17, 1.000000000000000000, 0.000000000000000000 ) ) ;
#1560 = ORIENTED_EDGE ( 'NONE', *, *, #2836, .T. ) ;
#1561 = ADVANCED_FACE ( 'NONE', ( #881 ), #4097, .F. ) ;
#1562 = FACE_BOUND ( 'NONE', #2883, .T. ) ;
#1563 = ORIENTED_EDGE ( 'NONE', *, *, #2993, .T. ) ;
#1564 = ORIENTED_EDGE ( 'NONE', *, *, #4124, .F. ) ;
#1565 = ORIENTED_EDGE ( 'NONE', *, *, #907, .F. ) ;
#1566 = FACE_OUTER_BOUND ( 'NONE', #3986, .T. ) ;
#1567 = EDGE_CURVE ( 'NONE', #4277, #2317, #428, .T. ) ;
#1568 = VERTEX_POINT ( 'NONE', #3249 ) ;
#1569 = VERTEX_POINT ( 'NONE', #4474 ) ;
#1570 = DIRECTION ( 'NONE',  ( -1.045014142154702998E-16, -0.000000000000000000, -1.000000000000000000 ) ) ;
#1571 = LINE ( 'NONE', #1177, #4480 ) ;
#1572 = AXIS2_PLACEMENT_3D ( 'NONE', #1187, #1215, #2808 ) ;
#1573 = CARTESIAN_POINT ( 'NONE',  ( 0.000000000000000000, 0.000000000000000000, 7.000000000000000000 ) ) ;
#1574 = ORIENTED_EDGE ( 'NONE', *, *, #2147, .T. ) ;
#1575 = AXIS2_PLACEMENT_3D ( 'NONE', #1660, #510, #4078 ) ;
#1576 = LINE ( 'NONE', #5198, #4892 ) ;
#1577 = DIRECTION ( 'NONE',  ( 0.000000000000000000, 0.000000000000000000, -1.000000000000000000 ) ) ;
#1578 = DIRECTION ( 'NONE',  ( 1.000000000000000000, 0.000000000000000000, 0.000000000000000000 ) ) ;
#1579 = VECTOR ( 'NONE', #3795, 1000.000000000000000 ) ;
#1580 = CARTESIAN_POINT ( 'NONE',  ( 68.05000000000001137, -2.500000000000022649, 0.000000000000000000 ) ) ;
#1581 = EDGE_CURVE ( 'NONE', #3119, #1945, #1199, .T. ) ;
#1582 = ADVANCED_FACE ( 'NONE', ( #4447 ), #372, .T. ) ;
#1583 = VERTEX_POINT ( 'NONE', #3705 ) ;
#1584 = DIRECTION ( 'NONE',  ( -0.000000000000000000, 0.000000000000000000, 1.000000000000000000 ) ) ;
#1585 = FACE_OUTER_BOUND ( 'NONE', #2418, .T. ) ;
#1586 = LINE ( 'NONE', #3643, #1893 ) ;
#1587 = FACE_OUTER_BOUND ( 'NONE', #1666, .T. ) ;
#1588 = ADVANCED_FACE ( 'NONE', ( #1228, #2399 ), #4419, .T. ) ;
#1589 = ORIENTED_EDGE ( 'NONE', *, *, #386, .T. ) ;
#1590 = ADVANCED_FACE ( 'NONE', ( #4840 ), #45, .F. ) ;
#1591 = VERTEX_POINT ( 'NONE', #1681 ) ;
#1592 = ORIENTED_EDGE ( 'NONE', *, *, #806, .T. ) ;
#1593 = CARTESIAN_POINT ( 'NONE',  ( 57.99999999999997868, 97.24999999999998579, 0.000000000000000000 ) ) ;
#1594 = DIRECTION ( 'NONE',  ( -1.982541115402065356E-16, 1.000000000000000000, 1.239088197126290817E-16 ) ) ;
#1595 = AXIS2_PLACEMENT_3D ( 'NONE', #109, #999, #569 ) ;
#1596 = EDGE_CURVE ( 'NONE', #2128, #1569, #4921, .T. ) ;
#1597 = ORIENTED_EDGE ( 'NONE', *, *, #1762, .T. ) ;
#1598 = ORIENTED_EDGE ( 'NONE', *, *, #2181, .T. ) ;
#1599 = DIRECTION ( 'NONE',  ( 1.000000000000000000, 0.000000000000000000, 0.000000000000000000 ) ) ;
#1600 = FACE_OUTER_BOUND ( 'NONE', #1898, .T. ) ;
#1601 = CARTESIAN_POINT ( 'NONE',  ( 2.999999999999982681, 3.000000000000000000, 40.65634918610404469 ) ) ;
#1602 = AXIS2_PLACEMENT_3D ( 'NONE', #1601, #1626, #3682 ) ;
#1603 = VERTEX_POINT ( 'NONE', #2851 ) ;
#1604 = PLANE ( 'NONE',  #4643 ) ;
#1605 = LINE ( 'NONE', #2310, #897 ) ;
#1606 = LINE ( 'NONE', #2806, #4284 ) ;
#1607 = DIRECTION ( 'NONE',  ( -0.000000000000000000, -0.000000000000000000, 1.000000000000000000 ) ) ;
#1608 = ORIENTED_EDGE ( 'NONE', *, *, #5083, .T. ) ;
#1609 = CARTESIAN_POINT ( 'NONE',  ( 1.999999999999999556, 2.000000000000000888, 2.000000000000000000 ) ) ;
#1610 = CARTESIAN_POINT ( 'NONE',  ( 0.000000000000000000, 0.000000000000000000, 25.10000000000000142 ) ) ;
#1611 = PRODUCT_DEFINITION ( 'UNKNOWN', '', #4918, #4974 ) ;
#1612 = CARTESIAN_POINT ( 'NONE',  ( 61.00000000000000000, 2.000000000000000000, 30.10000000000000142 ) ) ;
#1613 = VERTEX_POINT ( 'NONE', #771 ) ;
#1614 = ORIENTED_EDGE ( 'NONE', *, *, #3994, .F. ) ;
#1615 = EDGE_LOOP ( 'NONE', ( #4156, #2956 ) ) ;
#1616 = DIRECTION ( 'NONE',  ( 0.000000000000000000, 0.000000000000000000, 1.000000000000000000 ) ) ;
#1617 = EDGE_CURVE ( 'NONE', #3921, #2788, #1108, .T. ) ;
#1618 = DIRECTION ( 'NONE',  ( -0.000000000000000000, -0.000000000000000000, -1.000000000000000000 ) ) ;
#1619 = EDGE_CURVE ( 'NONE', #3114, #1822, #1257, .T. ) ;
#1620 = VERTEX_POINT ( 'NONE', #1622 ) ;
#1621 = ORIENTED_EDGE ( 'NONE', *, *, #4558, .F. ) ;
#1622 = CARTESIAN_POINT ( 'NONE',  ( 2.250000000000000000, 97.99999999999998579, 0.7500000000000006661 ) ) ;
#1623 = LINE ( 'NONE', #2108, #3555 ) ;
#1624 = EDGE_CURVE ( 'NONE', #508, #2232, #4123, .T. ) ;
#1625 = VECTOR ( 'NONE', #2102, 1000.000000000000000 ) ;
#1626 = DIRECTION ( 'NONE',  ( 1.000000000000000000, -3.942553354492743901E-17, 0.000000000000000000 ) ) ;
#1627 = ORIENTED_EDGE ( 'NONE', *, *, #2761, .F. ) ;
#1628 = LINE ( 'NONE', #3336, #3964 ) ;
#1629 = CARTESIAN_POINT ( 'NONE',  ( 60.87305627518716022, 87.94999999999997442, 0.000000000000000000 ) ) ;
#1630 = APPLICATION_CONTEXT ( 'automotive_design' ) ;
#1631 = EDGE_CURVE ( 'NONE', #3972, #571, #3730, .T. ) ;
#1632 = CARTESIAN_POINT ( 'NONE',  ( 16.99999999999999289, 2.000000000000000000, 7.000000000000000000 ) ) ;
#1633 = DIRECTION ( 'NONE',  ( 0.000000000000000000, 0.000000000000000000, 1.000000000000000000 ) ) ;
#1634 = VECTOR ( 'NONE', #4489, 1000.000000000000000 ) ;
#1635 = VECTOR ( 'NONE', #1008, 1000.000000000000000 ) ;
#1636 = AXIS2_PLACEMENT_3D ( 'NONE', #2518, #3373, #5020 ) ;
#1637 = LINE ( 'NONE', #2917, #1556 ) ;
#1638 = ORIENTED_EDGE ( 'NONE', *, *, #1931, .T. ) ;
#1639 = LINE ( 'NONE', #3743, #4043 ) ;
#1640 = AXIS2_PLACEMENT_3D ( 'NONE', #1329, #4203, #3008 ) ;
#1641 = DIRECTION ( 'NONE',  ( -1.000000000000000000, 0.000000000000000000, 0.000000000000000000 ) ) ;
#1642 = LINE ( 'NONE', #3721, #2653 ) ;
#1643 = DIRECTION ( 'NONE',  ( 0.000000000000000000, 0.000000000000000000, -1.000000000000000000 ) ) ;
#1644 = ORIENTED_EDGE ( 'NONE', *, *, #2891, .F. ) ;
#1645 = ORIENTED_EDGE ( 'NONE', *, *, #1731, .F. ) ;
#1646 = ORIENTED_EDGE ( 'NONE', *, *, #522, .F. ) ;
#1647 = DIRECTION ( 'NONE',  ( -1.000000000000000000, 1.577021341797097067E-16, 0.000000000000000000 ) ) ;
#1648 = DIRECTION ( 'NONE',  ( 0.000000000000000000, 0.000000000000000000, -1.000000000000000000 ) ) ;
#1649 = ORIENTED_EDGE ( 'NONE', *, *, #1762, .F. ) ;
#1650 = ADVANCED_FACE ( 'NONE', ( #3677 ), #3276, .T. ) ;
#1651 = EDGE_CURVE ( 'NONE', #2163, #2240, #3440, .T. ) ;
#1652 = EDGE_LOOP ( 'NONE', ( #3291, #1114, #2494, #3450 ) ) ;
#1653 = DIRECTION ( 'NONE',  ( -0.000000000000000000, 1.000000000000000000, -0.000000000000000000 ) ) ;
#1654 = DIRECTION ( 'NONE',  ( -1.000000000000000000, -6.100126508929428801E-15, 0.000000000000000000 ) ) ;
#1655 = DIRECTION ( 'NONE',  ( -1.000000000000000000, 0.000000000000000000, 1.208866533781748882E-16 ) ) ;
#1656 = ORIENTED_EDGE ( 'NONE', *, *, #4131, .F. ) ;
#1657 = EDGE_CURVE ( 'NONE', #3473, #3405, #4236, .T. ) ;
#1658 = AXIS2_PLACEMENT_3D ( 'NONE', #1426, #3789, #164 ) ;
#1659 = CARTESIAN_POINT ( 'NONE',  ( 58.31066017177982275, -7.999999999999998224, 0.3106601717798219142 ) ) ;
#1660 = CARTESIAN_POINT ( 'NONE',  ( 58.99999999999998579, 37.99999999999999289, 8.250000000000000000 ) ) ;
#1661 = DIRECTION ( 'NONE',  ( 0.000000000000000000, -0.000000000000000000, -1.000000000000000000 ) ) ;
#1662 = LINE ( 'NONE', #1989, #623 ) ;
#1663 = AXIS2_PLACEMENT_3D ( 'NONE', #4769, #3207, #304 ) ;
#1664 = EDGE_CURVE ( 'NONE', #2167, #2849, #4948, .T. ) ;
#1665 = CARTESIAN_POINT ( 'NONE',  ( 61.19999999999998153, 92.49999999999998579, 0.000000000000000000 ) ) ;
#1666 = EDGE_LOOP ( 'NONE', ( #1564, #1053, #784, #767 ) ) ;
#1667 = LINE ( 'NONE', #2145, #4467 ) ;
#1668 = DIRECTION ( 'NONE',  ( -0.000000000000000000, -0.000000000000000000, -1.000000000000000000 ) ) ;
#1669 = AXIS2_PLACEMENT_3D ( 'NONE', #77, #4077, #432 ) ;
#1670 = CARTESIAN_POINT ( 'NONE',  ( 58.99999999999997158, 84.99999999999998579, 5.000000000000000000 ) ) ;
#1671 = DIRECTION ( 'NONE',  ( 1.000000000000000000, 2.312964634635743450E-16, 0.000000000000000000 ) ) ;
#1672 = VECTOR ( 'NONE', #4256, 1000.000000000000000 ) ;
#1673 = CIRCLE ( 'NONE', #5060, 6.000000000000005329 ) ;
#1674 = VERTEX_POINT ( 'NONE', #3042 ) ;
#1675 = ORIENTED_EDGE ( 'NONE', *, *, #1139, .F. ) ;
#1676 = CARTESIAN_POINT ( 'NONE',  ( 58.99999999999999289, 32.00000000000000000, 2.000000000000000000 ) ) ;
#1677 = CARTESIAN_POINT ( 'NONE',  ( 2.999999999999982681, 3.000000000000000000, 25.10000000000000142 ) ) ;
#1678 = VECTOR ( 'NONE', #402, 1000.000000000000000 ) ;
#1679 = VERTEX_POINT ( 'NONE', #1760 ) ;
#1680 = VERTEX_POINT ( 'NONE', #1786 ) ;
#1681 = CARTESIAN_POINT ( 'NONE',  ( 58.99999999999999289, 8.749999999999996447, 8.249999999999994671 ) ) ;
#1682 = DIRECTION ( 'NONE',  ( -6.308085367188392213E-16, 1.000000000000000000, 0.000000000000000000 ) ) ;
#1683 = DIRECTION ( 'NONE',  ( -1.838995606619757339E-32, 1.192622389734055124E-16, 1.000000000000000000 ) ) ;
#1684 = VERTEX_POINT ( 'NONE', #2932 ) ;
#1685 = CARTESIAN_POINT ( 'NONE',  ( 68.05000000000001137, -2.500000000000022649, 6.000000000000000000 ) ) ;
#1686 = CYLINDRICAL_SURFACE ( 'NONE', #1985, 0.7500000000000006661 ) ;
#1687 = EDGE_CURVE ( 'NONE', #4205, #1991, #1311, .T. ) ;
#1688 = DIRECTION ( 'NONE',  ( -0.000000000000000000, 0.000000000000000000, 1.000000000000000000 ) ) ;
#1689 = EDGE_CURVE ( 'NONE', #2969, #342, #130, .T. ) ;
#1690 = DIRECTION ( 'NONE',  ( 0.000000000000000000, 0.000000000000000000, -1.000000000000000000 ) ) ;
#1691 = ORIENTED_EDGE ( 'NONE', *, *, #1800, .T. ) ;
#1692 = CARTESIAN_POINT ( 'NONE',  ( 60.99999999999997158, 84.99999999999998579, 5.000000000000000000 ) ) ;
#1693 = DIRECTION ( 'NONE',  ( -0.000000000000000000, 1.000000000000000000, -0.000000000000000000 ) ) ;
#1694 =( NAMED_UNIT ( * ) SI_UNIT ( $, .STERADIAN. ) SOLID_ANGLE_UNIT ( ) );
#1695 = DIRECTION ( 'NONE',  ( 0.000000000000000000, 0.000000000000000000, -1.000000000000000000 ) ) ;
#1696 = EDGE_CURVE ( 'NONE', #4274, #314, #905, .T. ) ;
#1697 = VERTEX_POINT ( 'NONE', #4977 ) ;
#1698 = EDGE_LOOP ( 'NONE', ( #1851, #72 ) ) ;
#1699 = FACE_OUTER_BOUND ( 'NONE', #1241, .T. ) ;
#1700 = LINE ( 'NONE', #2847, #3589 ) ;
#1701 = ORIENTED_EDGE ( 'NONE', *, *, #1369, .F. ) ;
#1702 = ORIENTED_EDGE ( 'NONE', *, *, #188, .F. ) ;
#1703 = CARTESIAN_POINT ( 'NONE',  ( 58.99999999999999289, 8.749999999999996447, 8.249999999999994671 ) ) ;
#1704 = DIRECTION ( 'NONE',  ( -0.000000000000000000, -0.000000000000000000, 1.000000000000000000 ) ) ;
#1705 = ORIENTED_EDGE ( 'NONE', *, *, #4971, .F. ) ;
#1706 = DIRECTION ( 'NONE',  ( -0.000000000000000000, -0.000000000000000000, -1.000000000000000000 ) ) ;
#1707 = LINE ( 'NONE', #2910, #5234 ) ;
#1708 = VECTOR ( 'NONE', #3122, 1000.000000000000114 ) ;
#1709 = DIRECTION ( 'NONE',  ( 0.000000000000000000, 0.000000000000000000, -1.000000000000000000 ) ) ;
#1710 = DIRECTION ( 'NONE',  ( -3.942553354492743901E-17, -1.000000000000000000, 0.000000000000000000 ) ) ;
#1711 = CIRCLE ( 'NONE', #4268, 2.299999999999998046 ) ;
#1712 = AXIS2_PLACEMENT_3D ( 'NONE', #1772, #1061, #2568 ) ;
#1713 = CARTESIAN_POINT ( 'NONE',  ( 18.25000000000000355, 88.00000000000000000, 25.10000000000000142 ) ) ;
#1714 = ORIENTED_EDGE ( 'NONE', *, *, #2147, .F. ) ;
#1715 = EDGE_CURVE ( 'NONE', #3114, #1860, #5058, .T. ) ;
#1716 = EDGE_CURVE ( 'NONE', #3544, #1860, #1673, .T. ) ;
#1717 = FACE_OUTER_BOUND ( 'NONE', #1097, .T. ) ;
#1718 = DIRECTION ( 'NONE',  ( 0.000000000000000000, 0.000000000000000000, -1.000000000000000000 ) ) ;
#1719 = CARTESIAN_POINT ( 'NONE',  ( 57.99999999999997868, 97.24999999999998579, 40.65634918610404469 ) ) ;
#1720 = CARTESIAN_POINT ( 'NONE',  ( 4.250000000000000000, 92.33428042534620772, 25.10000000000000142 ) ) ;
#1721 = VECTOR ( 'NONE', #2633, 1000.000000000000000 ) ;
#1722 = AXIS2_PLACEMENT_3D ( 'NONE', #96, #555, #3835 ) ;
#1723 = VERTEX_POINT ( 'NONE', #1420 ) ;
#1724 = EDGE_CURVE ( 'NONE', #775, #4710, #3755, .T. ) ;
#1725 = ORIENTED_EDGE ( 'NONE', *, *, #4037, .T. ) ;
#1726 = AXIS2_PLACEMENT_3D ( 'NONE', #4404, #5102, #3537 ) ;
#1727 = CARTESIAN_POINT ( 'NONE',  ( 2.999999999999982236, -6.000000000000000888, 25.10000000000000142 ) ) ;
#1728 = CARTESIAN_POINT ( 'NONE',  ( 66.12694372481277583, 97.04999999999996874, 6.000000000000000000 ) ) ;
#1729 = LINE ( 'NONE', #928, #3847 ) ;
#1730 = ORIENTED_EDGE ( 'NONE', *, *, #869, .T. ) ;
#1731 = EDGE_CURVE ( 'NONE', #4793, #1517, #2354, .T. ) ;
#1732 = ORIENTED_EDGE ( 'NONE', *, *, #3483, .F. ) ;
#1733 = CARTESIAN_POINT ( 'NONE',  ( -1.310679959626920933E-14, 84.99999999999997158, 5.000000000000000000 ) ) ;
#1734 = DIRECTION ( 'NONE',  ( -8.068481283613058260E-17, 1.000000000000000000, 0.000000000000000000 ) ) ;
#1735 = ORIENTED_EDGE ( 'NONE', *, *, #2922, .T. ) ;
#1736 = DIRECTION ( 'NONE',  ( -1.000000000000000000, 0.000000000000000000, 0.000000000000000000 ) ) ;
#1737 = CARTESIAN_POINT ( 'NONE',  ( 41.99999999999999289, 0.000000000000000000, 4.500000000000002665 ) ) ;
#1738 = CARTESIAN_POINT ( 'NONE',  ( 68.75388744962556586, 92.50000000000000000, 6.000000000000000000 ) ) ;
#1739 = FACE_BOUND ( 'NONE', #3299, .T. ) ;
#1740 = EDGE_LOOP ( 'NONE', ( #1167, #1191, #156, #4039 ) ) ;
#1741 = CARTESIAN_POINT ( 'NONE',  ( 18.25000000000000355, 90.00000000000000000, 8.499999999999998224 ) ) ;
#1742 = ORIENTED_EDGE ( 'NONE', *, *, #3840, .T. ) ;
#1743 = DIRECTION ( 'NONE',  ( 0.000000000000000000, -0.000000000000000000, -1.000000000000000000 ) ) ;
#1744 = CARTESIAN_POINT ( 'NONE',  ( 43.99999999999998579, 4.000000000000000000, 2.000000000000000000 ) ) ;
#1745 = FACE_OUTER_BOUND ( 'NONE', #609, .T. ) ;
#1746 = FACE_OUTER_BOUND ( 'NONE', #2289, .T. ) ;
#1747 = EDGE_CURVE ( 'NONE', #2736, #1791, #4260, .T. ) ;
#1748 = ORIENTED_EDGE ( 'NONE', *, *, #721, .T. ) ;
#1749 = VECTOR ( 'NONE', #518, 1000.000000000000000 ) ;
#1750 = VERTEX_POINT ( 'NONE', #158 ) ;
#1751 = CARTESIAN_POINT ( 'NONE',  ( 2.249999999999982681, -8.000000000000000000, 0.7500000000000000000 ) ) ;
#1752 = DIRECTION ( 'NONE',  ( -0.000000000000000000, -0.000000000000000000, -1.000000000000000000 ) ) ;
#1753 = DIRECTION ( 'NONE',  ( -0.000000000000000000, -0.000000000000000000, 1.000000000000000000 ) ) ;
#1754 = VECTOR ( 'NONE', #460, 1000.000000000000000 ) ;
#1755 = EDGE_CURVE ( 'NONE', #4710, #3921, #4207, .T. ) ;
#1756 = EDGE_CURVE ( 'NONE', #3357, #811, #4936, .T. ) ;
#1757 = ORIENTED_EDGE ( 'NONE', *, *, #1265, .T. ) ;
#1758 = CIRCLE ( 'NONE', #5114, 2.300000000000000266 ) ;
#1759 = ORIENTED_EDGE ( 'NONE', *, *, #4680, .T. ) ;
#1760 = CARTESIAN_POINT ( 'NONE',  ( -1.492946391512539606E-14, 80.99999999999997158, 0.000000000000000000 ) ) ;
#1761 = CARTESIAN_POINT ( 'NONE',  ( 4.000000000000000000, 65.00000000000000000, 2.000000000000000000 ) ) ;
#1762 = EDGE_CURVE ( 'NONE', #2155, #4715, #3870, .T. ) ;
#1763 = DIRECTION ( 'NONE',  ( 0.4999999999999941713, 0.8660254037844420383, 0.000000000000000000 ) ) ;
#1764 = VERTEX_POINT ( 'NONE', #3012 ) ;
#1765 = CARTESIAN_POINT ( 'NONE',  ( 60.99999999999999289, 0.000000000000000000, 0.000000000000000000 ) ) ;
#1766 = VECTOR ( 'NONE', #2588, 1000.000000000000000 ) ;
#1767 = LINE ( 'NONE', #4666, #1002 ) ;
#1768 = FACE_OUTER_BOUND ( 'NONE', #500, .T. ) ;
#1769 = CARTESIAN_POINT ( 'NONE',  ( 68.99999999999997158, 87.31066017177980143, 0.3106601717798218032 ) ) ;
#1770 = AXIS2_PLACEMENT_3D ( 'NONE', #273, #2650, #5094 ) ;
#1771 = ORIENTED_EDGE ( 'NONE', *, *, #883, .F. ) ;
#1772 = CARTESIAN_POINT ( 'NONE',  ( 43.99999999999998579, 2.000000000000000000, 7.000000000000000000 ) ) ;
#1773 = ORIENTED_EDGE ( 'NONE', *, *, #3139, .F. ) ;
#1774 = CARTESIAN_POINT ( 'NONE',  ( -7.050000000000019362, -2.499999999999995559, 6.000000000000000000 ) ) ;
#1775 = DIRECTION ( 'NONE',  ( 0.8660254037844412611, -0.4999999999999953926, 0.000000000000000000 ) ) ;
#1776 = DIRECTION ( 'NONE',  ( -1.000000000000000000, 0.000000000000000000, 0.000000000000000000 ) ) ;
#1777 = DIRECTION ( 'NONE',  ( -0.000000000000000000, -0.000000000000000000, -1.000000000000000000 ) ) ;
#1778 = VECTOR ( 'NONE', #4923, 1000.000000000000000 ) ;
#1779 = VERTEX_POINT ( 'NONE', #211 ) ;
#1780 = ORIENTED_EDGE ( 'NONE', *, *, #347, .F. ) ;
#1781 = PLANE ( 'NONE',  #1811 ) ;
#1782 = DIRECTION ( 'NONE',  ( 0.8660254037844370423, 0.5000000000000027756, -0.000000000000000000 ) ) ;
#1783 = CARTESIAN_POINT ( 'NONE',  ( 4.000000000000000000, 63.50000000000000000, 2.000000000000000000 ) ) ;
#1784 = VERTEX_POINT ( 'NONE', #931 ) ;
#1785 = ORIENTED_EDGE ( 'NONE', *, *, #289, .T. ) ;
#1786 = CARTESIAN_POINT ( 'NONE',  ( 58.24611255037434887, 92.49999999999997158, 6.000000000000000000 ) ) ;
#1787 = ADVANCED_FACE ( 'NONE', ( #5004 ), #4632, .T. ) ;
#1788 = EDGE_CURVE ( 'NONE', #1991, #3200, #2957, .T. ) ;
#1789 = CARTESIAN_POINT ( 'NONE',  ( -0.2000000000000174416, -2.500000000000000444, 25.10000000000000142 ) ) ;
#1790 = FACE_OUTER_BOUND ( 'NONE', #2366, .T. ) ;
#1791 = VERTEX_POINT ( 'NONE', #5087 ) ;
#1792 = CARTESIAN_POINT ( 'NONE',  ( 1.999999999999986677, 87.99999999999998579, 25.10000000000000142 ) ) ;
#1793 = EDGE_CURVE ( 'NONE', #1857, #2430, #1992, .T. ) ;
#1794 = LINE ( 'NONE', #1027, #3975 ) ;
#1795 = CARTESIAN_POINT ( 'NONE',  ( -2.500000000000017764, -2.500000000000000444, 6.000000000000000000 ) ) ;
#1796 = LINE ( 'NONE', #2940, #4444 ) ;
#1797 = ORIENTED_EDGE ( 'NONE', *, *, #3280, .T. ) ;
#1798 = CARTESIAN_POINT ( 'NONE',  ( 22.15000000000000213, 88.00000000000000000, 25.10000000000000497 ) ) ;
#1799 = ORIENTED_EDGE ( 'NONE', *, *, #4680, .F. ) ;
#1800 = EDGE_CURVE ( 'NONE', #4655, #529, #5232, .T. ) ;
#1801 = CARTESIAN_POINT ( 'NONE',  ( 58.99999999999998579, 31.49999999999999289, 11.95000000000000284 ) ) ;
#1802 = DIRECTION ( 'NONE',  ( 0.000000000000000000, 0.000000000000000000, -1.000000000000000000 ) ) ;
#1803 = CARTESIAN_POINT ( 'NONE',  ( 16.99999999999999289, 2.000000000000000000, 7.000000000000000000 ) ) ;
#1804 = CARTESIAN_POINT ( 'NONE',  ( 52.00000000000000000, 0.000000000000000000, 2.000000000000000000 ) ) ;
#1805 = VERTEX_POINT ( 'NONE', #760 ) ;
#1806 = AXIS2_PLACEMENT_3D ( 'NONE', #146, #2206, #4565 ) ;
#1807 = ORIENTED_EDGE ( 'NONE', *, *, #3312, .T. ) ;
#1808 = CARTESIAN_POINT ( 'NONE',  ( 2.999999991999983795, 1.999999999999999556, 30.10000000000000142 ) ) ;
#1809 = DIRECTION ( 'NONE',  ( 1.000000000000000000, 0.000000000000000000, 0.000000000000000000 ) ) ;
#1810 = FACE_OUTER_BOUND ( 'NONE', #958, .T. ) ;
#1811 = AXIS2_PLACEMENT_3D ( 'NONE', #3353, #3406, #1384 ) ;
#1812 = VECTOR ( 'NONE', #3516, 1000.000000000000000 ) ;
#1813 = VERTEX_POINT ( 'NONE', #4852 ) ;
#1814 = VECTOR ( 'NONE', #1380, 1000.000000000000000 ) ;
#1815 = EDGE_LOOP ( 'NONE', ( #367, #1222, #4145, #1528 ) ) ;
#1816 = DIRECTION ( 'NONE',  ( -0.000000000000000000, -0.000000000000000000, -1.000000000000000000 ) ) ;
#1817 = FACE_OUTER_BOUND ( 'NONE', #736, .T. ) ;
#1818 = CIRCLE ( 'NONE', #2057, 0.7500000000000006661 ) ;
#1819 = EDGE_CURVE ( 'NONE', #3546, #2300, #3213, .T. ) ;
#1820 = PLANE ( 'NONE',  #4527 ) ;
#1821 = EDGE_CURVE ( 'NONE', #2838, #2520, #3613, .T. ) ;
#1822 = VERTEX_POINT ( 'NONE', #641 ) ;
#1823 = DIRECTION ( 'NONE',  ( -1.000000000000000000, 0.000000000000000000, 0.000000000000000000 ) ) ;
#1824 =( BOUNDED_CURVE ( )  B_SPLINE_CURVE ( 3, ( #2005, #3203, #2777, #2378 ),
 .UNSPECIFIED., .F., .F. ) 
 B_SPLINE_CURVE_WITH_KNOTS ( ( 4, 4 ),
 ( -8.881784197001252323E-16, 1.570796326794895670 ),
 .UNSPECIFIED. ) 
 CURVE ( )  GEOMETRIC_REPRESENTATION_ITEM ( )  RATIONAL_B_SPLINE_CURVE ( ( 1.000000000000000000, 0.8047378541243649375, 0.8047378541243649375, 1.000000000000000000 ) ) 
 REPRESENTATION_ITEM ( '' )  );
#1825 = CARTESIAN_POINT ( 'NONE',  ( 2.999999999999982236, -7.250000000000000000, 0.000000000000000000 ) ) ;
#1826 = CARTESIAN_POINT ( 'NONE',  ( 0.000000000000000000, 0.000000000000000000, 6.000000000000000000 ) ) ;
#1827 = LINE ( 'NONE', #2594, #2156 ) ;
#1828 = EDGE_CURVE ( 'NONE', #4206, #4682, #5228, .T. ) ;
#1829 = ADVANCED_FACE ( 'NONE', ( #414 ), #2387, .T. ) ;
#1830 = ORIENTED_EDGE ( 'NONE', *, *, #3747, .T. ) ;
#1831 = DIRECTION ( 'NONE',  ( 0.000000000000000000, -1.000000000000000000, 0.000000000000000000 ) ) ;
#1832 = ORIENTED_EDGE ( 'NONE', *, *, #2026, .F. ) ;
#1833 = CARTESIAN_POINT ( 'NONE',  ( 58.99999999999998579, 24.49999999999998934, 11.94999999999999929 ) ) ;
#1834 = DIRECTION ( 'NONE',  ( -1.301042606982604335E-16, 1.000000000000000000, 0.000000000000000000 ) ) ;
#1835 = CARTESIAN_POINT ( 'NONE',  ( 68.24999999999997158, 93.37275866404782221, 0.000000000000000000 ) ) ;
#1836 = DIRECTION ( 'NONE',  ( 0.000000000000000000, -1.000000000000000000, 1.192622389734055124E-16 ) ) ;
#1837 = EDGE_CURVE ( 'NONE', #5238, #3783, #738, .T. ) ;
#1838 = VERTEX_POINT ( 'NONE', #3067 ) ;
#1839 = ORIENTED_EDGE ( 'NONE', *, *, #5109, .T. ) ;
#1840 = VECTOR ( 'NONE', #3552, 1000.000000000000000 ) ;
#1841 = CARTESIAN_POINT ( 'NONE',  ( 2.689405676075245993E-18, 9.000000000000035527, 25.10000000000000142 ) ) ;
#1842 = CARTESIAN_POINT ( 'NONE',  ( 4.000000000000000000, 32.00000000000000000, 2.000000000000000000 ) ) ;
#1843 = CARTESIAN_POINT ( 'NONE',  ( 57.99999999999999289, -6.000000000000000000, -15.55634918610404327 ) ) ;
#1844 = AXIS2_PLACEMENT_3D ( 'NONE', #1986, #2011, #1509 ) ;
#1845 = VERTEX_POINT ( 'NONE', #3897 ) ;
#1846 = ORIENTED_EDGE ( 'NONE', *, *, #545, .F. ) ;
#1847 = DIRECTION ( 'NONE',  ( -1.000000000000000000, -3.469446951953613400E-15, -0.000000000000000000 ) ) ;
#1848 = DIRECTION ( 'NONE',  ( -1.000000000000000000, -0.000000000000000000, -0.000000000000000000 ) ) ;
#1849 = VECTOR ( 'NONE', #509, 1000.000000000000000 ) ;
#1850 = FACE_OUTER_BOUND ( 'NONE', #1446, .T. ) ;
#1851 = ORIENTED_EDGE ( 'NONE', *, *, #1988, .T. ) ;
#1852 = LINE ( 'NONE', #2964, #2506 ) ;
#1853 = CARTESIAN_POINT ( 'NONE',  ( 56.99999999999997868, 63.50000000000000000, 7.000000000000000000 ) ) ;
#1854 = VECTOR ( 'NONE', #720, 1000.000000000000000 ) ;
#1855 = LINE ( 'NONE', #248, #1011 ) ;
#1856 = DIRECTION ( 'NONE',  ( 0.000000000000000000, 0.000000000000000000, 1.000000000000000000 ) ) ;
#1857 = VERTEX_POINT ( 'NONE', #4684 ) ;
#1858 = VECTOR ( 'NONE', #4640, 1000.000000000000000 ) ;
#1859 = CARTESIAN_POINT ( 'NONE',  ( -0.2000000000000013989, 92.50000000000000000, 0.000000000000000000 ) ) ;
#1860 = VERTEX_POINT ( 'NONE', #2670 ) ;
#1861 = CARTESIAN_POINT ( 'NONE',  ( -4.775000000000031442, 96.44041558721917795, 6.000000000000000000 ) ) ;
#1862 = CARTESIAN_POINT ( 'NONE',  ( 18.25000000000000355, 90.00000000000000000, 25.10000000000000142 ) ) ;
#1863 = EDGE_CURVE ( 'NONE', #4274, #2321, #3498, .T. ) ;
#1864 = EDGE_CURVE ( 'NONE', #2610, #1318, #4827, .T. ) ;
#1865 = LINE ( 'NONE', #4281, #4101 ) ;
#1866 = CYLINDRICAL_SURFACE ( 'NONE', #3861, 0.7500000000000006661 ) ;
#1867 = ORIENTED_EDGE ( 'NONE', *, *, #1534, .T. ) ;
#1868 = ORIENTED_EDGE ( 'NONE', *, *, #4233, .T. ) ;
#1869 = ADVANCED_FACE ( 'NONE', ( #1875 ), #4711, .T. ) ;
#1870 = CARTESIAN_POINT ( 'NONE',  ( 58.99999999999998579, 31.49999999999999289, 8.250000000000001776 ) ) ;
#1871 = AXIS2_PLACEMENT_3D ( 'NONE', #274, #3530, #3152 ) ;
#1872 = ORIENTED_EDGE ( 'NONE', *, *, #3448, .T. ) ;
#1873 = ORIENTED_EDGE ( 'NONE', *, *, #4946, .T. ) ;
#1874 = EDGE_LOOP ( 'NONE', ( #2931, #4013, #3811, #3640 ) ) ;
#1875 = FACE_OUTER_BOUND ( 'NONE', #2791, .T. ) ;
#1876 = CARTESIAN_POINT ( 'NONE',  ( 58.99999999999999289, 8.750000000000005329, 25.10000000000000142 ) ) ;
#1877 = ORIENTED_EDGE ( 'NONE', *, *, #1375, .F. ) ;
#1878 = DIRECTION ( 'NONE',  ( 0.000000000000000000, 1.000000000000000000, 0.000000000000000000 ) ) ;
#1879 = CARTESIAN_POINT ( 'NONE',  ( 22.50000000000000000, 0.000000000000000000, 12.00000000000000000 ) ) ;
#1880 = PLANE ( 'NONE',  #3136 ) ;
#1881 = CARTESIAN_POINT ( 'NONE',  ( -6.000000000000002665, 9.000000000000001776, 0.000000000000000000 ) ) ;
#1882 = ORIENTED_EDGE ( 'NONE', *, *, #776, .F. ) ;
#1883 = CARTESIAN_POINT ( 'NONE',  ( 68.24999999999998579, -7.250000000000000000, 0.000000000000000000 ) ) ;
#1884 = ORIENTED_EDGE ( 'NONE', *, *, #3802, .F. ) ;
#1885 = LINE ( 'NONE', #4249, #4213 ) ;
#1886 = DIRECTION ( 'NONE',  ( 0.000000000000000000, 0.000000000000000000, -1.000000000000000000 ) ) ;
#1887 = FACE_OUTER_BOUND ( 'NONE', #3282, .T. ) ;
#1888 = LINE ( 'NONE', #687, #964 ) ;
#1889 = ADVANCED_FACE ( 'NONE', ( #3097 ), #4061, .F. ) ;
#1890 = EDGE_CURVE ( 'NONE', #1070, #2763, #1072, .T. ) ;
#1891 = ORIENTED_EDGE ( 'NONE', *, *, #289, .F. ) ;
#1892 = ORIENTED_EDGE ( 'NONE', *, *, #2316, .F. ) ;
#1893 = VECTOR ( 'NONE', #4829, 1000.000000000000227 ) ;
#1894 = FACE_BOUND ( 'NONE', #4149, .T. ) ;
#1895 = ORIENTED_EDGE ( 'NONE', *, *, #2315, .T. ) ;
#1896 = ADVANCED_FACE ( 'NONE', ( #2019 ), #5206, .F. ) ;
#1897 = VERTEX_POINT ( 'NONE', #3641 ) ;
#1898 = EDGE_LOOP ( 'NONE', ( #3170, #597, #4915, #1563, #742, #2873, #3240, #3079, #890, #2218, #2134, #635, #4756, #4192, #4916, #4554 ) ) ;
#1899 = DIRECTION ( 'NONE',  ( -0.8660254037844393737, -0.4999999999999988898, 0.000000000000000000 ) ) ;
#1900 = VECTOR ( 'NONE', #2266, 1000.000000000000000 ) ;
#1901 = AXIS2_PLACEMENT_3D ( 'NONE', #2895, #2074, #1671 ) ;
#1902 = AXIS2_PLACEMENT_3D ( 'NONE', #2632, #2207, #4566 ) ;
#1903 = EDGE_CURVE ( 'NONE', #3996, #592, #2787, .T. ) ;
#1904 = ORIENTED_EDGE ( 'NONE', *, *, #4226, .F. ) ;
#1905 = VECTOR ( 'NONE', #151, 1000.000000000000000 ) ;
#1906 = DIRECTION ( 'NONE',  ( -1.000000000000000000, -6.100126508929425646E-15, 0.000000000000000000 ) ) ;
#1907 = CARTESIAN_POINT ( 'NONE',  ( 43.99999999999998579, 2.000000000000000000, 7.000000000000000000 ) ) ;
#1908 = VECTOR ( 'NONE', #1710, 1000.000000000000000 ) ;
#1909 = LINE ( 'NONE', #1456, #2372 ) ;
#1910 = ORIENTED_EDGE ( 'NONE', *, *, #3770, .F. ) ;
#1911 = DIRECTION ( 'NONE',  ( -1.000000000000000000, -0.000000000000000000, -0.000000000000000000 ) ) ;
#1912 = CARTESIAN_POINT ( 'NONE',  ( 58.95000000000001705, -2.499999999999974243, 0.000000000000000000 ) ) ;
#1913 = DIRECTION ( 'NONE',  ( 1.000000000000000000, -1.521687259628778569E-17, 0.000000000000000000 ) ) ;
#1914 = CARTESIAN_POINT ( 'NONE',  ( 0.000000000000000000, 0.000000000000000000, 2.000000000000000000 ) ) ;
#1915 = CARTESIAN_POINT ( 'NONE',  ( 60.99999999999998579, 37.99999999999999289, 8.250000000000000000 ) ) ;
#1916 = ORIENTED_EDGE ( 'NONE', *, *, #2987, .T. ) ;
#1917 = VERTEX_POINT ( 'NONE', #2839 ) ;
#1918 = CARTESIAN_POINT ( 'NONE',  ( 68.24999999999998579, -7.250000000000000000, -15.55634918610404327 ) ) ;
#1919 = EDGE_LOOP ( 'NONE', ( #3901, #4658, #3949, #1493 ) ) ;
#1920 = CIRCLE ( 'NONE', #3550, 5.999999999999998224 ) ;
#1921 = VERTEX_POINT ( 'NONE', #4801 ) ;
#1922 = ORIENTED_EDGE ( 'NONE', *, *, #1793, .T. ) ;
#1923 = DIRECTION ( 'NONE',  ( 1.000000000000000000, 6.100126508929428801E-15, 0.000000000000000000 ) ) ;
#1924 = ADVANCED_FACE ( 'NONE', ( #4407 ), #334, .F. ) ;
#1925 = EDGE_CURVE ( 'NONE', #3783, #1680, #891, .T. ) ;
#1926 = CIRCLE ( 'NONE', #2009, 2.299999999999989608 ) ;
#1927 = ORIENTED_EDGE ( 'NONE', *, *, #3517, .T. ) ;
#1928 = CARTESIAN_POINT ( 'NONE',  ( 56.99999999999997868, 32.00000000000000711, 2.000000000000000000 ) ) ;
#1929 = VECTOR ( 'NONE', #1911, 1000.000000000000000 ) ;
#1930 = CARTESIAN_POINT ( 'NONE',  ( 1.999999999999999556, 2.000000000000000888, 8.599999999999999645 ) ) ;
#1931 = EDGE_CURVE ( 'NONE', #51, #177, #3771, .T. ) ;
#1932 = CARTESIAN_POINT ( 'NONE',  ( 68.24999999999997158, 97.24999999999997158, 0.7500000000000000000 ) ) ;
#1933 = AXIS2_PLACEMENT_3D ( 'NONE', #4895, #990, #2984 ) ;
#1934 = ORIENTED_EDGE ( 'NONE', *, *, #3058, .T. ) ;
#1935 = CARTESIAN_POINT ( 'NONE',  ( 57.99999999999998579, 87.00000000000000000, 40.65634918610404469 ) ) ;
#1936 = DIRECTION ( 'NONE',  ( 0.000000000000000000, 1.000000000000000000, 0.000000000000000000 ) ) ;
#1937 = DIRECTION ( 'NONE',  ( -0.000000000000000000, -0.000000000000000000, -1.000000000000000000 ) ) ;
#1938 = CARTESIAN_POINT ( 'NONE',  ( 1.999999999999987121, 84.99999999999997158, 5.000000000000000000 ) ) ;
#1939 = CARTESIAN_POINT ( 'NONE',  ( 57.99999999999998579, 87.00000000000000000, 40.65634918610404469 ) ) ;
#1940 = VECTOR ( 'NONE', #2906, 1000.000000000000000 ) ;
#1941 = ORIENTED_EDGE ( 'NONE', *, *, #2088, .T. ) ;
#1942 = VERTEX_POINT ( 'NONE', #33 ) ;
#1943 = FACE_BOUND ( 'NONE', #333, .T. ) ;
#1944 = EDGE_LOOP ( 'NONE', ( #4211, #1098, #4064, #1934 ) ) ;
#1945 = VERTEX_POINT ( 'NONE', #841 ) ;
#1946 = ORIENTED_EDGE ( 'NONE', *, *, #1821, .T. ) ;
#1947 = DIRECTION ( 'NONE',  ( 0.000000000000000000, 0.000000000000000000, 1.000000000000000000 ) ) ;
#1948 = VECTOR ( 'NONE', #4843, 1000.000000000000000 ) ;
#1949 = ORIENTED_EDGE ( 'NONE', *, *, #5211, .F. ) ;
#1950 = EDGE_CURVE ( 'NONE', #1484, #2049, #2919, .T. ) ;
#1951 = EDGE_CURVE ( 'NONE', #1271, #1443, #1667, .T. ) ;
#1952 = CARTESIAN_POINT ( 'NONE',  ( -7.250000000000000000, 97.99999999999998579, 0.7500000000000006661 ) ) ;
#1953 = CARTESIAN_POINT ( 'NONE',  ( 58.99999999999997158, 63.50000000000000000, 4.999999999999997335 ) ) ;
#1954 = FACE_OUTER_BOUND ( 'NONE', #680, .T. ) ;
#1955 = ORIENTED_EDGE ( 'NONE', *, *, #236, .T. ) ;
#1956 = ADVANCED_FACE ( 'NONE', ( #4165 ), #945, .F. ) ;
#1957 = DIRECTION ( 'NONE',  ( 1.541976423090495633E-16, -1.000000000000000000, 1.246832498358330346E-16 ) ) ;
#1958 = CARTESIAN_POINT ( 'NONE',  ( 1.999999999999999556, 32.00000000000000000, 7.000000000000000000 ) ) ;
#1959 = DIRECTION ( 'NONE',  ( 4.180056568618811498E-16, 0.000000000000000000, -1.000000000000000000 ) ) ;
#1960 = DIRECTION ( 'NONE',  ( 0.000000000000000000, -0.000000000000000000, -1.000000000000000000 ) ) ;
#1961 = ADVANCED_FACE ( 'NONE', ( #1717, #2515 ), #2892, .T. ) ;
#1962 = ORIENTED_EDGE ( 'NONE', *, *, #1657, .F. ) ;
#1963 = DIRECTION ( 'NONE',  ( -0.000000000000000000, -0.000000000000000000, -1.000000000000000000 ) ) ;
#1964 = VERTEX_POINT ( 'NONE', #2490 ) ;
#1965 = DIRECTION ( 'NONE',  ( 0.000000000000000000, 0.000000000000000000, 1.000000000000000000 ) ) ;
#1966 = ORIENTED_EDGE ( 'NONE', *, *, #3151, .F. ) ;
#1967 = ORIENTED_EDGE ( 'NONE', *, *, #1925, .F. ) ;
#1968 = VERTEX_POINT ( 'NONE', #2866 ) ;
#1969 = VECTOR ( 'NONE', #387, 1000.000000000000000 ) ;
#1970 = PLANE ( 'NONE',  #4687 ) ;
#1971 = B_SPLINE_CURVE_WITH_KNOTS ( 'NONE', 3,
 ( #3883, #3078, #4303, #2288 ),
 .UNSPECIFIED., .F., .F.,
 ( 4, 4 ),
 ( 0.000000000000000000, 1.000000000000000000 ),
 .UNSPECIFIED. ) ;
#1972 = VECTOR ( 'NONE', #3477, 1000.000000000000000 ) ;
#1973 = ORIENTED_EDGE ( 'NONE', *, *, #2566, .F. ) ;
#1974 = ORIENTED_EDGE ( 'NONE', *, *, #3769, .T. ) ;
#1975 = DIRECTION ( 'NONE',  ( -0.000000000000000000, -0.000000000000000000, 1.000000000000000000 ) ) ;
#1976 = LINE ( 'NONE', #4396, #663 ) ;
#1977 = AXIS2_PLACEMENT_3D ( 'NONE', #4086, #8, #2519 ) ;
#1978 = ADVANCED_FACE ( 'NONE', ( #4139 ), #1294, .T. ) ;
#1979 = LINE ( 'NONE', #4818, #2538 ) ;
#1980 = EDGE_CURVE ( 'NONE', #4301, #3200, #4933, .T. ) ;
#1981 = AXIS2_PLACEMENT_3D ( 'NONE', #3111, #3956, #3911 ) ;
#1982 = VERTEX_POINT ( 'NONE', #5 ) ;
#1983 = CIRCLE ( 'NONE', #2915, 2.299999999999996270 ) ;
#1984 = LINE ( 'NONE', #3606, #390 ) ;
#1985 = AXIS2_PLACEMENT_3D ( 'NONE', #2462, #4428, #805 ) ;
#1986 = CARTESIAN_POINT ( 'NONE',  ( 0.000000000000000000, 0.000000000000000000, 2.000000000000000000 ) ) ;
#1987 = FACE_OUTER_BOUND ( 'NONE', #4789, .T. ) ;
#1988 = EDGE_CURVE ( 'NONE', #2569, #1921, #1926, .T. ) ;
#1989 = CARTESIAN_POINT ( 'NONE',  ( 41.99999999999999289, 0.000000000000000000, 12.00000000000000178 ) ) ;
#1990 = EDGE_CURVE ( 'NONE', #1964, #5105, #1639, .T. ) ;
#1991 = VERTEX_POINT ( 'NONE', #438 ) ;
#1992 = LINE ( 'NONE', #3237, #2172 ) ;
#1993 = ORIENTED_EDGE ( 'NONE', *, *, #1664, .F. ) ;
#1994 = DIRECTION ( 'NONE',  ( 1.000000000000000000, 2.312964634635743450E-16, -0.000000000000000000 ) ) ;
#1995 = CARTESIAN_POINT ( 'NONE',  ( 0.000000000000000000, 0.000000000000000000, 0.000000000000000000 ) ) ;
#1996 = EDGE_CURVE ( 'NONE', #51, #4958, #4722, .T. ) ;
#1997 = ORIENTED_EDGE ( 'NONE', *, *, #1410, .F. ) ;
#1998 = ORIENTED_EDGE ( 'NONE', *, *, #808, .T. ) ;
#1999 = ORIENTED_EDGE ( 'NONE', *, *, #3994, .T. ) ;
#2000 = DIRECTION ( 'NONE',  ( 0.000000000000000000, -0.000000000000000000, 1.000000000000000000 ) ) ;
#2001 = DIRECTION ( 'NONE',  ( 1.000000000000000000, 0.000000000000000000, 0.000000000000000000 ) ) ;
#2002 = ORIENTED_EDGE ( 'NONE', *, *, #3645, .F. ) ;
#2003 = ORIENTED_EDGE ( 'NONE', *, *, #3548, .T. ) ;
#2004 = LINE ( 'NONE', #4525, #3959 ) ;
#2005 = CARTESIAN_POINT ( 'NONE',  ( 57.99999999999997868, 97.24999999999998579, 0.000000000000000000 ) ) ;
#2006 = VECTOR ( 'NONE', #4432, 1000.000000000000000 ) ;
#2007 = CARTESIAN_POINT ( 'NONE',  ( 58.99999999999998579, 31.49999999999999289, 8.250000000000001776 ) ) ;
#2008 = ORIENTED_EDGE ( 'NONE', *, *, #4868, .F. ) ;
#2009 = AXIS2_PLACEMENT_3D ( 'NONE', #4193, #2043, #495 ) ;
#2010 = DIRECTION ( 'NONE',  ( -6.481384415737504099E-15, -1.000000000000000000, 0.000000000000000000 ) ) ;
#2011 = DIRECTION ( 'NONE',  ( 1.000000000000000000, 1.843143693225358031E-16, -0.000000000000000000 ) ) ;
#2012 = CARTESIAN_POINT ( 'NONE',  ( -7.250000000000000000, 97.24999999999998579, -15.55634918610404327 ) ) ;
#2013 = VECTOR ( 'NONE', #4374, 1000.000000000000114 ) ;
#2014 = PLANE ( 'NONE',  #789 ) ;
#2015 = VECTOR ( 'NONE', #1734, 1000.000000000000000 ) ;
#2016 = ORIENTED_EDGE ( 'NONE', *, *, #585, .F. ) ;
#2017 = EDGE_CURVE ( 'NONE', #1506, #2308, #467, .T. ) ;
#2018 = EDGE_CURVE ( 'NONE', #1838, #2391, #2944, .T. ) ;
#2019 = FACE_OUTER_BOUND ( 'NONE', #4382, .T. ) ;
#2020 = CARTESIAN_POINT ( 'NONE',  ( 58.99999999999998579, 18.24999999999999289, 11.94999999999999751 ) ) ;
#2021 = VECTOR ( 'NONE', #3926, 1000.000000000000000 ) ;
#2022 = CARTESIAN_POINT ( 'NONE',  ( 58.99999999999998579, 37.99999999999999289, 11.95000000000000462 ) ) ;
#2023 = EDGE_LOOP ( 'NONE', ( #1807, #2988, #2660, #1922 ) ) ;
#2024 = ORIENTED_EDGE ( 'NONE', *, *, #3531, .T. ) ;
#2025 = AXIS2_PLACEMENT_3D ( 'NONE', #159, #4237, #2960 ) ;
#2026 = EDGE_CURVE ( 'NONE', #2128, #2607, #2070, .T. ) ;
#2027 = ORIENTED_EDGE ( 'NONE', *, *, #378, .T. ) ;
#2028 = DIRECTION ( 'NONE',  ( -1.000000000000000000, 0.000000000000000000, 0.000000000000000000 ) ) ;
#2029 = VECTOR ( 'NONE', #3762, 1000.000000000000000 ) ;
#2030 = VERTEX_POINT ( 'NONE', #3318 ) ;
#2031 = ADVANCED_FACE ( 'NONE', ( #4564 ), #920, .F. ) ;
#2032 = ORIENTED_EDGE ( 'NONE', *, *, #1434, .T. ) ;
#2033 = CARTESIAN_POINT ( 'NONE',  ( 3.000000000000000000, 97.24999999999998579, 25.10000000000000142 ) ) ;
#2034 = FACE_OUTER_BOUND ( 'NONE', #5080, .T. ) ;
#2035 = CARTESIAN_POINT ( 'NONE',  ( 1.999999999999987121, 84.99999999999997158, 5.000000000000000000 ) ) ;
#2036 = ORIENTED_EDGE ( 'NONE', *, *, #1716, .T. ) ;
#2037 = DIRECTION ( 'NONE',  ( -1.000000000000000000, -2.312964634635743450E-16, 0.000000000000000000 ) ) ;
#2038 = CARTESIAN_POINT ( 'NONE',  ( -0.2250000000000209610, -6.440415587219199267, 0.000000000000000000 ) ) ;
#2039 = DIRECTION ( 'NONE',  ( -0.000000000000000000, -0.000000000000000000, -1.000000000000000000 ) ) ;
#2040 = CARTESIAN_POINT ( 'NONE',  ( 4.000000000000000000, 32.00000000000000000, 7.000000000000000000 ) ) ;
#2041 = CARTESIAN_POINT ( 'NONE',  ( 8.999999999999984013, -6.000000000000000000, 40.65634918610404469 ) ) ;
#2042 = ORIENTED_EDGE ( 'NONE', *, *, #1715, .T. ) ;
#2043 = DIRECTION ( 'NONE',  ( -0.000000000000000000, -0.000000000000000000, 1.000000000000000000 ) ) ;
#2044 = CYLINDRICAL_SURFACE ( 'NONE', #3086, 0.7500000000000006661 ) ;
#2045 = CARTESIAN_POINT ( 'NONE',  ( 1.999999999999990452, 63.50000000000000000, 7.000000000000000000 ) ) ;
#2046 = EDGE_CURVE ( 'NONE', #4603, #4575, #2205, .T. ) ;
#2047 = VERTEX_POINT ( 'NONE', #1485 ) ;
#2048 = ORIENTED_EDGE ( 'NONE', *, *, #22, .T. ) ;
#2049 = VERTEX_POINT ( 'NONE', #200 ) ;
#2050 = DIRECTION ( 'NONE',  ( 1.577021341797097560E-16, 1.000000000000000000, 0.000000000000000000 ) ) ;
#2051 = CARTESIAN_POINT ( 'NONE',  ( 41.99999999999999289, 2.000000000000000000, 4.500000000000002665 ) ) ;
#2052 = EDGE_CURVE ( 'NONE', #3894, #1613, #3425, .T. ) ;
#2053 = ORIENTED_EDGE ( 'NONE', *, *, #654, .F. ) ;
#2054 = ORIENTED_EDGE ( 'NONE', *, *, #160, .T. ) ;
#2055 = CARTESIAN_POINT ( 'NONE',  ( -7.250000000000018652, -8.000000000000000000, 40.65634918610404469 ) ) ;
#2056 = CARTESIAN_POINT ( 'NONE',  ( -0.2249999999999731104, 88.55958441278082205, 0.000000000000000000 ) ) ;
#2057 = AXIS2_PLACEMENT_3D ( 'NONE', #58, #1690, #1292 ) ;
#2058 = LINE ( 'NONE', #3999, #1356 ) ;
#2059 = ADVANCED_FACE ( 'NONE', ( #3885 ), #4673, .F. ) ;
#2060 = ORIENTED_EDGE ( 'NONE', *, *, #5231, .F. ) ;
#2061 = FACE_OUTER_BOUND ( 'NONE', #1652, .T. ) ;
#2062 = DIRECTION ( 'NONE',  ( -0.000000000000000000, -0.000000000000000000, -1.000000000000000000 ) ) ;
#2063 = LINE ( 'NONE', #4403, #279 ) ;
#2064 = PLANE ( 'NONE',  #3094 ) ;
#2065 = AXIS2_PLACEMENT_3D ( 'NONE', #2809, #4934, #3293 ) ;
#2066 = VECTOR ( 'NONE', #3191, 1000.000000000000000 ) ;
#2067 = VECTOR ( 'NONE', #3158, 1000.000000000000114 ) ;
#2068 = CARTESIAN_POINT ( 'NONE',  ( 18.50000000000000000, 4.000000000000000000, 7.000000000000000000 ) ) ;
#2069 = ORIENTED_EDGE ( 'NONE', *, *, #1756, .T. ) ;
#2070 = LINE ( 'NONE', #4961, #3278 ) ;
#2071 = VECTOR ( 'NONE', #2438, 1000.000000000000000 ) ;
#2072 = LINE ( 'NONE', #61, #2661 ) ;
#2073 = LINE ( 'NONE', #1670, #3752 ) ;
#2074 = DIRECTION ( 'NONE',  ( 2.312964634635743450E-16, -1.000000000000000000, 0.000000000000000000 ) ) ;
#2075 = ORIENTED_EDGE ( 'NONE', *, *, #3151, .T. ) ;
#2076 = ORIENTED_EDGE ( 'NONE', *, *, #4399, .T. ) ;
#2077 = DIRECTION ( 'NONE',  ( 1.000000000000000000, 0.000000000000000000, 0.000000000000000000 ) ) ;
#2078 = CARTESIAN_POINT ( 'NONE',  ( 18.25000000000000355, 88.00000000000000000, 25.10000000000000142 ) ) ;
#2079 = ORIENTED_EDGE ( 'NONE', *, *, #1173, .T. ) ;
#2080 = VERTEX_POINT ( 'NONE', #546 ) ;
#2081 = CARTESIAN_POINT ( 'NONE',  ( 4.000000000000000000, 63.50000000000000000, 2.000000000000000000 ) ) ;
#2082 = EDGE_CURVE ( 'NONE', #2949, #571, #2176, .T. ) ;
#2083 = EDGE_CURVE ( 'NONE', #552, #1147, #3456, .T. ) ;
#2084 = CARTESIAN_POINT ( 'NONE',  ( 68.99999999999997158, 97.24999999999997158, 40.65634918610404469 ) ) ;
#2085 = ORIENTED_EDGE ( 'NONE', *, *, #328, .F. ) ;
#2086 = VECTOR ( 'NONE', #2192, 1000.000000000000000 ) ;
#2087 = LINE ( 'NONE', #5277, #992 ) ;
#2088 = EDGE_CURVE ( 'NONE', #2420, #4760, #631, .T. ) ;
#2089 = CARTESIAN_POINT ( 'NONE',  ( 36.49999999999998579, 90.00000000000000000, 8.499999999999998224 ) ) ;
#2090 = PLANE ( 'NONE',  #2916 ) ;
#2091 = DIRECTION ( 'NONE',  ( -1.000000000000000000, 0.000000000000000000, 0.000000000000000000 ) ) ;
#2092 = VECTOR ( 'NONE', #4488, 1000.000000000000000 ) ;
#2093 = VECTOR ( 'NONE', #3009, 1000.000000000000000 ) ;
#2094 = DIRECTION ( 'NONE',  ( 0.5000000000000011102, 0.8660254037844380415, 0.000000000000000000 ) ) ;
#2095 = VERTEX_POINT ( 'NONE', #145 ) ;
#2096 = CARTESIAN_POINT ( 'NONE',  ( 60.87305627518716022, 87.94999999999997442, 6.000000000000000000 ) ) ;
#2097 = PLANE ( 'NONE',  #1296 ) ;
#2098 = AXIS2_PLACEMENT_3D ( 'NONE', #937, #4609, #3820 ) ;
#2099 = DIRECTION ( 'NONE',  ( -1.000000000000000000, 6.481384415737504888E-15, 0.000000000000000000 ) ) ;
#2100 = ORIENTED_EDGE ( 'NONE', *, *, #2026, .T. ) ;
#2101 = ORIENTED_EDGE ( 'NONE', *, *, #1554, .T. ) ;
#2102 = DIRECTION ( 'NONE',  ( -1.000000000000000000, -1.541976423090495633E-16, -0.000000000000000000 ) ) ;
#2103 = LINE ( 'NONE', #3651, #4939 ) ;
#2104 = CIRCLE ( 'NONE', #234, 2.299999999999998046 ) ;
#2105 = VERTEX_POINT ( 'NONE', #1460 ) ;
#2106 = ORIENTED_EDGE ( 'NONE', *, *, #5262, .F. ) ;
#2107 = DIRECTION ( 'NONE',  ( 0.000000000000000000, 0.000000000000000000, -1.000000000000000000 ) ) ;
#2108 = CARTESIAN_POINT ( 'NONE',  ( 57.99999999999998579, 87.00000000000000000, 0.000000000000000000 ) ) ;
#2109 = EDGE_CURVE ( 'NONE', #3489, #2520, #4619, .T. ) ;
#2110 = EDGE_CURVE ( 'NONE', #4304, #2047, #5046, .T. ) ;
#2111 = ORIENTED_EDGE ( 'NONE', *, *, #378, .F. ) ;
#2112 = PRODUCT_DEFINITION_SHAPE ( 'NONE', 'NONE',  #1611 ) ;
#2113 = DIRECTION ( 'NONE',  ( 0.000000000000000000, 0.000000000000000000, -1.000000000000000000 ) ) ;
#2114 = DIRECTION ( 'NONE',  ( -1.000000000000000000, 0.000000000000000000, 1.239088197126290570E-16 ) ) ;
#2115 = CARTESIAN_POINT ( 'NONE',  ( -7.250000000000015987, 3.000000000000000000, 40.65634918610404469 ) ) ;
#2116 = AXIS2_PLACEMENT_3D ( 'NONE', #753, #48, #4102 ) ;
#2117 = CARTESIAN_POINT ( 'NONE',  ( 60.99999999999997158, 80.99999999999998579, 1.999999999999999556 ) ) ;
#2118 = EDGE_CURVE ( 'NONE', #2210, #1303, #3857, .T. ) ;
#2119 = CARTESIAN_POINT ( 'NONE',  ( 65.77500000000004832, 1.440415587219181281, 6.000000000000000000 ) ) ;
#2120 = ORIENTED_EDGE ( 'NONE', *, *, #5103, .F. ) ;
#2121 = CARTESIAN_POINT ( 'NONE',  ( 57.99999999999997868, 96.00000000000000000, 40.65634918610404469 ) ) ;
#2122 = DIRECTION ( 'NONE',  ( 0.000000000000000000, 0.000000000000000000, -1.000000000000000000 ) ) ;
#2123 = CARTESIAN_POINT ( 'NONE',  ( 58.99999999999998579, 37.99999999999999289, 11.95000000000000462 ) ) ;
#2124 = FACE_OUTER_BOUND ( 'NONE', #2855, .T. ) ;
#2126 = EDGE_CURVE ( 'NONE', #4735, #665, #975, .T. ) ;
#2125 = VECTOR ( 'NONE', #1361, 1000.000000000000000 ) ;
#2127 = EDGE_LOOP ( 'NONE', ( #4117, #2069, #3960, #5157, #5161 ) ) ;
#2128 = VERTEX_POINT ( 'NONE', #1774 ) ;
#2129 = CARTESIAN_POINT ( 'NONE',  ( 58.99999999999998579, 18.24999999999998934, 8.249999999999996447 ) ) ;
#2130 = CARTESIAN_POINT ( 'NONE',  ( 2.999999999999983569, -6.000000000000000000, 30.10000000000000142 ) ) ;
#2131 = EDGE_LOOP ( 'NONE', ( #1140, #375, #4200, #2694 ) ) ;
#2132 = ORIENTED_EDGE ( 'NONE', *, *, #4546, .T. ) ;
#2133 = CARTESIAN_POINT ( 'NONE',  ( 58.99999999999999289, 2.000000000000000000, 2.000000000000000000 ) ) ;
#2134 = ORIENTED_EDGE ( 'NONE', *, *, #1138, .T. ) ;
#2135 = CARTESIAN_POINT ( 'NONE',  ( 58.99999999999999289, 88.00000000000000000, 25.10000000000000142 ) ) ;
#2136 = CARTESIAN_POINT ( 'NONE',  ( -7.250000000000016875, 1.143340472802898400E-15, 0.000000000000000000 ) ) ;
#2137 = AXIS2_PLACEMENT_3D ( 'NONE', #2816, #4441, #794 ) ;
#2138 = EDGE_CURVE ( 'NONE', #703, #3733, #302, .T. ) ;
#2139 = EDGE_CURVE ( 'NONE', #1845, #3972, #4906, .T. ) ;
#2140 = FACE_OUTER_BOUND ( 'NONE', #574, .T. ) ;
#2141 = DIRECTION ( 'NONE',  ( -0.000000000000000000, -0.000000000000000000, -1.000000000000000000 ) ) ;
#2142 = ORIENTED_EDGE ( 'NONE', *, *, #5275, .T. ) ;
#2143 = CARTESIAN_POINT ( 'NONE',  ( 9.000000000000000000, 96.00000000000000000, 0.000000000000000000 ) ) ;
#2144 = ORIENTED_EDGE ( 'NONE', *, *, #2082, .F. ) ;
#2145 = CARTESIAN_POINT ( 'NONE',  ( 1.999999999999986677, 87.99999999999998579, 8.599999999999999645 ) ) ;
#2146 = DIRECTION ( 'NONE',  ( 1.000000000000000000, 0.000000000000000000, 0.000000000000000000 ) ) ;
#2147 = EDGE_CURVE ( 'NONE', #4199, #2155, #4220, .T. ) ;
#2148 = EDGE_CURVE ( 'NONE', #671, #2349, #3828, .T. ) ;
#2149 = LINE ( 'NONE', #979, #624 ) ;
#2150 = CARTESIAN_POINT ( 'NONE',  ( 1.999999999999987121, 84.99999999999997158, 5.000000000000000000 ) ) ;
#2151 = AXIS2_PLACEMENT_3D ( 'NONE', #4115, #4886, #4541 ) ;
#2152 = VECTOR ( 'NONE', #4796, 1000.000000000000000 ) ;
#2153 = VECTOR ( 'NONE', #5000, 1000.000000000000227 ) ;
#2154 = VERTEX_POINT ( 'NONE', #172 ) ;
#2155 = VERTEX_POINT ( 'NONE', #1801 ) ;
#2156 = VECTOR ( 'NONE', #2201, 1000.000000000000000 ) ;
#2157 = DIRECTION ( 'NONE',  ( -0.000000000000000000, -0.000000000000000000, 1.000000000000000000 ) ) ;
#2158 = EDGE_CURVE ( 'NONE', #4704, #2392, #1885, .T. ) ;
#2159 = DIRECTION ( 'NONE',  ( 0.000000000000000000, 1.000000000000000000, 0.000000000000000000 ) ) ;
#2160 = CARTESIAN_POINT ( 'NONE',  ( 68.24999999999997158, 97.99999999999997158, 40.65634918610404469 ) ) ;
#2161 = UNCERTAINTY_MEASURE_WITH_UNIT (LENGTH_MEASURE( 1.000000000000000082E-05 ), #3307, 'distance_accuracy_value', 'NONE');
#2162 = ORIENTED_EDGE ( 'NONE', *, *, #4754, .F. ) ;
#2163 = VERTEX_POINT ( 'NONE', #5127 ) ;
#2164 = DIRECTION ( 'NONE',  ( -1.000000000000000000, -0.000000000000000000, -0.000000000000000000 ) ) ;
#2165 = DIRECTION ( 'NONE',  ( -0.000000000000000000, -1.000000000000000000, -0.000000000000000000 ) ) ;
#2166 = CARTESIAN_POINT ( 'NONE',  ( 65.77500000000004832, 1.440415587219181281, 6.000000000000000000 ) ) ;
#2167 = VERTEX_POINT ( 'NONE', #2233 ) ;
#2168 = LINE ( 'NONE', #3362, #734 ) ;
#2169 = CYLINDRICAL_SURFACE ( 'NONE', #4397, 6.000000000000005329 ) ;
#2170 = LINE ( 'NONE', #3792, #1348 ) ;
#2171 = CARTESIAN_POINT ( 'NONE',  ( 68.99999999999997158, 87.75000000000000000, 0.7500000000000000000 ) ) ;
#2172 = VECTOR ( 'NONE', #4460, 1000.000000000000000 ) ;
#2173 = ORIENTED_EDGE ( 'NONE', *, *, #1793, .F. ) ;
#2174 = CARTESIAN_POINT ( 'NONE',  ( 4.000000000000000000, 63.50000000000000000, 7.000000000000000000 ) ) ;
#2175 = EDGE_LOOP ( 'NONE', ( #3875, #2489, #2301, #4999, #3539, #1121, #4026 ) ) ;
#2176 = LINE ( 'NONE', #1063, #5064 ) ;
#2177 = DIRECTION ( 'NONE',  ( 1.000000000000000000, 0.000000000000000000, 0.000000000000000000 ) ) ;
#2178 = LINE ( 'NONE', #2975, #2327 ) ;
#2179 = VECTOR ( 'NONE', #4278, 1000.000000000000000 ) ;
#2180 = DIRECTION ( 'NONE',  ( 1.000000000000000000, 1.541976423090495633E-16, 1.783268467025148642E-33 ) ) ;
#2181 = EDGE_CURVE ( 'NONE', #504, #1522, #3453, .T. ) ;
#2182 = EDGE_CURVE ( 'NONE', #3101, #1591, #3910, .T. ) ;
#2183 = EDGE_LOOP ( 'NONE', ( #4814, #3788, #3967, #2821 ) ) ;
#2184 = ORIENTED_EDGE ( 'NONE', *, *, #300, .F. ) ;
#2185 = CARTESIAN_POINT ( 'NONE',  ( 2.999999999999982236, -7.689339828220179029, 4.336808689942017243E-16 ) ) ;
#2186 = DIRECTION ( 'NONE',  ( 0.000000000000000000, 1.000000000000000000, 0.000000000000000000 ) ) ;
#2187 = CARTESIAN_POINT ( 'NONE',  ( 0.000000000000000000, 0.000000000000000000, 2.000000000000000000 ) ) ;
#2188 = VECTOR ( 'NONE', #1176, 1000.000000000000000 ) ;
#2189 = EDGE_CURVE ( 'NONE', #1326, #1897, #778, .T. ) ;
#2190 = ORIENTED_EDGE ( 'NONE', *, *, #2640, .F. ) ;
#2191 = ORIENTED_EDGE ( 'NONE', *, *, #1017, .T. ) ;
#2192 = DIRECTION ( 'NONE',  ( -1.541976423090495633E-16, 1.000000000000000000, -1.192622389734055124E-16 ) ) ;
#2193 = DIRECTION ( 'NONE',  ( -4.223530579796573848E-32, 1.826024711554535146E-16, -1.000000000000000000 ) ) ;
#2194 = VECTOR ( 'NONE', #1079, 1000.000000000000000 ) ;
#2195 = DIRECTION ( 'NONE',  ( 1.000000000000000000, 0.000000000000000000, 0.000000000000000000 ) ) ;
#2196 = ADVANCED_FACE ( 'NONE', ( #4331 ), #4427, .T. ) ;
#2197 = VERTEX_POINT ( 'NONE', #5176 ) ;
#2198 = CARTESIAN_POINT ( 'NONE',  ( 42.49999999999998579, 2.000000000000000444, 2.000000000000000000 ) ) ;
#2199 = CARTESIAN_POINT ( 'NONE',  ( 68.24999999999997158, 91.62724133595216358, 0.000000000000000000 ) ) ;
#2200 = CARTESIAN_POINT ( 'NONE',  ( -6.000000000000015987, 80.99999999999998579, 0.000000000000000000 ) ) ;
#2201 = DIRECTION ( 'NONE',  ( 0.000000000000000000, -0.000000000000000000, 1.000000000000000000 ) ) ;
#2202 = ORIENTED_EDGE ( 'NONE', *, *, #2340, .T. ) ;
#2203 = DIRECTION ( 'NONE',  ( -0.000000000000000000, 0.000000000000000000, 1.000000000000000000 ) ) ;
#2204 = VERTEX_POINT ( 'NONE', #2730 ) ;
#2205 = LINE ( 'NONE', #1005, #385 ) ;
#2206 = DIRECTION ( 'NONE',  ( -1.000000000000000000, -8.068481283613059492E-17, 0.000000000000000000 ) ) ;
#2207 = DIRECTION ( 'NONE',  ( -0.000000000000000000, 0.000000000000000000, 1.000000000000000000 ) ) ;
#2208 = CARTESIAN_POINT ( 'NONE',  ( 61.22500000000005826, 1.440415587219211258, 0.000000000000000000 ) ) ;
#2209 = VECTOR ( 'NONE', #679, 1000.000000000000000 ) ;
#2210 = VERTEX_POINT ( 'NONE', #1183 ) ;
#2211 = ORIENTED_EDGE ( 'NONE', *, *, #2639, .F. ) ;
#2212 = CARTESIAN_POINT ( 'NONE',  ( 60.99999999999998579, 90.00000000000000000, 25.10000000000000142 ) ) ;
#2213 = DIRECTION ( 'NONE',  ( -1.000000000000000000, -1.541976423090495633E-16, -0.000000000000000000 ) ) ;
#2214 = ADVANCED_FACE ( 'NONE', ( #5225 ), #3183, .T. ) ;
#2215 = PLANE ( 'NONE',  #5217 ) ;
#2216 = EDGE_CURVE ( 'NONE', #838, #1549, #4028, .T. ) ;
#2217 = ORIENTED_EDGE ( 'NONE', *, *, #2221, .F. ) ;
#2218 = ORIENTED_EDGE ( 'NONE', *, *, #3559, .T. ) ;
#2219 = CARTESIAN_POINT ( 'NONE',  ( 1.999999999999999556, 65.00000000000000000, 7.000000000000000000 ) ) ;
#2220 = LINE ( 'NONE', #212, #394 ) ;
#2221 = EDGE_CURVE ( 'NONE', #4304, #2449, #4846, .T. ) ;
#2222 = DIRECTION ( 'NONE',  ( 0.000000000000000000, -1.000000000000000000, 0.000000000000000000 ) ) ;
#2223 = ORIENTED_EDGE ( 'NONE', *, *, #1113, .F. ) ;
#2224 = LINE ( 'NONE', #3846, #2343 ) ;
#2225 = CARTESIAN_POINT ( 'NONE',  ( 61.22500000000005826, 1.440415587219211258, 6.000000000000000000 ) ) ;
#2226 = EDGE_CURVE ( 'NONE', #4217, #4509, #2383, .T. ) ;
#2227 = CARTESIAN_POINT ( 'NONE',  ( 2.999999999999999112, 97.68933982822015594, 8.127451321766318455E-16 ) ) ;
#2228 = LINE ( 'NONE', #194, #1908 ) ;
#2229 = ORIENTED_EDGE ( 'NONE', *, *, #3840, .F. ) ;
#2231 = DIRECTION ( 'NONE',  ( -0.000000000000000000, -0.000000000000000000, -1.000000000000000000 ) ) ;
#2230 = VECTOR ( 'NONE', #1073, 1000.000000000000000 ) ;
#2232 = VERTEX_POINT ( 'NONE', #4795 ) ;
#2233 = CARTESIAN_POINT ( 'NONE',  ( -5.204170427930421283E-15, 33.50000000000000000, 5.000000000000001776 ) ) ;
#2234 = PLANE ( 'NONE',  #275 ) ;
#2235 = CARTESIAN_POINT ( 'NONE',  ( 4.250000000000000000, 88.00000000000000000, 25.10000000000000142 ) ) ;
#2236 = DIRECTION ( 'NONE',  ( -1.000000000000000000, 0.000000000000000000, 0.000000000000000000 ) ) ;
#2237 = VECTOR ( 'NONE', #1196, 1000.000000000000000 ) ;
#2238 = VERTEX_POINT ( 'NONE', #2756 ) ;
#2239 = VECTOR ( 'NONE', #4883, 1000.000000000000000 ) ;
#2240 = VERTEX_POINT ( 'NONE', #352 ) ;
#2241 = DIRECTION ( 'NONE',  ( -3.942553354492743901E-17, -1.000000000000000000, 0.000000000000000000 ) ) ;
#2242 = VECTOR ( 'NONE', #4568, 1000.000000000000000 ) ;
#2243 = FACE_OUTER_BOUND ( 'NONE', #2127, .T. ) ;
#2244 = CARTESIAN_POINT ( 'NONE',  ( 58.99999999999997158, 84.99999999999998579, 5.000000000000000000 ) ) ;
#2245 = VECTOR ( 'NONE', #4306, 1000.000000000000000 ) ;
#2246 = VERTEX_POINT ( 'NONE', #706 ) ;
#2247 = ORIENTED_EDGE ( 'NONE', *, *, #5115, .T. ) ;
#2248 = VECTOR ( 'NONE', #4847, 1000.000000000000000 ) ;
#2249 = ORIENTED_EDGE ( 'NONE', *, *, #3810, .F. ) ;
#2250 = CARTESIAN_POINT ( 'NONE',  ( 62.52786404500040618, 84.99999999999998579, 2.000000000000000000 ) ) ;
#2251 = CARTESIAN_POINT ( 'NONE',  ( 66.99999999999998579, 9.000000000000001776, 8.249999999999996447 ) ) ;
#2252 = AXIS2_PLACEMENT_3D ( 'NONE', #2041, #3741, #3663 ) ;
#2253 = CARTESIAN_POINT ( 'NONE',  ( 58.75000000000000000, -7.250000000000000888, 25.10000000000000142 ) ) ;
#2254 = EDGE_LOOP ( 'NONE', ( #4111, #2247, #3466, #295 ) ) ;
#2255 = EDGE_CURVE ( 'NONE', #2232, #1389, #217, .T. ) ;
#2256 = EDGE_CURVE ( 'NONE', #2392, #3704, #756, .T. ) ;
#2257 = CARTESIAN_POINT ( 'NONE',  ( -7.250000000000015987, 2.250000000000000444, 40.65634918610404469 ) ) ;
#2258 = CARTESIAN_POINT ( 'NONE',  ( -4.770489558936219510E-15, 32.00000000000000000, 5.000000000000001776 ) ) ;
#2259 = CARTESIAN_POINT ( 'NONE',  ( 58.99999999999999289, 8.749999999999996447, 8.249999999999994671 ) ) ;
#2260 = PLANE ( 'NONE',  #5256 ) ;
#2261 = ORIENTED_EDGE ( 'NONE', *, *, #1144, .F. ) ;
#2262 = ADVANCED_FACE ( 'NONE', ( #1530, #3156 ), #1553, .F. ) ;
#2263 = CARTESIAN_POINT ( 'NONE',  ( -6.000000000000015987, 80.99999999999998579, 25.10000000000000142 ) ) ;
#2264 = ORIENTED_EDGE ( 'NONE', *, *, #3976, .F. ) ;
#2265 = DIRECTION ( 'NONE',  ( 1.000000000000000000, 0.000000000000000000, 0.000000000000000000 ) ) ;
#2266 = DIRECTION ( 'NONE',  ( -1.000000000000000000, 0.000000000000000000, 0.000000000000000000 ) ) ;
#2267 = LINE ( 'NONE', #2605, #277 ) ;
#2268 = ORIENTED_EDGE ( 'NONE', *, *, #2897, .F. ) ;
#2269 = ORIENTED_EDGE ( 'NONE', *, *, #260, .T. ) ;
#2270 = VECTOR ( 'NONE', #1963, 1000.000000000000000 ) ;
#2271 = CARTESIAN_POINT ( 'NONE',  ( -2.499999999999999556, 92.50000000000000000, 25.10000000000000142 ) ) ;
#2272 = VECTOR ( 'NONE', #2461, 1000.000000000000000 ) ;
#2273 = ORIENTED_EDGE ( 'NONE', *, *, #323, .T. ) ;
#2274 = ORIENTED_EDGE ( 'NONE', *, *, #288, .F. ) ;
#2275 = EDGE_LOOP ( 'NONE', ( #604, #1082, #393, #1012 ) ) ;
#2276 = DIRECTION ( 'NONE',  ( -1.000000000000000000, 0.000000000000000000, 0.000000000000000000 ) ) ;
#2277 = DIRECTION ( 'NONE',  ( -0.000000000000000000, 1.000000000000000000, -0.000000000000000000 ) ) ;
#2278 = AXIS2_PLACEMENT_3D ( 'NONE', #2432, #4479, #2460 ) ;
#2279 = DIRECTION ( 'NONE',  ( -0.000000000000000000, -0.000000000000000000, 1.000000000000000000 ) ) ;
#2280 = VERTEX_POINT ( 'NONE', #3607 ) ;
#2281 = DIRECTION ( 'NONE',  ( -1.541976423090495387E-16, 1.000000000000000000, -0.000000000000000000 ) ) ;
#2282 = LINE ( 'NONE', #938, #743 ) ;
#2283 = LINE ( 'NONE', #3905, #92 ) ;
#2284 = ADVANCED_FACE ( 'NONE', ( #3931 ), #3635, .F. ) ;
#2285 = CARTESIAN_POINT ( 'NONE',  ( 0.000000000000000000, 0.000000000000000000, 6.000000000000000000 ) ) ;
#2286 = EDGE_CURVE ( 'NONE', #4966, #4603, #3366, .T. ) ;
#2287 = ORIENTED_EDGE ( 'NONE', *, *, #2584, .T. ) ;
#2288 = CARTESIAN_POINT ( 'NONE',  ( 2.999999999999982236, -6.000000000000000888, 25.10000000000000142 ) ) ;
#2289 = EDGE_LOOP ( 'NONE', ( #1396, #370, #4607, #3579, #3781 ) ) ;
#2290 = DIRECTION ( 'NONE',  ( 0.000000000000000000, 0.000000000000000000, -1.000000000000000000 ) ) ;
#2291 = DIRECTION ( 'NONE',  ( -1.000000000000000000, 0.000000000000000000, 0.000000000000000000 ) ) ;
#2292 = AXIS2_PLACEMENT_3D ( 'NONE', #2012, #3636, #5254 ) ;
#2293 = CARTESIAN_POINT ( 'NONE',  ( 36.49999999999997868, 88.00000000000000000, 25.10000000000000142 ) ) ;
#2294 = EDGE_CURVE ( 'NONE', #291, #341, #731, .T. ) ;
#2295 = ORIENTED_EDGE ( 'NONE', *, *, #5011, .T. ) ;
#2296 = ORIENTED_EDGE ( 'NONE', *, *, #4583, .F. ) ;
#2297 = CARTESIAN_POINT ( 'NONE',  ( -7.250000000000000000, 97.99999999999998579, -15.55634918610404327 ) ) ;
#2298 = EDGE_CURVE ( 'NONE', #5197, #580, #1605, .T. ) ;
#2299 = ORIENTED_EDGE ( 'NONE', *, *, #3224, .F. ) ;
#2300 = VERTEX_POINT ( 'NONE', #1912 ) ;
#2301 = ORIENTED_EDGE ( 'NONE', *, *, #5031, .T. ) ;
#2302 = FACE_OUTER_BOUND ( 'NONE', #4091, .T. ) ;
#2303 = VERTEX_POINT ( 'NONE', #3534 ) ;
#2304 = DIRECTION ( 'NONE',  ( -1.000000000000000000, 0.000000000000000000, 0.000000000000000000 ) ) ;
#2305 = CARTESIAN_POINT ( 'NONE',  ( -0.2250000000000281219, 96.44041558721920637, 6.000000000000000000 ) ) ;
#2306 = FACE_OUTER_BOUND ( 'NONE', #4128, .T. ) ;
#2307 = CARTESIAN_POINT ( 'NONE',  ( 51.99999999999997868, 90.00000000000000000, 8.500000000000000000 ) ) ;
#2308 = VERTEX_POINT ( 'NONE', #5153 ) ;
#2309 = CARTESIAN_POINT ( 'NONE',  ( 57.99999999999997868, 97.99999999999998579, 40.65634918610404469 ) ) ;
#2310 = CARTESIAN_POINT ( 'NONE',  ( -1.658829323902822770E-15, 9.000000000000003553, 2.000000000000000000 ) ) ;
#2311 = DIRECTION ( 'NONE',  ( 0.000000000000000000, 0.000000000000000000, 1.000000000000000000 ) ) ;
#2312 = LINE ( 'NONE', #3536, #2067 ) ;
#2313 = PLANE ( 'NONE',  #3595 ) ;
#2314 = ORIENTED_EDGE ( 'NONE', *, *, #5168, .T. ) ;
#2315 = EDGE_CURVE ( 'NONE', #1813, #4735, #4481, .T. ) ;
#2316 = EDGE_CURVE ( 'NONE', #820, #2849, #913, .T. ) ;
#2317 = VERTEX_POINT ( 'NONE', #2089 ) ;
#2318 = AXIS2_PLACEMENT_3D ( 'NONE', #2899, #2421, #68 ) ;
#2319 = DIRECTION ( 'NONE',  ( 1.000000000000000000, 0.000000000000000000, 0.000000000000000000 ) ) ;
#2320 = ORIENTED_EDGE ( 'NONE', *, *, #3810, .T. ) ;
#2321 = VERTEX_POINT ( 'NONE', #54 ) ;
#2322 = ADVANCED_FACE ( 'NONE', ( #4158 ), #2885, .F. ) ;
#2323 = ORIENTED_EDGE ( 'NONE', *, *, #1890, .T. ) ;
#2324 = FACE_OUTER_BOUND ( 'NONE', #2388, .T. ) ;
#2325 = VECTOR ( 'NONE', #1510, 1000.000000000000000 ) ;
#2326 = AXIS2_PLACEMENT_3D ( 'NONE', #4757, #1117, #3166 ) ;
#2327 = VECTOR ( 'NONE', #4594, 1000.000000000000000 ) ;
#2328 = VERTEX_POINT ( 'NONE', #3285 ) ;
#2329 = VECTOR ( 'NONE', #2612, 1000.000000000000000 ) ;
#2330 = CARTESIAN_POINT ( 'NONE',  ( 57.99999999999999289, -7.250000000000000888, 0.000000000000000000 ) ) ;
#2331 = CARTESIAN_POINT ( 'NONE',  ( 68.24999999999997158, 0.000000000000000000, 0.000000000000000000 ) ) ;
#2332 = DIRECTION ( 'NONE',  ( 0.000000000000000000, -1.000000000000000000, 0.000000000000000000 ) ) ;
#2333 = ORIENTED_EDGE ( 'NONE', *, *, #2890, .T. ) ;
#2334 = DIRECTION ( 'NONE',  ( 0.000000000000000000, -1.000000000000000000, -0.000000000000000000 ) ) ;
#2335 = PLANE ( 'NONE',  #1981 ) ;
#2336 = CARTESIAN_POINT ( 'NONE',  ( 1.999999999999999556, 63.50000000000000000, 7.000000000000000000 ) ) ;
#2337 = EDGE_LOOP ( 'NONE', ( #2273, #3051, #2742, #337 ) ) ;
#2338 = VERTEX_POINT ( 'NONE', #5278 ) ;
#2339 = DIRECTION ( 'NONE',  ( -1.143773720424267309E-15, -1.000000000000000000, 0.000000000000000000 ) ) ;
#2340 = EDGE_CURVE ( 'NONE', #960, #2615, #4132, .T. ) ;
#2341 = EDGE_CURVE ( 'NONE', #4217, #2095, #4454, .T. ) ;
#2342 = ORIENTED_EDGE ( 'NONE', *, *, #4196, .F. ) ;
#2343 = VECTOR ( 'NONE', #190, 1000.000000000000000 ) ;
#2344 = EDGE_LOOP ( 'NONE', ( #2983, #2950, #4678, #2027 ) ) ;
#2345 = ORIENTED_EDGE ( 'NONE', *, *, #5269, .T. ) ;
#2346 = CARTESIAN_POINT ( 'NONE',  ( 60.99999999999998579, 24.49999999999998934, 8.250000000000000000 ) ) ;
#2347 = VECTOR ( 'NONE', #3266, 1000.000000000000000 ) ;
#2348 = EDGE_CURVE ( 'NONE', #2420, #2617, #1707, .T. ) ;
#2349 = VERTEX_POINT ( 'NONE', #1737 ) ;
#2350 = LINE ( 'NONE', #648, #4120 ) ;
#2351 = DIRECTION ( 'NONE',  ( -0.000000000000000000, -0.000000000000000000, 1.000000000000000000 ) ) ;
#2352 = DIRECTION ( 'NONE',  ( 0.000000000000000000, 0.000000000000000000, -1.000000000000000000 ) ) ;
#2353 = EDGE_CURVE ( 'NONE', #754, #1982, #3337, .T. ) ;
#2354 = CIRCLE ( 'NONE', #46, 2.299999999999996270 ) ;
#2355 = ORIENTED_EDGE ( 'NONE', *, *, #4615, .T. ) ;
#2356 = CARTESIAN_POINT ( 'NONE',  ( 36.49999999999998579, 88.00000000000000000, 8.499999999999998224 ) ) ;
#2357 = AXIS2_PLACEMENT_3D ( 'NONE', #3441, #5059, #962 ) ;
#2358 = CARTESIAN_POINT ( 'NONE',  ( 2.250000000000000000, 97.24999999999998579, -15.55634918610404327 ) ) ;
#2359 = CARTESIAN_POINT ( 'NONE',  ( -7.250000000000000000, 97.24999999999998579, 0.7500000000000000000 ) ) ;
#2360 = FACE_OUTER_BOUND ( 'NONE', #4137, .T. ) ;
#2361 = VECTOR ( 'NONE', #1654, 1000.000000000000000 ) ;
#2362 = VERTEX_POINT ( 'NONE', #4985 ) ;
#2363 = CARTESIAN_POINT ( 'NONE',  ( -7.050000000000002487, 92.49999999999997158, 6.000000000000000000 ) ) ;
#2364 = VERTEX_POINT ( 'NONE', #489 ) ;
#2365 = DIRECTION ( 'NONE',  ( 1.000000000000000000, 0.000000000000000000, 0.000000000000000000 ) ) ;
#2366 = EDGE_LOOP ( 'NONE', ( #91, #262, #2963, #2749 ) ) ;
#2367 = EDGE_LOOP ( 'NONE', ( #3468, #5043, #2769, #426 ) ) ;
#2368 = ORIENTED_EDGE ( 'NONE', *, *, #4326, .F. ) ;
#2369 = EDGE_CURVE ( 'NONE', #1945, #636, #4505, .T. ) ;
#2370 = ADVANCED_FACE ( 'NONE', ( #4053 ), #4107, .F. ) ;
#2371 = CARTESIAN_POINT ( 'NONE',  ( 56.99999999999997868, 88.00000000000000000, 25.10000000000000142 ) ) ;
#2372 = VECTOR ( 'NONE', #325, 1000.000000000000000 ) ;
#2373 = ORIENTED_EDGE ( 'NONE', *, *, #3321, .T. ) ;
#2374 = ORIENTED_EDGE ( 'NONE', *, *, #912, .F. ) ;
#2375 = LINE ( 'NONE', #3602, #553 ) ;
#2376 = EDGE_CURVE ( 'NONE', #4989, #181, #2536, .T. ) ;
#2377 = EDGE_CURVE ( 'NONE', #3032, #1192, #3735, .T. ) ;
#2378 = CARTESIAN_POINT ( 'NONE',  ( 58.74999999999998579, 97.99999999999998579, 0.7500000000000000000 ) ) ;
#2379 = FACE_OUTER_BOUND ( 'NONE', #2514, .T. ) ;
#2380 = EDGE_LOOP ( 'NONE', ( #3434, #484, #4116, #3356 ) ) ;
#2381 = DIRECTION ( 'NONE',  ( -0.000000000000000000, -0.000000000000000000, -1.000000000000000000 ) ) ;
#2382 = EDGE_CURVE ( 'NONE', #3570, #5027, #3311, .T. ) ;
#2383 = LINE ( 'NONE', #1958, #3790 ) ;
#2384 = FACE_OUTER_BOUND ( 'NONE', #3869, .T. ) ;
#2385 = CARTESIAN_POINT ( 'NONE',  ( 2.250000000000000000, 97.99999999999998579, 25.10000000000000142 ) ) ;
#2386 = ORIENTED_EDGE ( 'NONE', *, *, #2616, .F. ) ;
#2387 = PLANE ( 'NONE',  #2690 ) ;
#2388 = EDGE_LOOP ( 'NONE', ( #176, #826, #1773, #3514 ) ) ;
#2389 = LINE ( 'NONE', #3963, #1812 ) ;
#2390 = ORIENTED_EDGE ( 'NONE', *, *, #2018, .F. ) ;
#2391 = VERTEX_POINT ( 'NONE', #886 ) ;
#2392 = VERTEX_POINT ( 'NONE', #1287 ) ;
#2393 = AXIS2_PLACEMENT_3D ( 'NONE', #1099, #293, #695 ) ;
#2394 = LINE ( 'NONE', #1252, #1625 ) ;
#2395 = CARTESIAN_POINT ( 'NONE',  ( -2.499999999999999556, 92.50000000000000000, 6.000000000000000000 ) ) ;
#2396 = VECTOR ( 'NONE', #3327, 1000.000000000000000 ) ;
#2397 = ORIENTED_EDGE ( 'NONE', *, *, #2369, .F. ) ;
#2398 = ORIENTED_EDGE ( 'NONE', *, *, #2256, .T. ) ;
#2399 = FACE_BOUND ( 'NONE', #1698, .T. ) ;
#2400 = FACE_OUTER_BOUND ( 'NONE', #4784, .T. ) ;
#2401 = CLOSED_SHELL ( 'NONE', ( #486, #2370, #3349, #1924, #479, #2504, #187, #4779, #1402, #118, #2820, #1308, #800, #2470, #4879, #1495, #457, #612, #2600, #3525, #4225, #4340, #4576, #153, #2934, #1083, #1961, #155, #4874, #87, #1330, #318, #2767, #3674, #877, #2863, #5174, #3740, #4914, #2972, #3297, #86, #2412, #977, #411, #2772, #3672, #5005, #253, #3218, #3388, #5033, #450, #1332, #3355, #4654, #5076, #5196, #4295, #2262, #3578, #5050, #3518, #4647, #4808, #5263, #3874, #4490, #2284, #4421, #4420, #1247, #1561, #2059, #2322, #1468, #933, #1232, #1889, #4392, #1043, #2714, #3889, #3188, #3913, #630, #3491, #5203, #3132, #1280, #4545, #79, #644, #5182, #1179, #1076, #1118, #4713, #3944, #4263, #2031, #4450, #1057, #1526, #3104, #5141, #906, #3841, #690, #3880, #3995, #1956, #197, #254, #418, #1829, #1650, #4413, #840, #1978, #3100, #1200, #3647, #4262, #4980, #3608, #3195, #1400, #3217, #261, #80, #1869, #4071, #348, #3584, #3686, #2196, #1582, #3422, #2214, #1787, #21, #5104, #4495, #1266, #4940, #1201, #1435, #1896, #166, #3124, #222, #1588, #1590, #1206, #4366, #851, #5006, #3415 ) ) ;
#2402 = AXIS2_PLACEMENT_3D ( 'NONE', #1918, #4782, #2319 ) ;
#2403 = LINE ( 'NONE', #4477, #2794 ) ;
#2404 = EDGE_CURVE ( 'NONE', #1389, #2788, #3660, .T. ) ;
#2405 = EDGE_CURVE ( 'NONE', #749, #1805, #1315, .T. ) ;
#2406 = VECTOR ( 'NONE', #2241, 1000.000000000000000 ) ;
#2407 = ORIENTED_EDGE ( 'NONE', *, *, #1339, .F. ) ;
#2408 = CIRCLE ( 'NONE', #1726, 6.000000000000005329 ) ;
#2409 = PLANE ( 'NONE',  #3202 ) ;
#2410 = DIRECTION ( 'NONE',  ( 0.000000000000000000, 0.000000000000000000, 1.000000000000000000 ) ) ;
#2411 = FACE_OUTER_BOUND ( 'NONE', #1334, .T. ) ;
#2412 = ADVANCED_FACE ( 'NONE', ( #2938 ), #3760, .F. ) ;
#2413 = ORIENTED_EDGE ( 'NONE', *, *, #1951, .F. ) ;
#2414 = DIRECTION ( 'NONE',  ( 0.000000000000000000, -0.000000000000000000, 1.000000000000000000 ) ) ;
#2415 = LINE ( 'NONE', #892, #527 ) ;
#2416 = LINE ( 'NONE', #3616, #3585 ) ;
#2417 = CARTESIAN_POINT ( 'NONE',  ( -7.250000000000000000, 97.24999999999998579, 0.7500000000000006661 ) ) ;
#2418 = EDGE_LOOP ( 'NONE', ( #3654, #2668, #2016, #1614 ) ) ;
#2419 = EDGE_LOOP ( 'NONE', ( #4459, #1233, #391, #3943, #366, #4947 ) ) ;
#2420 = VERTEX_POINT ( 'NONE', #408 ) ;
#2421 = DIRECTION ( 'NONE',  ( 1.000000000000000000, -0.000000000000000000, 0.000000000000000000 ) ) ;
#2422 = FACE_BOUND ( 'NONE', #5166, .T. ) ;
#2423 = ORIENTED_EDGE ( 'NONE', *, *, #1555, .F. ) ;
#2424 = ORIENTED_EDGE ( 'NONE', *, *, #1980, .T. ) ;
#2425 = CARTESIAN_POINT ( 'NONE',  ( -7.050000000000019362, -2.499999999999995559, 6.000000000000000000 ) ) ;
#2426 = LINE ( 'NONE', #3732, #1678 ) ;
#2427 = VECTOR ( 'NONE', #2805, 1000.000000000000000 ) ;
#2428 = CARTESIAN_POINT ( 'NONE',  ( 56.99999999999997868, 63.50000000000000000, 2.000000000000000000 ) ) ;
#2429 = VECTOR ( 'NONE', #3463, 1000.000000000000000 ) ;
#2430 = VERTEX_POINT ( 'NONE', #2038 ) ;
#2431 = VECTOR ( 'NONE', #4083, 1000.000000000000000 ) ;
#2432 = CARTESIAN_POINT ( 'NONE',  ( 58.75000000000000000, -7.250000000000000888, -15.55634918610404327 ) ) ;
#2433 = DIRECTION ( 'NONE',  ( 0.000000000000000000, -0.000000000000000000, -1.000000000000000000 ) ) ;
#2434 = EDGE_CURVE ( 'NONE', #3226, #4851, #2282, .T. ) ;
#2435 = EDGE_CURVE ( 'NONE', #2030, #4704, #3904, .T. ) ;
#2436 = DIRECTION ( 'NONE',  ( -1.734723475976807094E-15, -1.000000000000000000, -0.000000000000000000 ) ) ;
#2437 = CARTESIAN_POINT ( 'NONE',  ( 68.99999999999998579, 2.689339828220179029, 0.3106601717798219142 ) ) ;
#2438 = DIRECTION ( 'NONE',  ( -0.000000000000000000, -0.000000000000000000, -1.000000000000000000 ) ) ;
#2439 = ORIENTED_EDGE ( 'NONE', *, *, #266, .F. ) ;
#2440 = DIRECTION ( 'NONE',  ( 0.000000000000000000, 1.000000000000000000, -0.000000000000000000 ) ) ;
#2441 = FACE_OUTER_BOUND ( 'NONE', #3594, .T. ) ;
#2442 = EDGE_CURVE ( 'NONE', #4838, #3796, #3502, .T. ) ;
#2443 = CARTESIAN_POINT ( 'NONE',  ( -4.774999999999975486, 88.55958441278079363, 6.000000000000000000 ) ) ;
#2444 = VECTOR ( 'NONE', #433, 1000.000000000000000 ) ;
#2445 = CARTESIAN_POINT ( 'NONE',  ( 56.99999999999997868, 92.68337520964459486, 2.000000000000000000 ) ) ;
#2446 = ORIENTED_EDGE ( 'NONE', *, *, #2645, .F. ) ;
#2447 = ORIENTED_EDGE ( 'NONE', *, *, #3447, .T. ) ;
#2448 = VECTOR ( 'NONE', #1848, 1000.000000000000000 ) ;
#2449 = VERTEX_POINT ( 'NONE', #5012 ) ;
#2450 = FACE_OUTER_BOUND ( 'NONE', #4967, .T. ) ;
#2451 = EDGE_CURVE ( 'NONE', #4095, #5110, #1767, .T. ) ;
#2452 = DIRECTION ( 'NONE',  ( -1.000000000000000000, -2.434699615406045218E-16, 0.000000000000000000 ) ) ;
#2453 = AXIS2_PLACEMENT_3D ( 'NONE', #3687, #3286, #4506 ) ;
#2454 = ORIENTED_EDGE ( 'NONE', *, *, #4553, .T. ) ;
#2455 = ORIENTED_EDGE ( 'NONE', *, *, #950, .F. ) ;
#2456 = CARTESIAN_POINT ( 'NONE',  ( 0.000000000000000000, 0.000000000000000000, 6.000000000000000000 ) ) ;
#2457 = DIRECTION ( 'NONE',  ( -1.000000000000000000, -7.709882115452478166E-17, 0.000000000000000000 ) ) ;
#2458 = PLANE ( 'NONE',  #1521 ) ;
#2459 = ORIENTED_EDGE ( 'NONE', *, *, #2216, .T. ) ;
#2460 = DIRECTION ( 'NONE',  ( 1.000000000000000000, 0.000000000000000000, 0.000000000000000000 ) ) ;
#2461 = DIRECTION ( 'NONE',  ( -0.000000000000000000, -0.000000000000000000, -1.000000000000000000 ) ) ;
#2462 = CARTESIAN_POINT ( 'NONE',  ( 68.24999999999998579, 2.250000000000000444, -15.55634918610404327 ) ) ;
#2463 = DIRECTION ( 'NONE',  ( 7.709882115452478166E-17, -1.000000000000000000, 0.000000000000000000 ) ) ;
#2464 = CARTESIAN_POINT ( 'NONE',  ( 58.99999999999998579, 37.99999999999999289, 8.250000000000000000 ) ) ;
#2465 = VERTEX_POINT ( 'NONE', #1427 ) ;
#2466 = CARTESIAN_POINT ( 'NONE',  ( 16.99999999999999645, 4.000000000000000000, 7.000000000000000000 ) ) ;
#2467 = CYLINDRICAL_SURFACE ( 'NONE', #4012, 0.7500000000000000000 ) ;
#2468 = DIRECTION ( 'NONE',  ( 1.000000000000000000, 2.312964634635743450E-16, 0.000000000000000000 ) ) ;
#2469 = EDGE_CURVE ( 'NONE', #358, #4575, #2592, .T. ) ;
#2470 = ADVANCED_FACE ( 'NONE', ( #568 ), #2169, .F. ) ;
#2471 = ORIENTED_EDGE ( 'NONE', *, *, #3970, .F. ) ;
#2472 = ORIENTED_EDGE ( 'NONE', *, *, #3577, .F. ) ;
#2473 = CARTESIAN_POINT ( 'NONE',  ( 60.99999999999997868, 49.99999999999999289, 1.999999999999995781 ) ) ;
#2474 = FACE_OUTER_BOUND ( 'NONE', #1310, .T. ) ;
#2475 = EDGE_CURVE ( 'NONE', #3121, #2877, #4243, .T. ) ;
#2476 = ORIENTED_EDGE ( 'NONE', *, *, #1687, .T. ) ;
#2477 = ORIENTED_EDGE ( 'NONE', *, *, #2118, .F. ) ;
#2478 = CARTESIAN_POINT ( 'NONE',  ( 68.05000000000001137, -2.500000000000022649, 0.000000000000000000 ) ) ;
#2479 = LINE ( 'NONE', #1284, #1940 ) ;
#2480 = DIRECTION ( 'NONE',  ( -1.208866533781748882E-16, 0.000000000000000000, -1.000000000000000000 ) ) ;
#2481 = ORIENTED_EDGE ( 'NONE', *, *, #4005, .F. ) ;
#2482 = DIRECTION ( 'NONE',  ( -1.000000000000000000, -2.312964634635743450E-16, 0.000000000000000000 ) ) ;
#2483 = DIRECTION ( 'NONE',  ( -0.000000000000000000, -0.000000000000000000, 1.000000000000000000 ) ) ;
#2484 = LINE ( 'NONE', #1184, #670 ) ;
#2485 = CARTESIAN_POINT ( 'NONE',  ( 68.68933982822015594, 3.000000000000000000, 7.051379093030740663E-16 ) ) ;
#2486 = AXIS2_PLACEMENT_3D ( 'NONE', #1415, #927, #1360 ) ;
#2487 = VECTOR ( 'NONE', #2180, 1000.000000000000000 ) ;
#2488 = CARTESIAN_POINT ( 'NONE',  ( -4.775000000000013678, 1.440415587219199045, 0.000000000000000000 ) ) ;
#2489 = ORIENTED_EDGE ( 'NONE', *, *, #2376, .F. ) ;
#2490 = CARTESIAN_POINT ( 'NONE',  ( 43.99999999999998579, 2.000000000000000444, 2.000000000000000000 ) ) ;
#2491 = LINE ( 'NONE', #496, #4857 ) ;
#2492 = CARTESIAN_POINT ( 'NONE',  ( 58.99999999999997868, 49.99999999999999289, 4.999999999999995559 ) ) ;
#2493 = CARTESIAN_POINT ( 'NONE',  ( 58.99999999999998579, 24.49999999999998934, 11.94999999999999929 ) ) ;
#2494 = ORIENTED_EDGE ( 'NONE', *, *, #4399, .F. ) ;
#2495 = ORIENTED_EDGE ( 'NONE', *, *, #4483, .F. ) ;
#2496 = DIRECTION ( 'NONE',  ( -0.000000000000000000, -0.000000000000000000, -1.000000000000000000 ) ) ;
#2497 = EDGE_CURVE ( 'NONE', #811, #3775, #4708, .T. ) ;
#2498 = CARTESIAN_POINT ( 'NONE',  ( 66.99999999999998579, 80.99999999999998579, 0.000000000000000000 ) ) ;
#2499 = EDGE_CURVE ( 'NONE', #1838, #1170, #3821, .T. ) ;
#2500 = EDGE_LOOP ( 'NONE', ( #4683, #1962, #871, #1597 ) ) ;
#2501 = ORIENTED_EDGE ( 'NONE', *, *, #1687, .F. ) ;
#2502 = CARTESIAN_POINT ( 'NONE',  ( -7.250000000000000000, 87.75000000000000000, -15.55634918610404327 ) ) ;
#2503 = LINE ( 'NONE', #4126, #4996 ) ;
#2504 = ADVANCED_FACE ( 'NONE', ( #3418 ), #539, .F. ) ;
#2505 = ORIENTED_EDGE ( 'NONE', *, *, #1903, .T. ) ;
#2506 = VECTOR ( 'NONE', #4638, 1000.000000000000000 ) ;
#2507 = DIRECTION ( 'NONE',  ( 0.000000000000000000, -1.000000000000000000, 0.000000000000000000 ) ) ;
#2508 = CARTESIAN_POINT ( 'NONE',  ( 18.25000000000000355, 90.00000000000000000, 8.499999999999998224 ) ) ;
#2509 = EDGE_CURVE ( 'NONE', #4851, #2420, #1794, .T. ) ;
#2510 = LINE ( 'NONE', #2967, #4819 ) ;
#2511 = DIRECTION ( 'NONE',  ( -1.000000000000000000, -7.709882115452478166E-17, 0.000000000000000000 ) ) ;
#2512 = VECTOR ( 'NONE', #4649, 1000.000000000000000 ) ;
#2513 = CARTESIAN_POINT ( 'NONE',  ( 57.99999999999997868, 97.99999999999998579, 25.10000000000000142 ) ) ;
#2514 = EDGE_LOOP ( 'NONE', ( #739, #1999, #802, #3248 ) ) ;
#2515 = FACE_BOUND ( 'NONE', #3670, .T. ) ;
#2516 = DIRECTION ( 'NONE',  ( 0.000000000000000000, -1.000000000000000000, 1.445602896647337931E-16 ) ) ;
#2517 = VECTOR ( 'NONE', #2381, 1000.000000000000000 ) ;
#2518 = CARTESIAN_POINT ( 'NONE',  ( 58.95000000000001705, -2.499999999999974687, 6.000000000000000000 ) ) ;
#2519 = DIRECTION ( 'NONE',  ( 1.000000000000000000, 0.000000000000000000, 0.000000000000000000 ) ) ;
#2520 = VERTEX_POINT ( 'NONE', #1879 ) ;
#2521 = VERTEX_POINT ( 'NONE', #2258 ) ;
#2522 = VECTOR ( 'NONE', #2277, 1000.000000000000000 ) ;
#2523 = CARTESIAN_POINT ( 'NONE',  ( -7.250000000000018652, -8.000000000000000000, 25.10000000000000142 ) ) ;
#2524 = CIRCLE ( 'NONE', #4737, 6.000000000000000888 ) ;
#2525 = ORIENTED_EDGE ( 'NONE', *, *, #2316, .T. ) ;
#2526 = EDGE_CURVE ( 'NONE', #3684, #764, #2104, .T. ) ;
#2527 = EDGE_CURVE ( 'NONE', #4431, #592, #594, .T. ) ;
#2528 = ORIENTED_EDGE ( 'NONE', *, *, #3615, .F. ) ;
#2529 = CARTESIAN_POINT ( 'NONE',  ( 63.50000000000000000, -2.500000000000001332, 25.10000000000000142 ) ) ;
#2530 = CARTESIAN_POINT ( 'NONE',  ( 1.999999999999986677, 87.99999999999998579, 8.599999999999999645 ) ) ;
#2531 = AXIS2_PLACEMENT_3D ( 'NONE', #2200, #887, #4927 ) ;
#2532 = VERTEX_POINT ( 'NONE', #1825 ) ;
#2533 = EDGE_CURVE ( 'NONE', #2047, #4199, #2624, .T. ) ;
#2534 = EDGE_CURVE ( 'NONE', #3907, #4516, #998, .T. ) ;
#2535 = PLANE ( 'NONE',  #902 ) ;
#2536 = LINE ( 'NONE', #2858, #2444 ) ;
#2537 = CARTESIAN_POINT ( 'NONE',  ( 58.99999999999999289, 8.749999999999996447, 8.249999999999994671 ) ) ;
#2538 = VECTOR ( 'NONE', #1259, 1000.000000000000000 ) ;
#2539 = DIRECTION ( 'NONE',  ( 0.000000000000000000, 0.000000000000000000, 1.000000000000000000 ) ) ;
#2540 = ORIENTED_EDGE ( 'NONE', *, *, #1274, .F. ) ;
#2541 = EDGE_CURVE ( 'NONE', #2465, #4277, #191, .T. ) ;
#2542 = CARTESIAN_POINT ( 'NONE',  ( -4.775000000000026112, -6.440415587219193938, 6.000000000000000000 ) ) ;
#2543 = ORIENTED_EDGE ( 'NONE', *, *, #4835, .F. ) ;
#2544 = CARTESIAN_POINT ( 'NONE',  ( 2.049999999999982947, -2.500000000000003997, 6.000000000000000000 ) ) ;
#2545 = FACE_OUTER_BOUND ( 'NONE', #3021, .T. ) ;
#2546 = CARTESIAN_POINT ( 'NONE',  ( 4.000000000000000000, 33.50000000000000711, 2.000000000000000000 ) ) ;
#2547 = CARTESIAN_POINT ( 'NONE',  ( 42.49999999999998579, 4.000000000000000000, 7.000000000000000000 ) ) ;
#2548 = ORIENTED_EDGE ( 'NONE', *, *, #4196, .T. ) ;
#2549 = ORIENTED_EDGE ( 'NONE', *, *, #4799, .F. ) ;
#2550 = LINE ( 'NONE', #178, #1548 ) ;
#2551 = DIRECTION ( 'NONE',  ( -1.734723475976807094E-15, 1.000000000000000000, 0.000000000000000000 ) ) ;
#2552 = LINE ( 'NONE', #1331, #4672 ) ;
#2553 = ORIENTED_EDGE ( 'NONE', *, *, #3547, .F. ) ;
#2554 = ORIENTED_EDGE ( 'NONE', *, *, #1474, .T. ) ;
#2555 = DIRECTION ( 'NONE',  ( -8.068481283613058260E-17, 1.000000000000000000, 0.000000000000000000 ) ) ;
#2556 = CARTESIAN_POINT ( 'NONE',  ( 43.99999999999998579, 4.000000000000000000, 7.000000000000000000 ) ) ;
#2557 = FACE_OUTER_BOUND ( 'NONE', #4253, .T. ) ;
#2558 = ORIENTED_EDGE ( 'NONE', *, *, #64, .F. ) ;
#2559 = DIRECTION ( 'NONE',  ( -1.000000000000000000, 0.000000000000000000, 0.000000000000000000 ) ) ;
#2560 =( BOUNDED_CURVE ( )  B_SPLINE_CURVE ( 3, ( #3462, #2185, #122, #1751 ),
 .UNSPECIFIED., .F., .F. ) 
 B_SPLINE_CURVE_WITH_KNOTS ( ( 4, 4 ),
 ( 0.000000000000000000, 1.570796326794896336 ),
 .UNSPECIFIED. ) 
 CURVE ( )  GEOMETRIC_REPRESENTATION_ITEM ( )  RATIONAL_B_SPLINE_CURVE ( ( 1.000000000000000000, 0.8047378541243650485, 0.8047378541243650485, 1.000000000000000000 ) ) 
 REPRESENTATION_ITEM ( '' )  );
#2561 = DIRECTION ( 'NONE',  ( 0.000000000000000000, 0.000000000000000000, 1.000000000000000000 ) ) ;
#2562 = VECTOR ( 'NONE', #1122, 1000.000000000000000 ) ;
#2563 = DIRECTION ( 'NONE',  ( 0.000000000000000000, -0.000000000000000000, 1.000000000000000000 ) ) ;
#2564 = EDGE_CURVE ( 'NONE', #1784, #3257, #2524, .T. ) ;
#2565 = CARTESIAN_POINT ( 'NONE',  ( 56.99999999999997868, 32.00000000000000711, 7.000000000000000000 ) ) ;
#2566 = EDGE_CURVE ( 'NONE', #3163, #1723, #1824, .T. ) ;
#2567 = ORIENTED_EDGE ( 'NONE', *, *, #2796, .F. ) ;
#2568 = DIRECTION ( 'NONE',  ( 0.000000000000000000, 0.000000000000000000, 1.000000000000000000 ) ) ;
#2569 = VERTEX_POINT ( 'NONE', #650 ) ;
#2570 = DIRECTION ( 'NONE',  ( 1.000000000000000000, 0.000000000000000000, 0.000000000000000000 ) ) ;
#2571 = CARTESIAN_POINT ( 'NONE',  ( 60.87305627518713180, 97.04999999999998295, 6.000000000000000000 ) ) ;
#2572 = LINE ( 'NONE', #202, #1476 ) ;
#2573 = FACE_OUTER_BOUND ( 'NONE', #5139, .T. ) ;
#2574 = EDGE_CURVE ( 'NONE', #2280, #314, #772, .T. ) ;
#2575 = VECTOR ( 'NONE', #2811, 1000.000000000000000 ) ;
#2576 = VECTOR ( 'NONE', #2436, 1000.000000000000000 ) ;
#2577 = VECTOR ( 'NONE', #2213, 1000.000000000000000 ) ;
#2578 = ORIENTED_EDGE ( 'NONE', *, *, #3320, .T. ) ;
#2579 = ORIENTED_EDGE ( 'NONE', *, *, #1469, .F. ) ;
#2580 = AXIS2_PLACEMENT_3D ( 'NONE', #861, #1633, #2862 ) ;
#2581 = DIRECTION ( 'NONE',  ( -0.000000000000000000, -0.000000000000000000, 1.000000000000000000 ) ) ;
#2582 = CARTESIAN_POINT ( 'NONE',  ( 22.50000000000000000, 0.000000000000000000, 4.500000000000000000 ) ) ;
#2583 = DIRECTION ( 'NONE',  ( -0.000000000000000000, -1.000000000000000000, -0.000000000000000000 ) ) ;
#2584 = EDGE_CURVE ( 'NONE', #3424, #4436, #3127, .T. ) ;
#2585 = EDGE_LOOP ( 'NONE', ( #474, #4581, #919, #1123 ) ) ;
#2586 = EDGE_LOOP ( 'NONE', ( #1998, #4228, #1832, #1464 ) ) ;
#2587 = CARTESIAN_POINT ( 'NONE',  ( 1.999999999999999556, 33.50000000000000000, 7.000000000000000000 ) ) ;
#2588 = DIRECTION ( 'NONE',  ( 0.000000000000000000, 0.000000000000000000, 1.000000000000000000 ) ) ;
#2589 = DIRECTION ( 'NONE',  ( 0.000000000000000000, 0.000000000000000000, 1.000000000000000000 ) ) ;
#2590 = ORIENTED_EDGE ( 'NONE', *, *, #2760, .F. ) ;
#2591 = FACE_OUTER_BOUND ( 'NONE', #3404, .T. ) ;
#2592 = LINE ( 'NONE', #1371, #2954 ) ;
#2593 = LINE ( 'NONE', #4133, #2876 ) ;
#2594 = CARTESIAN_POINT ( 'NONE',  ( -1.658829323902822770E-15, 9.000000000000003553, 2.000000000000000000 ) ) ;
#2595 = VECTOR ( 'NONE', #853, 1000.000000000000000 ) ;
#2596 = ORIENTED_EDGE ( 'NONE', *, *, #1474, .F. ) ;
#2597 = DIRECTION ( 'NONE',  ( 1.000000000000000000, -6.576698892439565719E-15, 0.000000000000000000 ) ) ;
#2598 = ORIENTED_EDGE ( 'NONE', *, *, #1239, .F. ) ;
#2599 = EDGE_CURVE ( 'NONE', #4760, #1568, #2752, .T. ) ;
#2600 = ADVANCED_FACE ( 'NONE', ( #2400, #3998 ), #3528, .T. ) ;
#2601 = CARTESIAN_POINT ( 'NONE',  ( -8.000000000000000000, 87.75000000000000000, 0.7500000000000006661 ) ) ;
#2602 = PLANE ( 'NONE',  #1210 ) ;
#2603 = DIRECTION ( 'NONE',  ( 1.000000000000000000, -1.261617073437678443E-15, 0.000000000000000000 ) ) ;
#2604 = VECTOR ( 'NONE', #2290, 1000.000000000000000 ) ;
#2605 = CARTESIAN_POINT ( 'NONE',  ( 58.99999999999999289, 8.749999999999996447, 8.249999999999994671 ) ) ;
#2606 = VECTOR ( 'NONE', #1016, 1000.000000000000000 ) ;
#2607 = VERTEX_POINT ( 'NONE', #3150 ) ;
#2608 = VECTOR ( 'NONE', #1551, 1000.000000000000000 ) ;
#2609 = EDGE_CURVE ( 'NONE', #4090, #2349, #4745, .T. ) ;
#2610 = VERTEX_POINT ( 'NONE', #5145 ) ;
#2611 = CARTESIAN_POINT ( 'NONE',  ( 40.39999999999997726, 90.00000000000000000, 25.10000000000000853 ) ) ;
#2612 = DIRECTION ( 'NONE',  ( -0.000000000000000000, -0.000000000000000000, -1.000000000000000000 ) ) ;
#2613 = DIRECTION ( 'NONE',  ( -1.000000000000000000, 0.000000000000000000, 0.000000000000000000 ) ) ;
#2614 = AXIS2_PLACEMENT_3D ( 'NONE', #2456, #2905, #798 ) ;
#2615 = VERTEX_POINT ( 'NONE', #4791 ) ;
#2616 = EDGE_CURVE ( 'NONE', #754, #1484, #1150, .T. ) ;
#2617 = VERTEX_POINT ( 'NONE', #1125 ) ;
#2618 = DIRECTION ( 'NONE',  ( 0.000000000000000000, 0.000000000000000000, -1.000000000000000000 ) ) ;
#2619 = LINE ( 'NONE', #5007, #4740 ) ;
#2620 = VECTOR ( 'NONE', #5118, 1000.000000000000000 ) ;
#2621 = CYLINDRICAL_SURFACE ( 'NONE', #4701, 2.300000000000000266 ) ;
#2622 = ORIENTED_EDGE ( 'NONE', *, *, #3652, .F. ) ;
#2623 = CARTESIAN_POINT ( 'NONE',  ( -7.250000000000017764, -7.250000000000000000, 0.000000000000000000 ) ) ;
#2624 = LINE ( 'NONE', #3476, #4052 ) ;
#2625 = DIRECTION ( 'NONE',  ( 0.8660254037844385966, -0.5000000000000003331, 0.000000000000000000 ) ) ;
#2626 = DIRECTION ( 'NONE',  ( 0.000000000000000000, 0.000000000000000000, -1.000000000000000000 ) ) ;
#2627 = ORIENTED_EDGE ( 'NONE', *, *, #1041, .T. ) ;
#2628 = LINE ( 'NONE', #198, #5155 ) ;
#2629 = ORIENTED_EDGE ( 'NONE', *, *, #5075, .F. ) ;
#2630 = CARTESIAN_POINT ( 'NONE',  ( 65.77499999999999147, -6.440415587219212590, 6.000000000000000000 ) ) ;
#2631 = PLANE ( 'NONE',  #956 ) ;
#2632 = CARTESIAN_POINT ( 'NONE',  ( -2.499999999999999556, 92.50000000000000000, 6.000000000000000000 ) ) ;
#2633 = DIRECTION ( 'NONE',  ( -0.000000000000000000, -0.000000000000000000, 1.000000000000000000 ) ) ;
#2634 = ORIENTED_EDGE ( 'NONE', *, *, #135, .F. ) ;
#2635 = ORIENTED_EDGE ( 'NONE', *, *, #3482, .T. ) ;
#2636 = CARTESIAN_POINT ( 'NONE',  ( 58.99999999999999289, 3.000000000000000000, 0.000000000000000000 ) ) ;
#2637 = LINE ( 'NONE', #5025, #534 ) ;
#2638 = CARTESIAN_POINT ( 'NONE',  ( 22.50000000000000000, 0.000000000000000000, 12.00000000000000000 ) ) ;
#2639 = EDGE_CURVE ( 'NONE', #177, #4682, #4816, .T. ) ;
#2640 = EDGE_CURVE ( 'NONE', #3754, #3489, #1976, .T. ) ;
#2641 = ORIENTED_EDGE ( 'NONE', *, *, #236, .F. ) ;
#2642 = ORIENTED_EDGE ( 'NONE', *, *, #5194, .T. ) ;
#2643 = CARTESIAN_POINT ( 'NONE',  ( 58.99999999999999289, 3.000000000000000000, 25.10000000000000142 ) ) ;
#2644 = LINE ( 'NONE', #2133, #2015 ) ;
#2645 = EDGE_CURVE ( 'NONE', #4938, #2736, #3805, .T. ) ;
#2646 = CARTESIAN_POINT ( 'NONE',  ( 4.250000000000000000, 92.33428042534620772, 8.499999999999996447 ) ) ;
#2647 = ORIENTED_EDGE ( 'NONE', *, *, #5168, .F. ) ;
#2648 = DIRECTION ( 'NONE',  ( -0.000000000000000000, 0.000000000000000000, -1.000000000000000000 ) ) ;
#2649 = DIRECTION ( 'NONE',  ( -0.000000000000000000, -0.000000000000000000, -1.000000000000000000 ) ) ;
#2650 = DIRECTION ( 'NONE',  ( 1.000000000000000000, 0.000000000000000000, -0.000000000000000000 ) ) ;
#2651 = DIRECTION ( 'NONE',  ( 0.000000000000000000, 0.000000000000000000, -1.000000000000000000 ) ) ;
#2652 = ORIENTED_EDGE ( 'NONE', *, *, #4155, .T. ) ;
#2654 = DIRECTION ( 'NONE',  ( -0.000000000000000000, -0.000000000000000000, -1.000000000000000000 ) ) ;
#2653 = VECTOR ( 'NONE', #4540, 1000.000000000000000 ) ;
#2655 = ORIENTED_EDGE ( 'NONE', *, *, #2442, .T. ) ;
#2656 = CARTESIAN_POINT ( 'NONE',  ( 22.50000000000000000, 2.000000000000000000, 12.00000000000000000 ) ) ;
#2657 = CARTESIAN_POINT ( 'NONE',  ( 1.999999999999987121, 84.99999999999997158, 5.000000000000000000 ) ) ;
#2658 = LINE ( 'NONE', #3457, #3430 ) ;
#2659 = AXIS2_PLACEMENT_3D ( 'NONE', #2900, #69, #503 ) ;
#2660 = ORIENTED_EDGE ( 'NONE', *, *, #4138, .F. ) ;
#2661 = VECTOR ( 'NONE', #1693, 1000.000000000000000 ) ;
#2662 = ORIENTED_EDGE ( 'NONE', *, *, #3326, .F. ) ;
#2663 = AXIS2_PLACEMENT_3D ( 'NONE', #4855, #4036, #4435 ) ;
#2664 = CARTESIAN_POINT ( 'NONE',  ( 1.999999999999999556, 63.50000000000000000, 7.000000000000000000 ) ) ;
#2665 = VECTOR ( 'NONE', #1763, 1000.000000000000114 ) ;
#2666 = EDGE_LOOP ( 'NONE', ( #3984, #2543, #694, #4738 ) ) ;
#2667 = VECTOR ( 'NONE', #3793, 1000.000000000000000 ) ;
#2668 = ORIENTED_EDGE ( 'NONE', *, *, #3881, .F. ) ;
#2669 = ORIENTED_EDGE ( 'NONE', *, *, #2541, .T. ) ;
#2670 = CARTESIAN_POINT ( 'NONE',  ( 67.00000000000000000, 3.000000000000000000, 25.10000000000000142 ) ) ;
#2671 = EDGE_CURVE ( 'NONE', #2723, #1583, #724, .T. ) ;
#2672 = EDGE_CURVE ( 'NONE', #2607, #864, #2725, .T. ) ;
#2673 = DIRECTION ( 'NONE',  ( 0.4999999999999990008, -0.8660254037844391517, 0.000000000000000000 ) ) ;
#2674 = CARTESIAN_POINT ( 'NONE',  ( 22.50000000000000000, 2.000000000000000000, 12.00000000000000000 ) ) ;
#2675 = ORIENTED_EDGE ( 'NONE', *, *, #817, .T. ) ;
#2676 = LINE ( 'NONE', #750, #3538 ) ;
#2677 = EDGE_CURVE ( 'NONE', #2569, #1517, #1571, .T. ) ;
#2678 = CARTESIAN_POINT ( 'NONE',  ( 36.49999999999997868, 88.00000000000000000, 25.10000000000000142 ) ) ;
#2679 = PLANE ( 'NONE',  #4691 ) ;
#2680 = DIRECTION ( 'NONE',  ( -0.000000000000000000, -1.000000000000000000, -0.000000000000000000 ) ) ;
#2681 = ORIENTED_EDGE ( 'NONE', *, *, #1596, .F. ) ;
#2682 = FACE_OUTER_BOUND ( 'NONE', #2500, .T. ) ;
#2683 = VERTEX_POINT ( 'NONE', #4371 ) ;
#2684 = EDGE_CURVE ( 'NONE', #1271, #349, #2800, .T. ) ;
#2685 = DIRECTION ( 'NONE',  ( -1.000000000000000000, -2.312964634635743450E-16, 0.000000000000000000 ) ) ;
#2686 = LINE ( 'NONE', #1088, #4950 ) ;
#2687 = DIRECTION ( 'NONE',  ( -0.000000000000000000, 1.000000000000000000, 2.668805347656626678E-16 ) ) ;
#2688 = ORIENTED_EDGE ( 'NONE', *, *, #3848, .F. ) ;
#2689 = ORIENTED_EDGE ( 'NONE', *, *, #2965, .T. ) ;
#2690 = AXIS2_PLACEMENT_3D ( 'NONE', #4291, #1046, #812 ) ;
#2691 = CYLINDRICAL_SURFACE ( 'NONE', #2402, 0.7500000000000006661 ) ;
#2692 = VECTOR ( 'NONE', #1242, 1000.000000000000000 ) ;
#2693 = ORIENTED_EDGE ( 'NONE', *, *, #1165, .F. ) ;
#2694 = ORIENTED_EDGE ( 'NONE', *, *, #712, .F. ) ;
#2695 = VECTOR ( 'NONE', #3836, 1000.000000000000000 ) ;
#2696 = VERTEX_POINT ( 'NONE', #1953 ) ;
#2697 = CARTESIAN_POINT ( 'NONE',  ( 22.50000000000000000, 0.000000000000000000, 12.00000000000000000 ) ) ;
#2698 = LINE ( 'NONE', #320, #1086 ) ;
#2699 = AXIS2_PLACEMENT_3D ( 'NONE', #5152, #2710, #3182 ) ;
#2700 = VECTOR ( 'NONE', #562, 1000.000000000000000 ) ;
#2701 = ORIENTED_EDGE ( 'NONE', *, *, #4005, .T. ) ;
#2702 = CARTESIAN_POINT ( 'NONE',  ( -4.775000000000031442, 96.44041558721917795, 6.000000000000000000 ) ) ;
#2703 = FACE_OUTER_BOUND ( 'NONE', #1255, .T. ) ;
#2704 = AXIS2_PLACEMENT_3D ( 'NONE', #4153, #4897, #4476 ) ;
#2705 = DIRECTION ( 'NONE',  ( -0.000000000000000000, -0.000000000000000000, 1.000000000000000000 ) ) ;
#2706 = EDGE_CURVE ( 'NONE', #5188, #1170, #699, .T. ) ;
#2707 = EDGE_CURVE ( 'NONE', #3775, #517, #3974, .T. ) ;
#2708 = ORIENTED_EDGE ( 'NONE', *, *, #4161, .F. ) ;
#2709 = VECTOR ( 'NONE', #4179, 1000.000000000000000 ) ;
#2710 = DIRECTION ( 'NONE',  ( -6.419766481290789096E-32, 2.775557561562891844E-16, -1.000000000000000000 ) ) ;
#2711 = DIRECTION ( 'NONE',  ( -2.312964634635743450E-16, 1.000000000000000000, 0.000000000000000000 ) ) ;
#2712 = LINE ( 'NONE', #683, #2245 ) ;
#2713 = DIRECTION ( 'NONE',  ( 0.4999999999999945599, -0.8660254037844418162, 0.000000000000000000 ) ) ;
#2714 = ADVANCED_FACE ( 'NONE', ( #2703 ), #324, .F. ) ;
#2715 = ORIENTED_EDGE ( 'NONE', *, *, #2148, .F. ) ;
#2716 = ORIENTED_EDGE ( 'NONE', *, *, #5011, .F. ) ;
#2717 = FACE_OUTER_BOUND ( 'NONE', #1342, .T. ) ;
#2718 = AXIS2_PLACEMENT_3D ( 'NONE', #4349, #626, #4327 ) ;
#2719 = VERTEX_POINT ( 'NONE', #297 ) ;
#2720 = ORIENTED_EDGE ( 'NONE', *, *, #4414, .F. ) ;
#2721 = EDGE_LOOP ( 'NONE', ( #647, #3211, #1358, #2941 ) ) ;
#2722 = DIRECTION ( 'NONE',  ( -0.000000000000000000, -0.000000000000000000, -1.000000000000000000 ) ) ;
#2723 = VERTEX_POINT ( 'NONE', #3277 ) ;
#2724 = CARTESIAN_POINT ( 'NONE',  ( 0.000000000000000000, 0.000000000000000000, 0.000000000000000000 ) ) ;
#2725 = LINE ( 'NONE', #4347, #1513 ) ;
#2726 = CARTESIAN_POINT ( 'NONE',  ( -8.000000000000015987, 2.250000000000000444, 0.7500000000000000000 ) ) ;
#2727 = PLANE ( 'NONE',  #1269 ) ;
#2728 = ORIENTED_EDGE ( 'NONE', *, *, #1821, .F. ) ;
#2729 = DIRECTION ( 'NONE',  ( -1.000000000000000000, 1.143773720424268097E-15, 0.000000000000000000 ) ) ;
#2730 = CARTESIAN_POINT ( 'NONE',  ( 3.000000000000000444, 95.99999999999998579, 25.10000000000000142 ) ) ;
#2731 = DIRECTION ( 'NONE',  ( 1.843143693225358031E-16, -1.000000000000000000, -0.000000000000000000 ) ) ;
#2732 = EDGE_CURVE ( 'NONE', #181, #952, #4871, .T. ) ;
#2733 = EDGE_CURVE ( 'NONE', #1697, #1326, #507, .T. ) ;
#2734 = DIRECTION ( 'NONE',  ( 0.000000000000000000, 0.000000000000000000, 1.000000000000000000 ) ) ;
#2735 = CARTESIAN_POINT ( 'NONE',  ( -0.2250000000000281219, 96.44041558721920637, 6.000000000000000000 ) ) ;
#2736 = VERTEX_POINT ( 'NONE', #4501 ) ;
#2737 = ORIENTED_EDGE ( 'NONE', *, *, #935, .T. ) ;
#2738 = DIRECTION ( 'NONE',  ( 0.000000000000000000, -0.000000000000000000, 1.000000000000000000 ) ) ;
#2739 = EDGE_CURVE ( 'NONE', #5218, #2978, #47, .T. ) ;
#2740 = FACE_OUTER_BOUND ( 'NONE', #2023, .T. ) ;
#2741 = ORIENTED_EDGE ( 'NONE', *, *, #2139, .F. ) ;
#2742 = ORIENTED_EDGE ( 'NONE', *, *, #1138, .F. ) ;
#2743 = ORIENTED_EDGE ( 'NONE', *, *, #3265, .F. ) ;
#2744 = CARTESIAN_POINT ( 'NONE',  ( 58.74999999999998579, 97.99999999999998579, 40.65634918610404469 ) ) ;
#2745 = EDGE_CURVE ( 'NONE', #722, #4301, #2852, .T. ) ;
#2746 = VECTOR ( 'NONE', #4221, 1000.000000000000000 ) ;
#2747 = VECTOR ( 'NONE', #1190, 1000.000000000000000 ) ;
#2748 = AXIS2_PLACEMENT_3D ( 'NONE', #3428, #1007, #1776 ) ;
#2749 = ORIENTED_EDGE ( 'NONE', *, *, #2958, .T. ) ;
#2750 = VECTOR ( 'NONE', #3900, 1000.000000000000227 ) ;
#2751 = DIRECTION ( 'NONE',  ( -0.000000000000000000, 0.000000000000000000, 1.000000000000000000 ) ) ;
#2752 = LINE ( 'NONE', #2305, #2021 ) ;
#2753 = LINE ( 'NONE', #5149, #4405 ) ;
#2754 = ORIENTED_EDGE ( 'NONE', *, *, #2684, .T. ) ;
#2755 = FACE_OUTER_BOUND ( 'NONE', #1944, .T. ) ;
#2756 = CARTESIAN_POINT ( 'NONE',  ( 1.999999999999987121, 84.99999999999997158, 5.000000000000000000 ) ) ;
#2757 = FACE_BOUND ( 'NONE', #1615, .T. ) ;
#2758 = CARTESIAN_POINT ( 'NONE',  ( 61.19999999999998153, 92.49999999999998579, 25.10000000000000142 ) ) ;
#2759 = CARTESIAN_POINT ( 'NONE',  ( 2.049999999999982947, -2.500000000000003997, 0.000000000000000000 ) ) ;
#2760 = EDGE_CURVE ( 'NONE', #3996, #129, #3210, .T. ) ;
#2761 = EDGE_CURVE ( 'NONE', #51, #3163, #1623, .T. ) ;
#2762 = EDGE_LOOP ( 'NONE', ( #419, #2274, #2120, #1452 ) ) ;
#2763 = VERTEX_POINT ( 'NONE', #2933 ) ;
#2764 = DIRECTION ( 'NONE',  ( 1.000000000000000000, -1.143773720424267309E-15, 0.000000000000000000 ) ) ;
#2765 = EDGE_CURVE ( 'NONE', #1942, #1569, #4922, .T. ) ;
#2766 = ORIENTED_EDGE ( 'NONE', *, *, #839, .T. ) ;
#2767 = ADVANCED_FACE ( 'NONE', ( #1600 ), #3228, .T. ) ;
#2768 = VECTOR ( 'NONE', #4046, 1000.000000000000000 ) ;
#2769 = ORIENTED_EDGE ( 'NONE', *, *, #2533, .F. ) ;
#2770 = EDGE_LOOP ( 'NONE', ( #1560, #4503, #399, #1374 ) ) ;
#2771 = LINE ( 'NONE', #1876, #3375 ) ;
#2772 = ADVANCED_FACE ( 'NONE', ( #3630 ), #5247, .T. ) ;
#2773 = ORIENTED_EDGE ( 'NONE', *, *, #1091, .F. ) ;
#2774 = ORIENTED_EDGE ( 'NONE', *, *, #4088, .F. ) ;
#2775 = DIRECTION ( 'NONE',  ( 2.312964634635743450E-16, -1.000000000000000000, 0.000000000000000000 ) ) ;
#2776 = AXIS2_PLACEMENT_3D ( 'NONE', #620, #2648, #2559 ) ;
#2777 = CARTESIAN_POINT ( 'NONE',  ( 58.31066017177980854, 97.99999999999998579, 0.3106601717798209150 ) ) ;
#2778 = LINE ( 'NONE', #2007, #4244 ) ;
#2779 = ORIENTED_EDGE ( 'NONE', *, *, #4514, .F. ) ;
#2780 = DIRECTION ( 'NONE',  ( -1.512840240677448454E-16, 1.000000000000000000, 0.000000000000000000 ) ) ;
#2781 = VECTOR ( 'NONE', #2673, 1000.000000000000114 ) ;
#2782 = CARTESIAN_POINT ( 'NONE',  ( -6.000000000000015987, 80.99999999999998579, 1.999999999999998224 ) ) ;
#2783 = LINE ( 'NONE', #29, #2826 ) ;
#2784 = DIRECTION ( 'NONE',  ( 1.000000000000000000, -1.143773720424268097E-15, 0.000000000000000000 ) ) ;
#2785 = AXIS2_PLACEMENT_3D ( 'NONE', #1930, #4422, #4764 ) ;
#2786 = ORIENTED_EDGE ( 'NONE', *, *, #3058, .F. ) ;
#2787 = LINE ( 'NONE', #5258, #649 ) ;
#2788 = VERTEX_POINT ( 'NONE', #4841 ) ;
#2789 = CARTESIAN_POINT ( 'NONE',  ( 58.99999999999999289, 88.00000000000000000, 25.10000000000000142 ) ) ;
#2790 = ORIENTED_EDGE ( 'NONE', *, *, #3326, .T. ) ;
#2791 = EDGE_LOOP ( 'NONE', ( #896, #4341, #3648 ) ) ;
#2792 = ORIENTED_EDGE ( 'NONE', *, *, #4032, .F. ) ;
#2793 = FACE_OUTER_BOUND ( 'NONE', #2770, .T. ) ;
#2794 = VECTOR ( 'NONE', #3204, 1000.000000000000000 ) ;
#2795 = EDGE_CURVE ( 'NONE', #2949, #880, #1202, .T. ) ;
#2796 = EDGE_CURVE ( 'NONE', #2167, #2812, #3252, .T. ) ;
#2797 = ORIENTED_EDGE ( 'NONE', *, *, #3490, .F. ) ;
#2798 = EDGE_LOOP ( 'NONE', ( #11, #4758, #1966, #2390 ) ) ;
#2799 = DIRECTION ( 'NONE',  ( 2.312964634635743450E-16, -1.000000000000000000, 6.177056887751240565E-16 ) ) ;
#2800 = LINE ( 'NONE', #373, #2620 ) ;
#2801 = EDGE_CURVE ( 'NONE', #610, #636, #2479, .T. ) ;
#2802 = PLANE ( 'NONE',  #2116 ) ;
#2803 = ORIENTED_EDGE ( 'NONE', *, *, #806, .F. ) ;
#2804 = CARTESIAN_POINT ( 'NONE',  ( -0.2250000000000125233, 1.440415587219193938, 6.000000000000000000 ) ) ;
#2805 = DIRECTION ( 'NONE',  ( -7.709882115452478166E-17, 1.000000000000000000, -0.000000000000000000 ) ) ;
#2806 = CARTESIAN_POINT ( 'NONE',  ( 58.99999999999999289, 88.00000000000000000, 25.10000000000000142 ) ) ;
#2807 = ORIENTED_EDGE ( 'NONE', *, *, #4169, .T. ) ;
#2808 = DIRECTION ( 'NONE',  ( 0.000000000000000000, 1.000000000000000000, 2.478176394252580648E-16 ) ) ;
#2809 = CARTESIAN_POINT ( 'NONE',  ( 0.000000000000000000, 0.000000000000000000, 7.000000000000000000 ) ) ;
#2810 = LINE ( 'NONE', #4114, #1969 ) ;
#2811 = DIRECTION ( 'NONE',  ( -1.000000000000000000, -6.100126508929428801E-15, 0.000000000000000000 ) ) ;
#2812 = VERTEX_POINT ( 'NONE', #1258 ) ;
#2813 = ORIENTED_EDGE ( 'NONE', *, *, #323, .F. ) ;
#2814 = ORIENTED_EDGE ( 'NONE', *, *, #1716, .F. ) ;
#2815 = CIRCLE ( 'NONE', #2393, 0.7500000000000006661 ) ;
#2816 = CARTESIAN_POINT ( 'NONE',  ( 68.24999999999998579, 2.250000000000000444, 25.10000000000000142 ) ) ;
#2817 = CARTESIAN_POINT ( 'NONE',  ( 9.000000000000000000, 90.00000000000000000, 2.000000000000000000 ) ) ;
#2818 = ORIENTED_EDGE ( 'NONE', *, *, #379, .F. ) ;
#2819 = EDGE_CURVE ( 'NONE', #2238, #4285, #2426, .T. ) ;
#2820 = ADVANCED_FACE ( 'NONE', ( #2034 ), #3656, .F. ) ;
#2821 = ORIENTED_EDGE ( 'NONE', *, *, #3036, .T. ) ;
#2822 = CARTESIAN_POINT ( 'NONE',  ( 61.22499999999997300, -6.440415587219182392, 6.000000000000000000 ) ) ;
#2823 = CARTESIAN_POINT ( 'NONE',  ( -8.000000000000000000, 97.24999999999998579, -15.55634918610404327 ) ) ;
#2824 = AXIS2_PLACEMENT_3D ( 'NONE', #4962, #85, #1718 ) ;
#2825 = VECTOR ( 'NONE', #5131, 1000.000000000000000 ) ;
#2826 = VECTOR ( 'NONE', #3610, 1000.000000000000000 ) ;
#2827 = LINE ( 'NONE', #3279, #499 ) ;
#2828 = VECTOR ( 'NONE', #732, 1000.000000000000000 ) ;
#2829 = ORIENTED_EDGE ( 'NONE', *, *, #696, .F. ) ;
#2830 = EDGE_CURVE ( 'NONE', #5108, #1170, #429, .T. ) ;
#2831 = VECTOR ( 'NONE', #3262, 1000.000000000000000 ) ;
#2832 = LINE ( 'NONE', #3711, #223 ) ;
#2833 = CARTESIAN_POINT ( 'NONE',  ( 18.50000000000000000, 4.000000000000000000, 7.000000000000000000 ) ) ;
#2834 = PLANE ( 'NONE',  #2453 ) ;
#2835 = FACE_OUTER_BOUND ( 'NONE', #5143, .T. ) ;
#2836 = EDGE_CURVE ( 'NONE', #4065, #2362, #455, .T. ) ;
#2837 = CARTESIAN_POINT ( 'NONE',  ( 68.75388744962556586, 92.50000000000000000, 0.1944845293695108834 ) ) ;
#2838 = VERTEX_POINT ( 'NONE', #4526 ) ;
#2839 = CARTESIAN_POINT ( 'NONE',  ( 68.99999999999997158, 87.75000000000000000, 25.10000000000000142 ) ) ;
#2840 = CARTESIAN_POINT ( 'NONE',  ( -6.000000000000015987, 80.99999999999998579, 5.000000000000000888 ) ) ;
#2841 = LINE ( 'NONE', #2443, #1040 ) ;
#2842 = CARTESIAN_POINT ( 'NONE',  ( 40.39999999999997726, 88.00000000000000000, 25.10000000000000853 ) ) ;
#2843 = ORIENTED_EDGE ( 'NONE', *, *, #1863, .F. ) ;
#2844 = EDGE_LOOP ( 'NONE', ( #3845, #2982, #3653, #1214 ) ) ;
#2845 = ORIENTED_EDGE ( 'NONE', *, *, #2404, .T. ) ;
#2846 = DIRECTION ( 'NONE',  ( -1.000000000000000000, 0.000000000000000000, 0.000000000000000000 ) ) ;
#2847 = CARTESIAN_POINT ( 'NONE',  ( 56.99999999999997868, 88.00000000000000000, 8.500000000000000000 ) ) ;
#2848 = AXIS2_PLACEMENT_3D ( 'NONE', #322, #2775, #1478 ) ;
#2849 = VERTEX_POINT ( 'NONE', #882 ) ;
#2850 = EDGE_LOOP ( 'NONE', ( #66, #5186, #4367, #2142 ) ) ;
#2851 = CARTESIAN_POINT ( 'NONE',  ( 58.99999999999998579, 45.00000000000000000, 25.10000000000000142 ) ) ;
#2852 = LINE ( 'NONE', #4074, #4817 ) ;
#2853 = AXIS2_PLACEMENT_3D ( 'NONE', #2544, #4993, #1352 ) ;
#2854 = CARTESIAN_POINT ( 'NONE',  ( -1.387778780781446859E-15, 9.000000000000007105, 5.000000000000008882 ) ) ;
#2855 = EDGE_LOOP ( 'NONE', ( #2652, #3593, #1336, #4800, #1702 ) ) ;
#2856 = AXIS2_PLACEMENT_3D ( 'NONE', #2263, #1350, #4991 ) ;
#2857 = CARTESIAN_POINT ( 'NONE',  ( 57.99999999999999289, -7.689339828220180806, 8.127451321766318455E-16 ) ) ;
#2858 = CARTESIAN_POINT ( 'NONE',  ( 68.99999999999997158, 87.00000000000000000, 0.7500000000000006661 ) ) ;
#2859 = CARTESIAN_POINT ( 'NONE',  ( -0.2000000000000013989, 92.50000000000000000, 25.10000000000000142 ) ) ;
#2860 = AXIS2_PLACEMENT_3D ( 'NONE', #2702, #3997, #1906 ) ;
#2861 = EDGE_CURVE ( 'NONE', #2908, #552, #2503, .T. ) ;
#2862 = DIRECTION ( 'NONE',  ( 1.000000000000000000, 0.000000000000000000, 0.000000000000000000 ) ) ;
#2863 = ADVANCED_FACE ( 'NONE', ( #3756 ), #5030, .F. ) ;
#2864 = LINE ( 'NONE', #2464, #4783 ) ;
#2865 = ORIENTED_EDGE ( 'NONE', *, *, #2469, .F. ) ;
#2866 = CARTESIAN_POINT ( 'NONE',  ( 36.49999999999998579, 88.00000000000000000, 8.499999999999998224 ) ) ;
#2867 = LINE ( 'NONE', #3666, #440 ) ;
#2868 = DIRECTION ( 'NONE',  ( -0.000000000000000000, -0.000000000000000000, -1.000000000000000000 ) ) ;
#2869 = VECTOR ( 'NONE', #1704, 1000.000000000000000 ) ;
#2870 = DIRECTION ( 'NONE',  ( -0.5000000000000006661, -0.8660254037844382635, 0.000000000000000000 ) ) ;
#2871 = EDGE_CURVE ( 'NONE', #1982, #2049, #1393, .T. ) ;
#2872 = ORIENTED_EDGE ( 'NONE', *, *, #1624, .F. ) ;
#2873 = ORIENTED_EDGE ( 'NONE', *, *, #3971, .T. ) ;
#2874 = DIRECTION ( 'NONE',  ( 1.000000000000000000, 0.000000000000000000, -0.000000000000000000 ) ) ;
#2875 = LINE ( 'NONE', #1677, #1276 ) ;
#2876 = VECTOR ( 'NONE', #2912, 1000.000000000000000 ) ;
#2877 = VERTEX_POINT ( 'NONE', #3871 ) ;
#2878 = VERTEX_POINT ( 'NONE', #184 ) ;
#2879 = DIRECTION ( 'NONE',  ( 4.180056568618811498E-16, 0.000000000000000000, -1.000000000000000000 ) ) ;
#2880 = CARTESIAN_POINT ( 'NONE',  ( -0.2000000000000174416, -2.500000000000000444, 0.000000000000000000 ) ) ;
#2881 = DIRECTION ( 'NONE',  ( 0.000000000000000000, -1.000000000000000000, 1.192622389734055124E-16 ) ) ;
#2882 = AXIS2_PLACEMENT_3D ( 'NONE', #1059, #221, #1081 ) ;
#2883 = EDGE_LOOP ( 'NONE', ( #3194, #1799, #4008, #182, #427, #1143 ) ) ;
#2884 = CARTESIAN_POINT ( 'NONE',  ( 58.99999999999998579, 31.49999999999999289, 11.95000000000000284 ) ) ;
#2885 = PLANE ( 'NONE',  #1575 ) ;
#2886 = CARTESIAN_POINT ( 'NONE',  ( 16.99999999999999289, 2.000000000000000000, 2.000000000000000000 ) ) ;
#2887 = DIRECTION ( 'NONE',  ( 0.000000000000000000, 0.000000000000000000, -1.000000000000000000 ) ) ;
#2888 = DIRECTION ( 'NONE',  ( -0.000000000000000000, -0.000000000000000000, 1.000000000000000000 ) ) ;
#2889 = ORIENTED_EDGE ( 'NONE', *, *, #655, .T. ) ;
#2890 = EDGE_CURVE ( 'NONE', #2240, #2812, #2619, .T. ) ;
#2891 = EDGE_CURVE ( 'NONE', #838, #3219, #991, .T. ) ;
#2892 = PLANE ( 'NONE',  #4803 ) ;
#2893 = LINE ( 'NONE', #3267, #2239 ) ;
#2894 = CARTESIAN_POINT ( 'NONE',  ( -1.492946391512539921E-14, 80.99999999999998579, 2.000000000000000000 ) ) ;
#2895 = CARTESIAN_POINT ( 'NONE',  ( 58.99999999999997868, 49.99999999999999289, 1.999999999999995781 ) ) ;
#2896 = ORIENTED_EDGE ( 'NONE', *, *, #551, .T. ) ;
#2897 = EDGE_CURVE ( 'NONE', #2204, #4436, #4321, .T. ) ;
#2898 = ORIENTED_EDGE ( 'NONE', *, *, #912, .T. ) ;
#2899 = CARTESIAN_POINT ( 'NONE',  ( 41.99999999999999289, 2.000000000000000000, 12.00000000000000178 ) ) ;
#2900 = CARTESIAN_POINT ( 'NONE',  ( 58.24611255037434887, 92.49999999999997158, 6.000000000000000000 ) ) ;
#2901 =( GEOMETRIC_REPRESENTATION_CONTEXT ( 3 ) GLOBAL_UNCERTAINTY_ASSIGNED_CONTEXT ( ( #127 ) ) GLOBAL_UNIT_ASSIGNED_CONTEXT ( ( #4434, #5260, #1694 ) ) REPRESENTATION_CONTEXT ( 'NONE', 'WORKASPACE' ) );
#2902 = EDGE_LOOP ( 'NONE', ( #3896, #1608, #3479, #718, #1949 ) ) ;
#2903 = EDGE_CURVE ( 'NONE', #2719, #2683, #3013, .T. ) ;
#2904 = ORIENTED_EDGE ( 'NONE', *, *, #2298, .F. ) ;
#2905 = DIRECTION ( 'NONE',  ( 0.000000000000000000, 0.000000000000000000, -1.000000000000000000 ) ) ;
#2906 = DIRECTION ( 'NONE',  ( -0.000000000000000000, 1.000000000000000000, -0.000000000000000000 ) ) ;
#2907 = CARTESIAN_POINT ( 'NONE',  ( 0.000000000000000000, 0.000000000000000000, 0.000000000000000000 ) ) ;
#2908 = VERTEX_POINT ( 'NONE', #2985 ) ;
#2909 = FACE_OUTER_BOUND ( 'NONE', #2175, .T. ) ;
#2910 = CARTESIAN_POINT ( 'NONE',  ( -4.775000000000031442, 96.44041558721917795, 6.000000000000000000 ) ) ;
#2911 = AXIS2_PLACEMENT_3D ( 'NONE', #3113, #3934, #3958 ) ;
#2912 = DIRECTION ( 'NONE',  ( -0.000000000000000000, -0.000000000000000000, -1.000000000000000000 ) ) ;
#2913 = CARTESIAN_POINT ( 'NONE',  ( 68.24999999999998579, 3.000000000000000000, 0.000000000000000000 ) ) ;
#2914 = VECTOR ( 'NONE', #2159, 1000.000000000000000 ) ;
#2915 = AXIS2_PLACEMENT_3D ( 'NONE', #807, #4928, #4824 ) ;
#2916 = AXIS2_PLACEMENT_3D ( 'NONE', #4455, #860, #1157 ) ;
#2917 = CARTESIAN_POINT ( 'NONE',  ( 58.99999999999997158, 84.99999999999998579, 2.000000000000000000 ) ) ;
#2918 = VERTEX_POINT ( 'NONE', #1761 ) ;
#2919 = LINE ( 'NONE', #2466, #2431 ) ;
#2920 = DIRECTION ( 'NONE',  ( -0.000000000000000000, 0.000000000000000000, 1.000000000000000000 ) ) ;
#2921 = LINE ( 'NONE', #3296, #2575 ) ;
#2922 = EDGE_CURVE ( 'NONE', #2280, #722, #4633, .T. ) ;
#2923 = EDGE_CURVE ( 'NONE', #1535, #2877, #3470, .T. ) ;
#2924 = ORIENTED_EDGE ( 'NONE', *, *, #4386, .F. ) ;
#2925 = ORIENTED_EDGE ( 'NONE', *, *, #3027, .T. ) ;
#2926 = CARTESIAN_POINT ( 'NONE',  ( 4.000000000000000000, 32.00000000000000000, 2.000000000000000000 ) ) ;
#2927 = DIRECTION ( 'NONE',  ( 0.000000000000000000, 0.000000000000000000, -1.000000000000000000 ) ) ;
#2928 = EDGE_CURVE ( 'NONE', #3046, #4065, #2220, .T. ) ;
#2929 = EDGE_CURVE ( 'NONE', #586, #1603, #5088, .T. ) ;
#2930 = ORIENTED_EDGE ( 'NONE', *, *, #4903, .F. ) ;
#2931 = ORIENTED_EDGE ( 'NONE', *, *, #1555, .T. ) ;
#2932 = CARTESIAN_POINT ( 'NONE',  ( 60.99999999999998579, 18.24999999999999289, 11.94999999999999751 ) ) ;
#2933 = CARTESIAN_POINT ( 'NONE',  ( 68.99999999999998579, 2.250000000000000444, 25.10000000000000142 ) ) ;
#2934 = ADVANCED_FACE ( 'NONE', ( #1817, #1365 ), #3068, .T. ) ;
#2935 = ORIENTED_EDGE ( 'NONE', *, *, #3099, .T. ) ;
#2936 = VECTOR ( 'NONE', #2414, 1000.000000000000000 ) ;
#2937 = LINE ( 'NONE', #1286, #3709 ) ;
#2938 = FACE_OUTER_BOUND ( 'NONE', #2419, .T. ) ;
#2939 = DIRECTION ( 'NONE',  ( -0.4999999999999953926, -0.8660254037844412611, 0.000000000000000000 ) ) ;
#2940 = CARTESIAN_POINT ( 'NONE',  ( 60.99999999999998579, 80.99999999999998579, 2.000000000000000000 ) ) ;
#2941 = ORIENTED_EDGE ( 'NONE', *, *, #4103, .F. ) ;
#2942 = DIRECTION ( 'NONE',  ( 0.000000000000000000, 0.000000000000000000, 1.000000000000000000 ) ) ;
#2943 = ORIENTED_EDGE ( 'NONE', *, *, #2534, .T. ) ;
#2944 = LINE ( 'NONE', #1692, #2692 ) ;
#2945 = PLANE ( 'NONE',  #1806 ) ;
#2946 = VECTOR ( 'NONE', #2654, 1000.000000000000000 ) ;
#2947 = PLANE ( 'NONE',  #1636 ) ;
#2948 = CARTESIAN_POINT ( 'NONE',  ( 4.000000000000000000, 32.00000000000000000, 7.000000000000000000 ) ) ;
#2949 = VERTEX_POINT ( 'NONE', #614 ) ;
#2950 = ORIENTED_EDGE ( 'NONE', *, *, #5018, .F. ) ;
#2951 = CARTESIAN_POINT ( 'NONE',  ( 68.24999999999997158, 87.00000000000000000, 0.000000000000000000 ) ) ;
#2952 = CARTESIAN_POINT ( 'NONE',  ( 61.19999999999998153, 92.49999999999998579, 6.000000000000000000 ) ) ;
#2953 = CARTESIAN_POINT ( 'NONE',  ( -8.000000000000000000, 87.75000000000000000, 0.7500000000000006661 ) ) ;
#2954 = VECTOR ( 'NONE', #247, 1000.000000000000000 ) ;
#2955 = ORIENTED_EDGE ( 'NONE', *, *, #4582, .F. ) ;
#2956 = ORIENTED_EDGE ( 'NONE', *, *, #4659, .F. ) ;
#2957 = LINE ( 'NONE', #4578, #1425 ) ;
#2958 = EDGE_CURVE ( 'NONE', #136, #2683, #1421, .T. ) ;
#2959 = EDGE_CURVE ( 'NONE', #1779, #5110, #4685, .T. ) ;
#2960 = DIRECTION ( 'NONE',  ( 1.000000000000000000, 0.000000000000000000, 0.000000000000000000 ) ) ;
#2961 = VECTOR ( 'NONE', #540, 1000.000000000000000 ) ;
#2962 = DIRECTION ( 'NONE',  ( -0.000000000000000000, -0.000000000000000000, 1.000000000000000000 ) ) ;
#2963 = ORIENTED_EDGE ( 'NONE', *, *, #347, .T. ) ;
#2964 = CARTESIAN_POINT ( 'NONE',  ( 42.49999999999998579, 4.000000000000000000, 7.000000000000000000 ) ) ;
#2965 = EDGE_CURVE ( 'NONE', #4150, #2197, #3467, .T. ) ;
#2966 = CARTESIAN_POINT ( 'NONE',  ( 68.75388744962556586, 92.50000000000000000, 0.1944845293695108834 ) ) ;
#2967 = CARTESIAN_POINT ( 'NONE',  ( 2.049999999999997158, 92.50000000000001421, 0.000000000000000000 ) ) ;
#2968 = LINE ( 'NONE', #4957, #5132 ) ;
#2969 = VERTEX_POINT ( 'NONE', #4261 ) ;
#2970 = PLANE ( 'NONE',  #1712 ) ;
#2971 = ORIENTED_EDGE ( 'NONE', *, *, #4686, .F. ) ;
#2972 = ADVANCED_FACE ( 'NONE', ( #3043 ), #3814, .F. ) ;
#2973 = CARTESIAN_POINT ( 'NONE',  ( 60.87305627518716022, 87.94999999999997442, 6.000000000000000000 ) ) ;
#2974 = DIRECTION ( 'NONE',  ( 0.000000000000000000, -1.000000000000000000, 1.192622389734055124E-16 ) ) ;
#2975 = CARTESIAN_POINT ( 'NONE',  ( 58.99999999999998579, 18.24999999999999289, 11.94999999999999751 ) ) ;
#2976 = DIRECTION ( 'NONE',  ( -1.838995606619757339E-32, 1.192622389734055124E-16, 1.000000000000000000 ) ) ;
#2977 = ORIENTED_EDGE ( 'NONE', *, *, #3091, .F. ) ;
#2978 = VERTEX_POINT ( 'NONE', #1789 ) ;
#2979 = DIRECTION ( 'NONE',  ( -1.000000000000000000, 0.000000000000000000, 0.000000000000000000 ) ) ;
#2980 = CARTESIAN_POINT ( 'NONE',  ( 1.999999999999987121, 84.99999999999997158, 2.000000000000000000 ) ) ;
#2981 = DIRECTION ( 'NONE',  ( 0.000000000000000000, 0.000000000000000000, 1.000000000000000000 ) ) ;
#2982 = ORIENTED_EDGE ( 'NONE', *, *, #2801, .T. ) ;
#2983 = ORIENTED_EDGE ( 'NONE', *, *, #4613, .T. ) ;
#2984 = DIRECTION ( 'NONE',  ( 0.000000000000000000, 0.000000000000000000, 1.000000000000000000 ) ) ;
#2985 = CARTESIAN_POINT ( 'NONE',  ( 58.75000000000000000, -8.000000000000000000, 0.7500000000000006661 ) ) ;
#2986 = CARTESIAN_POINT ( 'NONE',  ( 1.999999999999999556, 33.50000000000000000, 7.000000000000000000 ) ) ;
#2987 = EDGE_CURVE ( 'NONE', #4543, #4736, #2644, .T. ) ;
#2988 = ORIENTED_EDGE ( 'NONE', *, *, #1010, .F. ) ;
#2989 = CARTESIAN_POINT ( 'NONE',  ( 65.77500000000004832, 1.440415587219181281, 0.000000000000000000 ) ) ;
#2990 = CARTESIAN_POINT ( 'NONE',  ( 68.61429225211327321, 92.25821402541609473, 0.06786291075892332547 ) ) ;
#2991 = DIRECTION ( 'NONE',  ( 0.000000000000000000, -1.000000000000000000, -1.445602896647337931E-16 ) ) ;
#2992 = LINE ( 'NONE', #140, #4703 ) ;
#2993 = EDGE_CURVE ( 'NONE', #4736, #25, #4978, .T. ) ;
#2994 = VERTEX_POINT ( 'NONE', #3524 ) ;
#2995 = CARTESIAN_POINT ( 'NONE',  ( 60.87305627518716022, 87.94999999999997442, 0.000000000000000000 ) ) ;
#2996 = EDGE_LOOP ( 'NONE', ( #689, #1645 ) ) ;
#2997 = DIRECTION ( 'NONE',  ( -0.000000000000000000, -1.000000000000000000, -0.000000000000000000 ) ) ;
#2998 = DIRECTION ( 'NONE',  ( -0.000000000000000000, 0.000000000000000000, 1.000000000000000000 ) ) ;
#2999 = CARTESIAN_POINT ( 'NONE',  ( 58.99999999999997868, 49.99999999999999289, 1.999999999999995781 ) ) ;
#3000 = LINE ( 'NONE', #549, #4611 ) ;
#3001 = AXIS2_PLACEMENT_3D ( 'NONE', #2417, #3268, #790 ) ;
#3002 = VECTOR ( 'NONE', #3056, 1000.000000000000000 ) ;
#3003 = EDGE_CURVE ( 'NONE', #2246, #565, #3991, .T. ) ;
#3004 = AXIS2_PLACEMENT_3D ( 'NONE', #2358, #2311, #3980 ) ;
#3005 = ORIENTED_EDGE ( 'NONE', *, *, #4681, .T. ) ;
#3006 = ORIENTED_EDGE ( 'NONE', *, *, #4741, .T. ) ;
#3007 = LINE ( 'NONE', #4598, #4099 ) ;
#3008 = DIRECTION ( 'NONE',  ( 0.000000000000000000, 0.000000000000000000, -1.000000000000000000 ) ) ;
#3009 = DIRECTION ( 'NONE',  ( 0.000000000000000000, 0.000000000000000000, -1.000000000000000000 ) ) ;
#3010 = ORIENTED_EDGE ( 'NONE', *, *, #4747, .F. ) ;
#3011 = ORIENTED_EDGE ( 'NONE', *, *, #3856, .T. ) ;
#3012 = CARTESIAN_POINT ( 'NONE',  ( 68.24999999999997158, 87.00000000000000000, 25.10000000000000142 ) ) ;
#3013 = LINE ( 'NONE', #932, #403 ) ;
#3014 = DIRECTION ( 'NONE',  ( -0.000000000000000000, -0.000000000000000000, 1.000000000000000000 ) ) ;
#3015 = ORIENTED_EDGE ( 'NONE', *, *, #49, .T. ) ;
#3016 = DIRECTION ( 'NONE',  ( -7.709882115452476934E-17, 1.000000000000000000, 0.000000000000000000 ) ) ;
#3017 = DIRECTION ( 'NONE',  ( 1.000000000000000000, 0.000000000000000000, 0.000000000000000000 ) ) ;
#3018 = DIRECTION ( 'NONE',  ( -1.000000000000000000, -0.000000000000000000, -0.000000000000000000 ) ) ;
#3019 = CARTESIAN_POINT ( 'NONE',  ( 51.99999999999999289, 0.000000000000000000, 0.000000000000000000 ) ) ;
#3020 = VECTOR ( 'NONE', #2107, 1000.000000000000000 ) ;
#3021 = EDGE_LOOP ( 'NONE', ( #639, #1492, #4660, #3144 ) ) ;
#3022 = CARTESIAN_POINT ( 'NONE',  ( 1.999999999999999556, 63.50000000000000000, 7.000000000000000000 ) ) ;
#3023 = ORIENTED_EDGE ( 'NONE', *, *, #684, .F. ) ;
#3024 = CARTESIAN_POINT ( 'NONE',  ( 68.99999999999998579, -7.250000000000000000, -15.55634918610404327 ) ) ;
#3025 = DIRECTION ( 'NONE',  ( -1.000000000000000000, 3.469446951953611033E-15, 0.000000000000000000 ) ) ;
#3026 = EDGE_CURVE ( 'NONE', #3192, #4887, #3968, .T. ) ;
#3027 = EDGE_CURVE ( 'NONE', #3101, #3544, #2771, .T. ) ;
#3028 = DIRECTION ( 'NONE',  ( 0.000000000000000000, 0.000000000000000000, -1.000000000000000000 ) ) ;
#3029 = VECTOR ( 'NONE', #3110, 1000.000000000000000 ) ;
#3030 = CARTESIAN_POINT ( 'NONE',  ( 60.99999999999997158, 84.99999999999998579, 5.000000000000000000 ) ) ;
#3031 = APPLICATION_CONTEXT ( 'automotive_design' ) ;
#3032 = VERTEX_POINT ( 'NONE', #2346 ) ;
#3033 = VECTOR ( 'NONE', #4925, 1000.000000000000000 ) ;
#3034 = ORIENTED_EDGE ( 'NONE', *, *, #3321, .F. ) ;
#3035 = LINE ( 'NONE', #606, #1216 ) ;
#3036 = EDGE_CURVE ( 'NONE', #5238, #317, #2698, .T. ) ;
#3037 = CARTESIAN_POINT ( 'NONE',  ( 58.24611255037434887, 92.49999999999997158, 6.000000000000000000 ) ) ;
#3038 = DIRECTION ( 'NONE',  ( -1.000000000000000000, 0.000000000000000000, -0.000000000000000000 ) ) ;
#3039 = VECTOR ( 'NONE', #1392, 1000.000000000000000 ) ;
#3040 = EDGE_LOOP ( 'NONE', ( #4406, #4408, #3993, #2743 ) ) ;
#3041 = ORIENTED_EDGE ( 'NONE', *, *, #3280, .F. ) ;
#3042 = CARTESIAN_POINT ( 'NONE',  ( 18.25000000000000355, 88.00000000000000000, 8.499999999999998224 ) ) ;
#3043 = FACE_OUTER_BOUND ( 'NONE', #5052, .T. ) ;
#3044 = AXIS2_PLACEMENT_3D ( 'NONE', #5273, #2457, #3332 ) ;
#3045 = DIRECTION ( 'NONE',  ( 1.000000000000000000, -1.143773720424268097E-15, 0.000000000000000000 ) ) ;
#3046 = VERTEX_POINT ( 'NONE', #4390 ) ;
#3047 = CARTESIAN_POINT ( 'NONE',  ( -7.250000000000000000, 0.000000000000000000, -0.000000000000000000 ) ) ;
#3048 = DIRECTION ( 'NONE',  ( 0.000000000000000000, 0.000000000000000000, -1.000000000000000000 ) ) ;
#3049 = LINE ( 'NONE', #700, #4743 ) ;
#3050 = CARTESIAN_POINT ( 'NONE',  ( -1.527864045000397741, 5.000000000000030198, 5.000000000000005329 ) ) ;
#3051 = ORIENTED_EDGE ( 'NONE', *, *, #4336, .F. ) ;
#3052 = DIRECTION ( 'NONE',  ( 0.000000000000000000, 0.000000000000000000, -1.000000000000000000 ) ) ;
#3053 = ORIENTED_EDGE ( 'NONE', *, *, #4240, .T. ) ;
#3054 = DIRECTION ( 'NONE',  ( -0.000000000000000000, 1.000000000000000000, -0.000000000000000000 ) ) ;
#3055 = DIRECTION ( 'NONE',  ( 0.4999999999999953926, 0.8660254037844412611, 0.000000000000000000 ) ) ;
#3056 = DIRECTION ( 'NONE',  ( -0.000000000000000000, -0.000000000000000000, -1.000000000000000000 ) ) ;
#3057 = CARTESIAN_POINT ( 'NONE',  ( 58.99999999999997158, 84.99999999999998579, 2.000000000000000000 ) ) ;
#3058 = EDGE_CURVE ( 'NONE', #1723, #4206, #3098, .T. ) ;
#3059 = EDGE_CURVE ( 'NONE', #2978, #5027, #1758, .T. ) ;
#3060 = ORIENTED_EDGE ( 'NONE', *, *, #783, .F. ) ;
#3061 = ORIENTED_EDGE ( 'NONE', *, *, #2765, .T. ) ;
#3062 = CARTESIAN_POINT ( 'NONE',  ( 1.999999999999995337, 32.00000000000000000, 7.000000000000000000 ) ) ;
#3063 = AXIS2_PLACEMENT_3D ( 'NONE', #16, #3245, #4862 ) ;
#3064 = EDGE_CURVE ( 'NONE', #341, #749, #4368, .T. ) ;
#3065 = ORIENTED_EDGE ( 'NONE', *, *, #1049, .T. ) ;
#3066 = ORIENTED_EDGE ( 'NONE', *, *, #752, .F. ) ;
#3067 = CARTESIAN_POINT ( 'NONE',  ( 60.99999999999997158, 63.50000000000000000, 4.999999999999997335 ) ) ;
#3068 = PLANE ( 'NONE',  #2357 ) ;
#3069 = CARTESIAN_POINT ( 'NONE',  ( 4.250000000000000000, 88.00000000000000000, 25.10000000000000142 ) ) ;
#3070 = EDGE_CURVE ( 'NONE', #2878, #2918, #3922, .T. ) ;
#3071 = EDGE_LOOP ( 'NONE', ( #924, #656, #3965, #1096 ) ) ;
#3072 = FACE_OUTER_BOUND ( 'NONE', #3669, .T. ) ;
#3073 = CARTESIAN_POINT ( 'NONE',  ( 0.000000000000000000, 2.000000000000000000, 30.10000000000000142 ) ) ;
#3074 = CARTESIAN_POINT ( 'NONE',  ( 60.99999999999997158, 84.99999999999998579, 2.000000000000000000 ) ) ;
#3075 = PLANE ( 'NONE',  #2882 ) ;
#3076 = VERTEX_POINT ( 'NONE', #4787 ) ;
#3078 = CARTESIAN_POINT ( 'NONE',  ( 2.999999991999983795, -6.000000000000000000, 28.43333333333333357 ) ) ;
#3077 = VECTOR ( 'NONE', #7, 1000.000000000000000 ) ;
#3079 = ORIENTED_EDGE ( 'NONE', *, *, #5201, .T. ) ;
#3080 = DIRECTION ( 'NONE',  ( -0.000000000000000000, -1.000000000000000000, -0.000000000000000000 ) ) ;
#3081 = CARTESIAN_POINT ( 'NONE',  ( 42.49999999999998579, 2.000000000000000000, 7.000000000000000000 ) ) ;
#3082 = DIRECTION ( 'NONE',  ( 0.000000000000000000, 0.000000000000000000, 1.000000000000000000 ) ) ;
#3083 = DIRECTION ( 'NONE',  ( -1.000000000000000000, 0.000000000000000000, 1.239088197126290570E-16 ) ) ;
#3084 = AXIS2_PLACEMENT_3D ( 'NONE', #2498, #3673, #1225 ) ;
#3085 = ORIENTED_EDGE ( 'NONE', *, *, #4521, .F. ) ;
#3086 = AXIS2_PLACEMENT_3D ( 'NONE', #3744, #4828, #1243 ) ;
#3087 = VERTEX_POINT ( 'NONE', #5113 ) ;
#3088 = VECTOR ( 'NONE', #203, 1000.000000000000114 ) ;
#3089 = EDGE_CURVE ( 'NONE', #129, #5245, #674, .T. ) ;
#3090 = LINE ( 'NONE', #4706, #2695 ) ;
#3091 = EDGE_CURVE ( 'NONE', #586, #529, #5216, .T. ) ;
#3092 = VECTOR ( 'NONE', #4663, 1000.000000000000000 ) ;
#3093 = ORIENTED_EDGE ( 'NONE', *, *, #1657, .T. ) ;
#3094 = AXIS2_PLACEMENT_3D ( 'NONE', #4485, #410, #1688 ) ;
#3095 = ORIENTED_EDGE ( 'NONE', *, *, #4681, .F. ) ;
#3096 = ORIENTED_EDGE ( 'NONE', *, *, #1567, .F. ) ;
#3097 = FACE_OUTER_BOUND ( 'NONE', #2367, .T. ) ;
#3098 = LINE ( 'NONE', #2744, #4048 ) ;
#3099 = EDGE_CURVE ( 'NONE', #3546, #3907, #1146, .T. ) ;
#3100 = ADVANCED_FACE ( 'NONE', ( #2302 ), #1970, .T. ) ;
#3101 = VERTEX_POINT ( 'NONE', #3499 ) ;
#3102 = CARTESIAN_POINT ( 'NONE',  ( 8.999999999999996447, 90.00000000000000000, 0.000000000000000000 ) ) ;
#3103 = CARTESIAN_POINT ( 'NONE',  ( 58.99999999999998579, 63.50000000000000000, 2.000000000000000000 ) ) ;
#3104 = ADVANCED_FACE ( 'NONE', ( #1566 ), #268, .F. ) ;
#3105 = FACE_OUTER_BOUND ( 'NONE', #4437, .T. ) ;
#3106 = CARTESIAN_POINT ( 'NONE',  ( 68.99999999999998579, 3.000000000000000000, 25.10000000000000142 ) ) ;
#3107 = EDGE_LOOP ( 'NONE', ( #4549, #2790, #1627, #1638 ) ) ;
#3108 = DIRECTION ( 'NONE',  ( -0.000000000000000000, -0.000000000000000000, 1.000000000000000000 ) ) ;
#3109 = ORIENTED_EDGE ( 'NONE', *, *, #1231, .T. ) ;
#3110 = DIRECTION ( 'NONE',  ( -0.000000000000000000, -0.000000000000000000, 1.000000000000000000 ) ) ;
#3111 = CARTESIAN_POINT ( 'NONE',  ( 0.000000000000000000, 0.000000000000000000, 25.10000000000000142 ) ) ;
#3112 = DIRECTION ( 'NONE',  ( 0.000000000000000000, 1.000000000000000000, 0.000000000000000000 ) ) ;
#3113 = CARTESIAN_POINT ( 'NONE',  ( 18.50000000000000355, 2.000000000000000000, 7.000000000000000000 ) ) ;
#3114 = VERTEX_POINT ( 'NONE', #642 ) ;
#3115 = FACE_OUTER_BOUND ( 'NONE', #3742, .T. ) ;
#3116 = AXIS2_PLACEMENT_3D ( 'NONE', #3233, #1577, #4375 ) ;
#3117 = LINE ( 'NONE', #4734, #99 ) ;
#3118 = VECTOR ( 'NONE', #3398, 1000.000000000000000 ) ;
#3119 = VERTEX_POINT ( 'NONE', #4811 ) ;
#3120 = EDGE_LOOP ( 'NONE', ( #3367, #4337, #5276, #4548, #1403 ) ) ;
#3121 = VERTEX_POINT ( 'NONE', #4714 ) ;
#3122 = DIRECTION ( 'NONE',  ( 0.5000000000000077716, 0.8660254037844341557, 0.000000000000000000 ) ) ;
#3123 = ORIENTED_EDGE ( 'NONE', *, *, #2435, .T. ) ;
#3124 = ADVANCED_FACE ( 'NONE', ( #2793 ), #3898, .F. ) ;
#3125 = EDGE_CURVE ( 'NONE', #952, #3275, #2815, .T. ) ;
#3126 = DIRECTION ( 'NONE',  ( -0.8660254037844380415, 0.5000000000000012212, 0.000000000000000000 ) ) ;
#3127 = LINE ( 'NONE', #3603, #142 ) ;
#3128 = VECTOR ( 'NONE', #272, 1000.000000000000000 ) ;
#3129 = DIRECTION ( 'NONE',  ( -0.000000000000000000, 0.000000000000000000, 1.000000000000000000 ) ) ;
#3130 = DIRECTION ( 'NONE',  ( -0.000000000000000000, -0.000000000000000000, 1.000000000000000000 ) ) ;
#3131 = EDGE_LOOP ( 'NONE', ( #2889, #759, #1038, #1867 ) ) ;
#3132 = ADVANCED_FACE ( 'NONE', ( #2324 ), #3947, .F. ) ;
#3133 = CARTESIAN_POINT ( 'NONE',  ( 41.99999999999999289, 2.000000000000000000, 12.00000000000000178 ) ) ;
#3134 = DIRECTION ( 'NONE',  ( -1.000000000000000000, 0.000000000000000000, 0.000000000000000000 ) ) ;
#3135 = CARTESIAN_POINT ( 'NONE',  ( -7.250000000000018652, -7.250000000000000000, 40.65634918610404469 ) ) ;
#3136 = AXIS2_PLACEMENT_3D ( 'NONE', #4693, #5243, #5148 ) ;
#3137 = CARTESIAN_POINT ( 'NONE',  ( 18.25000000000000355, 88.00000000000000000, 8.499999999999998224 ) ) ;
#3138 = DIRECTION ( 'NONE',  ( 0.000000000000000000, 0.000000000000000000, -1.000000000000000000 ) ) ;
#3139 = EDGE_CURVE ( 'NONE', #5003, #4920, #2394, .T. ) ;
#3140 = EDGE_LOOP ( 'NONE', ( #1910, #1282, #2446, #3569, #2701, #1514, #1309, #12 ) ) ;
#3141 = VERTEX_POINT ( 'NONE', #5267 ) ;
#3142 = CARTESIAN_POINT ( 'NONE',  ( 51.99999999999998579, 96.00000000000000000, 25.10000000000000497 ) ) ;
#3143 = VECTOR ( 'NONE', #1178, 1000.000000000000000 ) ;
#3144 = ORIENTED_EDGE ( 'NONE', *, *, #319, .T. ) ;
#3145 = ORIENTED_EDGE ( 'NONE', *, *, #2640, .T. ) ;
#3146 = VERTEX_POINT ( 'NONE', #4494 ) ;
#3147 = CARTESIAN_POINT ( 'NONE',  ( 1.999999999999999112, 5.000000000000004441, 5.000000000000009770 ) ) ;
#3148 = ORIENTED_EDGE ( 'NONE', *, *, #3769, .F. ) ;
#3149 = FACE_OUTER_BOUND ( 'NONE', #2586, .T. ) ;
#3150 = CARTESIAN_POINT ( 'NONE',  ( -4.775000000000013678, 1.440415587219199045, 6.000000000000000000 ) ) ;
#3151 = EDGE_CURVE ( 'NONE', #2391, #5108, #5242, .T. ) ;
#3152 = DIRECTION ( 'NONE',  ( 0.000000000000000000, -1.000000000000000000, 1.445602896647339163E-16 ) ) ;
#3153 = EDGE_CURVE ( 'NONE', #4698, #39, #848, .T. ) ;
#3154 = EDGE_LOOP ( 'NONE', ( #2398, #1071, #3123, #1540 ) ) ;
#3155 = DIRECTION ( 'NONE',  ( 1.000000000000000000, 2.312964634635743450E-16, -0.000000000000000000 ) ) ;
#3156 = FACE_OUTER_BOUND ( 'NONE', #3274, .T. ) ;
#3157 = CYLINDRICAL_SURFACE ( 'NONE', #3004, 0.7500000000000002220 ) ;
#3158 = DIRECTION ( 'NONE',  ( 0.4999999999999973355, 0.8660254037844401509, 0.000000000000000000 ) ) ;
#3159 = LINE ( 'NONE', #4378, #4439 ) ;
#3160 = EDGE_CURVE ( 'NONE', #2303, #2994, #3698, .T. ) ;
#3161 = CIRCLE ( 'NONE', #4430, 0.7500000000000002220 ) ;
#3162 = ORIENTED_EDGE ( 'NONE', *, *, #747, .T. ) ;
#3163 = VERTEX_POINT ( 'NONE', #1593 ) ;
#3164 = VECTOR ( 'NONE', #3699, 1000.000000000000000 ) ;
#3165 = VECTOR ( 'NONE', #3343, 1000.000000000000000 ) ;
#3166 = DIRECTION ( 'NONE',  ( 0.5000000000000049960, 0.8660254037844358210, 0.000000000000000000 ) ) ;
#3167 = EDGE_CURVE ( 'NONE', #4343, #1536, #3161, .T. ) ;
#3168 = ORIENTED_EDGE ( 'NONE', *, *, #684, .T. ) ;
#3169 = AXIS2_PLACEMENT_3D ( 'NONE', #1610, #2920, #813 ) ;
#3170 = ORIENTED_EDGE ( 'NONE', *, *, #1301, .T. ) ;
#3171 = VERTEX_POINT ( 'NONE', #822 ) ;
#3172 = DIRECTION ( 'NONE',  ( -0.000000000000000000, -0.000000000000000000, 1.000000000000000000 ) ) ;
#3173 = AXIS2_PLACEMENT_3D ( 'NONE', #3390, #4688, #2589 ) ;
#3174 = VECTOR ( 'NONE', #313, 1000.000000000000114 ) ;
#3175 = AXIS2_PLACEMENT_3D ( 'NONE', #3347, #3830, #4675 ) ;
#3176 = ORIENTED_EDGE ( 'NONE', *, *, #1301, .F. ) ;
#3177 = AXIS2_PLACEMENT_3D ( 'NONE', #863, #4929, #1240 ) ;
#3178 = LINE ( 'NONE', #4346, #1505 ) ;
#3179 = DIRECTION ( 'NONE',  ( -0.000000000000000000, 1.000000000000000000, -0.000000000000000000 ) ) ;
#3180 = DIRECTION ( 'NONE',  ( -0.000000000000000000, -0.000000000000000000, -1.000000000000000000 ) ) ;
#3181 = ORIENTED_EDGE ( 'NONE', *, *, #3289, .F. ) ;
#3182 = DIRECTION ( 'NONE',  ( 0.000000000000000000, 1.000000000000000000, 2.775557561562891844E-16 ) ) ;
#3183 = CYLINDRICAL_SURFACE ( 'NONE', #3116, 0.7500000000000006661 ) ;
#3184 = CARTESIAN_POINT ( 'NONE',  ( 58.95000000000001705, -2.499999999999974687, 0.000000000000000000 ) ) ;
#3185 = CARTESIAN_POINT ( 'NONE',  ( 57.99999999999997868, 97.24999999999998579, 25.10000000000000142 ) ) ;
#3186 = ORIENTED_EDGE ( 'NONE', *, *, #1410, .T. ) ;
#3187 = EDGE_CURVE ( 'NONE', #820, #4176, #40, .T. ) ;
#3188 = ADVANCED_FACE ( 'NONE', ( #3726 ), #4834, .F. ) ;
#3189 = CARTESIAN_POINT ( 'NONE',  ( 68.99999999999998579, 2.250000000000000444, -15.55634918610404327 ) ) ;
#3190 = EDGE_LOOP ( 'NONE', ( #936, #3399, #3351, #4597 ) ) ;
#3191 = DIRECTION ( 'NONE',  ( 0.000000000000000000, 1.000000000000000000, 2.775557561562891844E-16 ) ) ;
#3192 = VERTEX_POINT ( 'NONE', #3325 ) ;
#3193 = AXIS2_PLACEMENT_3D ( 'NONE', #3876, #567, #593 ) ;
#3194 = ORIENTED_EDGE ( 'NONE', *, *, #3312, .F. ) ;
#3195 = ADVANCED_FACE ( 'NONE', ( #4016 ), #4415, .T. ) ;
#3196 = ORIENTED_EDGE ( 'NONE', *, *, #1106, .F. ) ;
#3197 = DIRECTION ( 'NONE',  ( 0.4999999999999988898, -0.8660254037844393737, 0.000000000000000000 ) ) ;
#3198 = AXIS2_PLACEMENT_3D ( 'NONE', #3581, #1133, #4822 ) ;
#3199 = ORIENTED_EDGE ( 'NONE', *, *, #2526, .T. ) ;
#3200 = VERTEX_POINT ( 'NONE', #1676 ) ;
#3201 = DIRECTION ( 'NONE',  ( -0.5000000000000011102, -0.8660254037844379305, 0.000000000000000000 ) ) ;
#3202 = AXIS2_PLACEMENT_3D ( 'NONE', #1935, #3558, #4794 ) ;
#3203 = CARTESIAN_POINT ( 'NONE',  ( 57.99999999999997868, 97.68933982822015594, 4.346871465427901280E-17 ) ) ;
#3204 = DIRECTION ( 'NONE',  ( -1.000000000000000000, 6.481384415737504888E-15, 0.000000000000000000 ) ) ;
#3205 = ORIENTED_EDGE ( 'NONE', *, *, #2706, .T. ) ;
#3206 = CARTESIAN_POINT ( 'NONE',  ( 68.24999999999997158, 97.24999999999997158, 0.000000000000000000 ) ) ;
#3207 = DIRECTION ( 'NONE',  ( 1.000000000000000000, -1.156482317317871528E-15, -0.000000000000000000 ) ) ;
#3208 = CARTESIAN_POINT ( 'NONE',  ( 4.250000000000000000, 88.00000000000000000, 8.500000000000000000 ) ) ;
#3209 = LINE ( 'NONE', #30, #3765 ) ;
#3210 = CIRCLE ( 'NONE', #911, 6.000000000000000000 ) ;
#3211 = ORIENTED_EDGE ( 'NONE', *, *, #2732, .F. ) ;
#3212 = AXIS2_PLACEMENT_3D ( 'NONE', #4823, #380, #1661 ) ;
#3213 = LINE ( 'NONE', #3587, #2270 ) ;
#3214 = DIRECTION ( 'NONE',  ( 0.000000000000000000, 0.000000000000000000, -1.000000000000000000 ) ) ;
#3215 = LINE ( 'NONE', #416, #3077 ) ;
#3216 = LINE ( 'NONE', #3617, #2066 ) ;
#3217 = ADVANCED_FACE ( 'NONE', ( #1699 ), #3244, .T. ) ;
#3218 = ADVANCED_FACE ( 'NONE', ( #2450 ), #4942, .T. ) ;
#3219 = VERTEX_POINT ( 'NONE', #423 ) ;
#3220 = ORIENTED_EDGE ( 'NONE', *, *, #664, .T. ) ;
#3221 = ORIENTED_EDGE ( 'NONE', *, *, #4138, .T. ) ;
#3222 = DIRECTION ( 'NONE',  ( 1.000000000000000000, 0.000000000000000000, 0.000000000000000000 ) ) ;
#3223 = DIRECTION ( 'NONE',  ( -0.000000000000000000, 0.000000000000000000, 1.000000000000000000 ) ) ;
#3224 = EDGE_CURVE ( 'NONE', #3796, #2300, #4917, .T. ) ;
#3225 = ORIENTED_EDGE ( 'NONE', *, *, #5239, .T. ) ;
#3226 = VERTEX_POINT ( 'NONE', #1279 ) ;
#3227 = CARTESIAN_POINT ( 'NONE',  ( 16.99999999999999289, 2.000000000000000444, 2.000000000000000000 ) ) ;
#3228 = PLANE ( 'NONE',  #53 ) ;
#3229 = LINE ( 'NONE', #1204, #1948 ) ;
#3230 = EDGE_CURVE ( 'NONE', #2763, #3114, #1203, .T. ) ;
#3231 = ORIENTED_EDGE ( 'NONE', *, *, #4125, .F. ) ;
#3232 = CARTESIAN_POINT ( 'NONE',  ( -4.775000000000031442, 96.44041558721917795, 0.000000000000000000 ) ) ;
#3233 = CARTESIAN_POINT ( 'NONE',  ( 58.74999999999998579, 97.24999999999998579, 40.65634918610404469 ) ) ;
#3234 = FACE_OUTER_BOUND ( 'NONE', #2585, .T. ) ;
#3235 = DIRECTION ( 'NONE',  ( 0.5000000000000044409, -0.8660254037844361541, 0.000000000000000000 ) ) ;
#3236 = EDGE_LOOP ( 'NONE', ( #2634, #3571, #1004, #2872 ) ) ;
#3237 = CARTESIAN_POINT ( 'NONE',  ( -0.2250000000000209610, -6.440415587219199267, 6.000000000000000000 ) ) ;
#3238 = DIRECTION ( 'NONE',  ( 0.000000000000000000, 1.000000000000000000, 2.775557561562891844E-16 ) ) ;
#3239 = LINE ( 'NONE', #2022, #1051 ) ;
#3240 = ORIENTED_EDGE ( 'NONE', *, *, #462, .T. ) ;
#3241 = VERTEX_POINT ( 'NONE', #4041 ) ;
#3242 = VERTEX_POINT ( 'NONE', #15 ) ;
#3243 = EDGE_CURVE ( 'NONE', #3728, #3171, #395, .T. ) ;
#3244 = CYLINDRICAL_SURFACE ( 'NONE', #1541, 0.7500000000000006661 ) ;
#3245 = DIRECTION ( 'NONE',  ( -0.000000000000000000, 0.000000000000000000, 1.000000000000000000 ) ) ;
#3246 = MANIFOLD_SOLID_BREP ( 'Cut-Extrude19', #2401 ) ;
#3247 = ORIENTED_EDGE ( 'NONE', *, *, #420, .F. ) ;
#3248 = ORIENTED_EDGE ( 'NONE', *, *, #4131, .T. ) ;
#3249 = CARTESIAN_POINT ( 'NONE',  ( -0.2250000000000281219, 96.44041558721920637, 0.000000000000000000 ) ) ;
#3250 = EDGE_CURVE ( 'NONE', #4563, #2391, #441, .T. ) ;
#3251 = EDGE_CURVE ( 'NONE', #565, #2105, #3215, .T. ) ;
#3252 = LINE ( 'NONE', #3306, #4229 ) ;
#3253 = AXIS2_PLACEMENT_3D ( 'NONE', #758, #3138, #4797 ) ;
#3254 = AXIS2_PLACEMENT_3D ( 'NONE', #4484, #1578, #4029 ) ;
#3255 = DIRECTION ( 'NONE',  ( -1.000000000000000000, 0.000000000000000000, -0.000000000000000000 ) ) ;
#3256 = AXIS2_PLACEMENT_3D ( 'NONE', #2253, #3873, #5061 ) ;
#3257 = VERTEX_POINT ( 'NONE', #815 ) ;
#3258 = VECTOR ( 'NONE', #1185, 1000.000000000000000 ) ;
#3259 = FACE_OUTER_BOUND ( 'NONE', #1193, .T. ) ;
#3260 = EDGE_CURVE ( 'NONE', #2696, #4563, #2073, .T. ) ;
#3261 = PLANE ( 'NONE',  #3212 ) ;
#3262 = DIRECTION ( 'NONE',  ( -0.000000000000000000, -0.000000000000000000, -1.000000000000000000 ) ) ;
#3263 = CARTESIAN_POINT ( 'NONE',  ( 66.99999999999998579, 3.000000000000000000, -15.55634918610404327 ) ) ;
#3264 = ORIENTED_EDGE ( 'NONE', *, *, #448, .T. ) ;
#3265 = EDGE_CURVE ( 'NONE', #3733, #3146, #1642, .T. ) ;
#3266 = DIRECTION ( 'NONE',  ( -1.000000000000000000, -1.982541115402065356E-16, -0.000000000000000000 ) ) ;
#3267 = CARTESIAN_POINT ( 'NONE',  ( 60.99999999999998579, 37.99999999999999289, 11.95000000000000462 ) ) ;
#3268 = DIRECTION ( 'NONE',  ( -1.000000000000000000, 0.000000000000000000, 0.000000000000000000 ) ) ;
#3269 = VERTEX_POINT ( 'NONE', #4884 ) ;
#3270 = ORIENTED_EDGE ( 'NONE', *, *, #950, .T. ) ;
#3271 = VERTEX_POINT ( 'NONE', #362 ) ;
#3272 = CARTESIAN_POINT ( 'NONE',  ( 58.99999999999998579, 65.00000000000000000, 2.000000000000000000 ) ) ;
#3273 = AXIS2_PLACEMENT_3D ( 'NONE', #343, #2751, #3903 ) ;
#3274 = EDGE_LOOP ( 'NONE', ( #3863, #2373, #3397, #5271, #3920, #3573, #4596, #5017, #1100, #5257, #3612, #3748 ) ) ;
#3275 = VERTEX_POINT ( 'NONE', #788 ) ;
#3276 = PLANE ( 'NONE',  #1933 ) ;
#3277 = CARTESIAN_POINT ( 'NONE',  ( 42.49999999999998579, 2.000000000000000444, 7.000000000000000000 ) ) ;
#3278 = VECTOR ( 'NONE', #3692, 1000.000000000000114 ) ;
#3279 = CARTESIAN_POINT ( 'NONE',  ( -0.2250000000000125233, 1.440415587219193938, 6.000000000000000000 ) ) ;
#3280 = EDGE_CURVE ( 'NONE', #4516, #1293, #4854, .T. ) ;
#3281 = EDGE_CURVE ( 'NONE', #3076, #5238, #1586, .T. ) ;
#3282 = EDGE_LOOP ( 'NONE', ( #1946, #1285, #2190, #4121 ) ) ;
#3283 = AXIS2_PLACEMENT_3D ( 'NONE', #4723, #4351, #2729 ) ;
#3284 = PLANE ( 'NONE',  #308 ) ;
#3285 = CARTESIAN_POINT ( 'NONE',  ( 60.87305627518713180, 97.04999999999998295, 0.000000000000000000 ) ) ;
#3286 = DIRECTION ( 'NONE',  ( 0.000000000000000000, -1.000000000000000000, 0.000000000000000000 ) ) ;
#3287 = VECTOR ( 'NONE', #1878, 1000.000000000000000 ) ;
#3288 = FACE_OUTER_BOUND ( 'NONE', #32, .T. ) ;
#3289 = EDGE_CURVE ( 'NONE', #2167, #1062, #2416, .T. ) ;
#3290 = DIRECTION ( 'NONE',  ( -0.4999999999999946154, 0.8660254037844418162, 0.000000000000000000 ) ) ;
#3291 = ORIENTED_EDGE ( 'NONE', *, *, #5231, .T. ) ;
#3292 = DIRECTION ( 'NONE',  ( -0.000000000000000000, -0.000000000000000000, 1.000000000000000000 ) ) ;
#3293 = DIRECTION ( 'NONE',  ( -1.000000000000000000, 0.000000000000000000, -0.000000000000000000 ) ) ;
#3294 = DIRECTION ( 'NONE',  ( -1.000000000000000000, -0.000000000000000000, -0.000000000000000000 ) ) ;
#3295 = VECTOR ( 'NONE', #138, 1000.000000000000000 ) ;
#3296 = CARTESIAN_POINT ( 'NONE',  ( -0.2249999999999731104, 88.55958441278082205, 6.000000000000000000 ) ) ;
#3297 = ADVANCED_FACE ( 'NONE', ( #62 ), #3694, .F. ) ;
#3298 = ORIENTED_EDGE ( 'NONE', *, *, #1581, .F. ) ;
#3299 = EDGE_LOOP ( 'NONE', ( #232, #3591 ) ) ;
#3300 = CARTESIAN_POINT ( 'NONE',  ( -7.250000000000016875, 1.143340472802898400E-15, 0.7500000000000000000 ) ) ;
#3301 = PLANE ( 'NONE',  #2659 ) ;
#3302 = AXIS2_PLACEMENT_3D ( 'NONE', #3850, #2563, #4559 ) ;
#3303 = ORIENTED_EDGE ( 'NONE', *, *, #3458, .F. ) ;
#3304 = ORIENTED_EDGE ( 'NONE', *, *, #5142, .F. ) ;
#3305 = DIRECTION ( 'NONE',  ( 0.000000000000000000, -1.000000000000000000, 0.000000000000000000 ) ) ;
#3306 = CARTESIAN_POINT ( 'NONE',  ( -5.204170427930421283E-15, 33.50000000000000000, 5.000000000000001776 ) ) ;
#3307 =( LENGTH_UNIT ( ) NAMED_UNIT ( * ) SI_UNIT ( .MILLI., .METRE. ) );
#3308 = EDGE_LOOP ( 'NONE', ( #3627, #3696, #1433, #3586 ) ) ;
#3309 = DIRECTION ( 'NONE',  ( -1.000000000000000000, 0.000000000000000000, 0.000000000000000000 ) ) ;
#3310 =( BOUNDED_CURVE ( )  B_SPLINE_CURVE ( 3, ( #4954, #1659, #2857, #52 ),
 .UNSPECIFIED., .F., .F. ) 
 B_SPLINE_CURVE_WITH_KNOTS ( ( 4, 4 ),
 ( 1.570796326794896780, 3.141592653589793116 ),
 .UNSPECIFIED. ) 
 CURVE ( )  GEOMETRIC_REPRESENTATION_ITEM ( )  RATIONAL_B_SPLINE_CURVE ( ( 1.000000000000000000, 0.8047378541243650485, 0.8047378541243650485, 1.000000000000000000 ) ) 
 REPRESENTATION_ITEM ( '' )  );
#3311 = LINE ( 'NONE', #4926, #488 ) ;
#3312 = EDGE_CURVE ( 'NONE', #2430, #1942, #2810, .T. ) ;
#3313 = EDGE_CURVE ( 'NONE', #3226, #2362, #2841, .T. ) ;
#3314 = CARTESIAN_POINT ( 'NONE',  ( 60.87305627518716022, 87.94999999999997442, 6.000000000000000000 ) ) ;
#3315 = CARTESIAN_POINT ( 'NONE',  ( 43.99999999999998579, 2.000000000000000000, 7.000000000000000000 ) ) ;
#3316 = CARTESIAN_POINT ( 'NONE',  ( 16.99999999999998934, 2.000000000000000444, 7.000000000000000000 ) ) ;
#3317 = ORIENTED_EDGE ( 'NONE', *, *, #3153, .T. ) ;
#3318 = CARTESIAN_POINT ( 'NONE',  ( 56.99999999999997868, 65.00000000000000000, 7.000000000000000000 ) ) ;
#3319 = CARTESIAN_POINT ( 'NONE',  ( 57.99999999999997868, 95.99999999999998579, 0.000000000000000000 ) ) ;
#3320 = EDGE_CURVE ( 'NONE', #517, #3087, #4085, .T. ) ;
#3321 = EDGE_CURVE ( 'NONE', #270, #1490, #4912, .T. ) ;
#3322 = DIRECTION ( 'NONE',  ( -1.000000000000000000, 0.000000000000000000, -0.000000000000000000 ) ) ;
#3323 = EDGE_LOOP ( 'NONE', ( #1656, #3352, #2596, #2590, #2191 ) ) ;
#3324 = ORIENTED_EDGE ( 'NONE', *, *, #2148, .T. ) ;
#3325 = CARTESIAN_POINT ( 'NONE',  ( 56.99999999999997868, 88.00000000000000000, 25.10000000000000142 ) ) ;
#3326 = EDGE_CURVE ( 'NONE', #4682, #3163, #1438, .T. ) ;
#3327 = DIRECTION ( 'NONE',  ( -0.000000000000000000, 1.000000000000000000, -0.000000000000000000 ) ) ;
#3328 = VECTOR ( 'NONE', #1496, 1000.000000000000000 ) ;
#3329 = ORIENTED_EDGE ( 'NONE', *, *, #4558, .T. ) ;
#3330 = ORIENTED_EDGE ( 'NONE', *, *, #711, .T. ) ;
#3331 = DIRECTION ( 'NONE',  ( -0.8660254037844433705, -0.4999999999999918399, 0.000000000000000000 ) ) ;
#3332 = DIRECTION ( 'NONE',  ( 7.709882115452478166E-17, -1.000000000000000000, 0.000000000000000000 ) ) ;
#3333 = CIRCLE ( 'NONE', #3084, 5.999999999999998224 ) ;
#3334 = EDGE_LOOP ( 'NONE', ( #4833, #4424, #101, #144 ) ) ;
#3335 = CIRCLE ( 'NONE', #4608, 0.7499999999999997780 ) ;
#3336 = CARTESIAN_POINT ( 'NONE',  ( 22.50000000000000000, 2.000000000000000000, 4.500000000000000000 ) ) ;
#3337 = LINE ( 'NONE', #2833, #38 ) ;
#3338 = VECTOR ( 'NONE', #1643, 1000.000000000000000 ) ;
#3339 = DIRECTION ( 'NONE',  ( 2.865967179147672687E-32, -1.239088197126291063E-16, 1.000000000000000000 ) ) ;
#3340 = DIRECTION ( 'NONE',  ( 0.000000000000000000, 1.000000000000000000, 0.000000000000000000 ) ) ;
#3341 = AXIS2_PLACEMENT_3D ( 'NONE', #564, #4293, #2195 ) ;
#3342 = VECTOR ( 'NONE', #5156, 1000.000000000000000 ) ;
#3343 = DIRECTION ( 'NONE',  ( -0.000000000000000000, -1.000000000000000000, -0.000000000000000000 ) ) ;
#3344 = ORIENTED_EDGE ( 'NONE', *, *, #1469, .T. ) ;
#3345 = CARTESIAN_POINT ( 'NONE',  ( 60.99999999999997158, 65.00000000000000000, 4.999999999999997335 ) ) ;
#3346 = CARTESIAN_POINT ( 'NONE',  ( 52.00000000000000000, -6.000000000000000000, -15.55634918610404327 ) ) ;
#3347 = CARTESIAN_POINT ( 'NONE',  ( 1.999999999999999556, 32.00000000000000000, 7.000000000000000000 ) ) ;
#3348 = DIRECTION ( 'NONE',  ( 0.8660254037844392627, 0.4999999999999990008, -0.000000000000000000 ) ) ;
#3349 = ADVANCED_FACE ( 'NONE', ( #5048 ), #1354, .F. ) ;
#3350 = EDGE_CURVE ( 'NONE', #3551, #5003, #2572, .T. ) ;
#3351 = ORIENTED_EDGE ( 'NONE', *, *, #3003, .T. ) ;
#3352 = ORIENTED_EDGE ( 'NONE', *, *, #3394, .T. ) ;
#3353 = CARTESIAN_POINT ( 'NONE',  ( 22.50000000000000000, 2.000000000000000000, 12.00000000000000000 ) ) ;
#3354 = CARTESIAN_POINT ( 'NONE',  ( 0.000000000000000000, -7.250000000000000000, 0.7500000000000000000 ) ) ;
#3355 = ADVANCED_FACE ( 'NONE', ( #1323 ), #5077, .F. ) ;
#3356 = ORIENTED_EDGE ( 'NONE', *, *, #1819, .T. ) ;
#3357 = VERTEX_POINT ( 'NONE', #1835 ) ;
#3358 = CARTESIAN_POINT ( 'NONE',  ( 68.24999999999997158, 93.37275866404782221, 0.000000000000000000 ) ) ;
#3359 = DIRECTION ( 'NONE',  ( 0.000000000000000000, -0.000000000000000000, -1.000000000000000000 ) ) ;
#3360 = DIRECTION ( 'NONE',  ( -0.000000000000000000, -0.000000000000000000, 1.000000000000000000 ) ) ;
#3361 = ORIENTED_EDGE ( 'NONE', *, *, #2216, .F. ) ;
#3362 = CARTESIAN_POINT ( 'NONE',  ( 1.999999999999986677, 87.99999999999998579, 2.000000000000000000 ) ) ;
#3363 = CARTESIAN_POINT ( 'NONE',  ( 58.99999999999998579, 65.00000000000000000, 7.000000000000000000 ) ) ;
#3364 = CARTESIAN_POINT ( 'NONE',  ( 60.99999999999997158, 65.00000000000000000, 1.999999999999997335 ) ) ;
#3365 = CARTESIAN_POINT ( 'NONE',  ( 56.99999999999997868, 63.50000000000000000, 7.000000000000000000 ) ) ;
#3366 = CIRCLE ( 'NONE', #3625, 6.000000000000000000 ) ;
#3367 = ORIENTED_EDGE ( 'NONE', *, *, #2405, .T. ) ;
#3368 = CARTESIAN_POINT ( 'NONE',  ( -4.799999999999998046, 92.50000000000000000, 6.000000000000000000 ) ) ;
#3369 = ORIENTED_EDGE ( 'NONE', *, *, #2645, .T. ) ;
#3370 = DIRECTION ( 'NONE',  ( 0.000000000000000000, 0.000000000000000000, -1.000000000000000000 ) ) ;
#3371 = PLANE ( 'NONE',  #3513 ) ;
#3372 = AXIS2_PLACEMENT_3D ( 'NONE', #3533, #2334, #4027 ) ;
#3373 = DIRECTION ( 'NONE',  ( -0.8660254037844341557, 0.5000000000000077716, 0.000000000000000000 ) ) ;
#3374 = DIRECTION ( 'NONE',  ( 0.000000000000000000, 1.000000000000000000, 0.000000000000000000 ) ) ;
#3375 = VECTOR ( 'NONE', #1520, 1000.000000000000000 ) ;
#3376 = EDGE_LOOP ( 'NONE', ( #2454, #4259, #3495, #3220 ) ) ;
#3377 = ORIENTED_EDGE ( 'NONE', *, *, #386, .F. ) ;
#3378 = VECTOR ( 'NONE', #3712, 1000.000000000000000 ) ;
#3379 = CARTESIAN_POINT ( 'NONE',  ( 58.99999999999998579, 45.00000000000000000, 8.250000000000001776 ) ) ;
#3380 = PLANE ( 'NONE',  #963 ) ;
#3381 = CARTESIAN_POINT ( 'NONE',  ( -2.500000000000017764, -2.500000000000000444, 6.000000000000000000 ) ) ;
#3382 = EDGE_CURVE ( 'NONE', #4431, #1897, #4197, .T. ) ;
#3383 = AXIS2_PLACEMENT_3D ( 'NONE', #2556, #4579, #3359 ) ;
#3384 = ORIENTED_EDGE ( 'NONE', *, *, #4868, .T. ) ;
#3385 = ORIENTED_EDGE ( 'NONE', *, *, #2110, .T. ) ;
#3386 = CARTESIAN_POINT ( 'NONE',  ( 68.75388744962556586, 92.50000000000000000, 0.1944845293695108834 ) ) ;
#3387 = CARTESIAN_POINT ( 'NONE',  ( 57.99999999999999289, -7.250000000000000888, -15.55634918610404327 ) ) ;
#3388 = ADVANCED_FACE ( 'NONE', ( #3745 ), #520, .F. ) ;
#3389 =( NAMED_UNIT ( * ) SI_UNIT ( $, .STERADIAN. ) SOLID_ANGLE_UNIT ( ) );
#3390 = CARTESIAN_POINT ( 'NONE',  ( 58.99999999999998579, 63.50000000000000000, 7.000000000000000000 ) ) ;
#3391 = ORIENTED_EDGE ( 'NONE', *, *, #3935, .T. ) ;
#3392 = DIRECTION ( 'NONE',  ( 0.000000000000000000, 0.000000000000000000, -1.000000000000000000 ) ) ;
#3393 = CARTESIAN_POINT ( 'NONE',  ( 61.22499999999997300, -6.440415587219182392, 6.000000000000000000 ) ) ;
#3394 = EDGE_CURVE ( 'NONE', #951, #1175, #4529, .T. ) ;
#3395 = CARTESIAN_POINT ( 'NONE',  ( 2.689339828220178585, 97.99999999999998579, 0.3106601717798219142 ) ) ;
#3396 = CARTESIAN_POINT ( 'NONE',  ( -1.527864045000426385, 84.99999999999997158, 1.999999999999998224 ) ) ;
#3397 = ORIENTED_EDGE ( 'NONE', *, *, #4771, .F. ) ;
#3398 = DIRECTION ( 'NONE',  ( -0.000000000000000000, -0.000000000000000000, -1.000000000000000000 ) ) ;
#3399 = ORIENTED_EDGE ( 'NONE', *, *, #3816, .T. ) ;
#3400 = DIRECTION ( 'NONE',  ( -0.000000000000000000, -0.000000000000000000, 1.000000000000000000 ) ) ;
#3401 = DIRECTION ( 'NONE',  ( -1.000000000000000000, 0.000000000000000000, 0.000000000000000000 ) ) ;
#3402 = DIRECTION ( 'NONE',  ( 0.000000000000000000, -1.000000000000000000, 0.000000000000000000 ) ) ;
#3403 = PLANE ( 'NONE',  #3853 ) ;
#3404 = EDGE_LOOP ( 'NONE', ( #4577, #3691, #5219, #3724 ) ) ;
#3405 = VERTEX_POINT ( 'NONE', #548 ) ;
#3406 = DIRECTION ( 'NONE',  ( -1.000000000000000000, 0.000000000000000000, 0.000000000000000000 ) ) ;
#3407 = CARTESIAN_POINT ( 'NONE',  ( 65.77499999999999147, -6.440415587219212590, 0.000000000000000000 ) ) ;
#3408 = DIRECTION ( 'NONE',  ( -0.000000000000000000, -1.000000000000000000, -0.000000000000000000 ) ) ;
#3409 = ORIENTED_EDGE ( 'NONE', *, *, #4931, .T. ) ;
#3410 = ORIENTED_EDGE ( 'NONE', *, *, #2929, .T. ) ;
#3411 = CARTESIAN_POINT ( 'NONE',  ( 58.99999999999998579, 31.49999999999999289, 11.95000000000000284 ) ) ;
#3412 = CARTESIAN_POINT ( 'NONE',  ( 16.99999999999999289, 2.000000000000000000, 7.000000000000000000 ) ) ;
#3413 = DIRECTION ( 'NONE',  ( 1.000000000000000000, 0.000000000000000000, 0.000000000000000000 ) ) ;
#3414 = EDGE_LOOP ( 'NONE', ( #5214, #2132, #240, #149, #5069, #2554 ) ) ;
#3415 = ADVANCED_FACE ( 'NONE', ( #4167 ), #2947, .F. ) ;
#3416 = EDGE_CURVE ( 'NONE', #2154, #972, #4186, .T. ) ;
#3417 = DIRECTION ( 'NONE',  ( 1.000000000000000000, 0.000000000000000000, 0.000000000000000000 ) ) ;
#3418 = FACE_OUTER_BOUND ( 'NONE', #792, .T. ) ;
#3419 = PLANE ( 'NONE',  #3815 ) ;
#3420 = CARTESIAN_POINT ( 'NONE',  ( 68.99999999999997158, 87.75000000000000000, 0.7500000000000000000 ) ) ;
#3421 = EDGE_LOOP ( 'NONE', ( #2728, #4227, #2715, #1430 ) ) ;
#3422 = ADVANCED_FACE ( 'NONE', ( #1745 ), #4995, .T. ) ;
#3423 = CARTESIAN_POINT ( 'NONE',  ( 60.99999999999998579, 37.99999999999999289, 11.95000000000000462 ) ) ;
#3424 = VERTEX_POINT ( 'NONE', #2235 ) ;
#3425 = LINE ( 'NONE', #1087, #3029 ) ;
#3426 = CYLINDRICAL_SURFACE ( 'NONE', #5121, 5.999999999999998224 ) ;
#3427 = VECTOR ( 'NONE', #582, 1000.000000000000000 ) ;
#3428 = CARTESIAN_POINT ( 'NONE',  ( 8.999999999999984013, -6.000000000000000000, 0.000000000000000000 ) ) ;
#3429 = CARTESIAN_POINT ( 'NONE',  ( -9.974659986866640793E-15, 65.00000000000000000, 2.000000000000002665 ) ) ;
#3430 = VECTOR ( 'NONE', #3374, 1000.000000000000000 ) ;
#3431 = VECTOR ( 'NONE', #4621, 1000.000000000000000 ) ;
#3432 = VECTOR ( 'NONE', #214, 1000.000000000000000 ) ;
#3433 = ORIENTED_EDGE ( 'NONE', *, *, #3153, .F. ) ;
#3434 = ORIENTED_EDGE ( 'NONE', *, *, #3547, .T. ) ;
#3435 = CARTESIAN_POINT ( 'NONE',  ( 40.39999999999997726, 88.00000000000000000, 25.10000000000000853 ) ) ;
#3436 = CARTESIAN_POINT ( 'NONE',  ( 56.99999999999997868, 32.00000000000000711, 7.000000000000000000 ) ) ;
#3437 = CARTESIAN_POINT ( 'NONE',  ( 58.74999999999998579, 97.99999999999998579, 25.10000000000000142 ) ) ;
#3438 = ORIENTED_EDGE ( 'NONE', *, *, #1788, .F. ) ;
#3439 = ORIENTED_EDGE ( 'NONE', *, *, #3716, .F. ) ;
#3440 = LINE ( 'NONE', #2587, #3700 ) ;
#3441 = CARTESIAN_POINT ( 'NONE',  ( 0.000000000000000000, 0.000000000000000000, 25.10000000000000142 ) ) ;
#3442 = FACE_OUTER_BOUND ( 'NONE', #406, .T. ) ;
#3443 = ORIENTED_EDGE ( 'NONE', *, *, #3553, .T. ) ;
#3444 = DIRECTION ( 'NONE',  ( -1.541976423090495633E-16, 1.000000000000000000, 0.000000000000000000 ) ) ;
#3445 = CARTESIAN_POINT ( 'NONE',  ( -2.499999999999999556, 92.50000000000000000, 25.10000000000000142 ) ) ;
#3446 = DIRECTION ( 'NONE',  ( -1.000000000000000000, 2.641432261515860913E-15, 0.000000000000000000 ) ) ;
#3447 = EDGE_CURVE ( 'NONE', #4813, #3766, #2178, .T. ) ;
#3448 = EDGE_CURVE ( 'NONE', #4543, #2736, #497, .T. ) ;
#3449 = VECTOR ( 'NONE', #1653, 1000.000000000000000 ) ;
#3450 = ORIENTED_EDGE ( 'NONE', *, *, #2126, .T. ) ;
#3451 = DIRECTION ( 'NONE',  ( 0.000000000000000000, 1.000000000000000000, 2.668805347656627171E-16 ) ) ;
#3452 = ORIENTED_EDGE ( 'NONE', *, *, #4806, .T. ) ;
#3453 = LINE ( 'NONE', #5072, #3962 ) ;
#3454 = CARTESIAN_POINT ( 'NONE',  ( 58.99999999999997158, 84.99999999999998579, 5.000000000000000000 ) ) ;
#3455 = DIRECTION ( 'NONE',  ( -0.000000000000000000, -0.000000000000000000, 1.000000000000000000 ) ) ;
#3456 = CIRCLE ( 'NONE', #3707, 0.7500000000000000000 ) ;
#3457 = CARTESIAN_POINT ( 'NONE',  ( 58.99999999999999289, 2.000000000000000000, 25.10000000000000142 ) ) ;
#3458 = EDGE_CURVE ( 'NONE', #5057, #4958, #3800, .T. ) ;
#3459 = ORIENTED_EDGE ( 'NONE', *, *, #2435, .F. ) ;
#3460 = AXIS2_PLACEMENT_3D ( 'NONE', #543, #1831, #628 ) ;
#3461 = EDGE_LOOP ( 'NONE', ( #3566, #171, #4411, #1405, #4177 ) ) ;
#3462 = CARTESIAN_POINT ( 'NONE',  ( 2.999999999999982236, -7.250000000000000000, 0.000000000000000000 ) ) ;
#3463 = DIRECTION ( 'NONE',  ( -1.000000000000000000, 1.143773720424267309E-15, 0.000000000000000000 ) ) ;
#3464 = EDGE_CURVE ( 'NONE', #2321, #5108, #174, .T. ) ;
#3465 = ORIENTED_EDGE ( 'NONE', *, *, #3782, .F. ) ;
#3466 = ORIENTED_EDGE ( 'NONE', *, *, #4257, .T. ) ;
#3467 = CIRCLE ( 'NONE', #1163, 6.000000000000000000 ) ;
#3468 = ORIENTED_EDGE ( 'NONE', *, *, #2377, .T. ) ;
#3469 = CARTESIAN_POINT ( 'NONE',  ( 66.12694372481276162, 87.94999999999997442, 6.000000000000000000 ) ) ;
#3470 = LINE ( 'NONE', #3387, #1766 ) ;
#3471 = VECTOR ( 'NONE', #2649, 1000.000000000000000 ) ;
#3472 = DIRECTION ( 'NONE',  ( 1.000000000000000000, 0.000000000000000000, 0.000000000000000000 ) ) ;
#3473 = VERTEX_POINT ( 'NONE', #2123 ) ;
#3474 = VECTOR ( 'NONE', #1594, 1000.000000000000000 ) ;
#3475 = CYLINDRICAL_SURFACE ( 'NONE', #3193, 6.000000000000000000 ) ;
#3476 = CARTESIAN_POINT ( 'NONE',  ( 58.99999999999998579, 24.49999999999998934, 8.250000000000000000 ) ) ;
#3477 = DIRECTION ( 'NONE',  ( -1.734723475976807094E-15, 1.000000000000000000, 0.000000000000000000 ) ) ;
#3478 = CARTESIAN_POINT ( 'NONE',  ( 2.049999999999982947, -2.500000000000003997, 0.000000000000000000 ) ) ;
#3479 = ORIENTED_EDGE ( 'NONE', *, *, #4302, .T. ) ;
#3480 = DIRECTION ( 'NONE',  ( -0.000000000000000000, -0.000000000000000000, 1.000000000000000000 ) ) ;
#3481 = VERTEX_POINT ( 'NONE', #2546 ) ;
#3482 = EDGE_CURVE ( 'NONE', #3163, #1025, #2149, .T. ) ;
#3483 = EDGE_CURVE ( 'NONE', #4603, #1679, #4223, .T. ) ;
#3484 = CARTESIAN_POINT ( 'NONE',  ( -7.689339828220180806, 87.00000000000000000, 1.095350063642996667E-15 ) ) ;
#3485 = LINE ( 'NONE', #4376, #702 ) ;
#3486 = AXIS2_PLACEMENT_3D ( 'NONE', #1932, #1525, #1856 ) ;
#3487 = PLANE ( 'NONE',  #1390 ) ;
#3488 = CARTESIAN_POINT ( 'NONE',  ( 65.77500000000004832, 1.440415587219181281, 6.000000000000000000 ) ) ;
#3489 = VERTEX_POINT ( 'NONE', #257 ) ;
#3490 = EDGE_CURVE ( 'NONE', #552, #2994, #4377, .T. ) ;
#3491 = ADVANCED_FACE ( 'NONE', ( #1887 ), #229, .F. ) ;
#3492 = ORIENTED_EDGE ( 'NONE', *, *, #4812, .F. ) ;
#3493 = CARTESIAN_POINT ( 'NONE',  ( 2.999999999999982236, -6.000000000000000888, 40.65634918610404469 ) ) ;
#3494 = ORIENTED_EDGE ( 'NONE', *, *, #3639, .T. ) ;
#3495 = ORIENTED_EDGE ( 'NONE', *, *, #3553, .F. ) ;
#3496 = EDGE_CURVE ( 'NONE', #2812, #4755, #307, .T. ) ;
#3497 = ORIENTED_EDGE ( 'NONE', *, *, #5109, .F. ) ;
#3498 = LINE ( 'NONE', #5112, #3619 ) ;
#3499 = CARTESIAN_POINT ( 'NONE',  ( 58.99999999999999289, 8.750000000000005329, 25.10000000000000142 ) ) ;
#3500 = ORIENTED_EDGE ( 'NONE', *, *, #4972, .F. ) ;
#3501 = FACE_OUTER_BOUND ( 'NONE', #3308, .T. ) ;
#3502 = LINE ( 'NONE', #3393, #1431 ) ;
#3503 = CARTESIAN_POINT ( 'NONE',  ( 66.12694372481277583, 97.04999999999996874, 0.000000000000000000 ) ) ;
#3504 = ORIENTED_EDGE ( 'NONE', *, *, #2533, .T. ) ;
#3506 = CARTESIAN_POINT ( 'NONE',  ( 68.99999999999998579, 2.250000000000000444, 0.7500000000000006661 ) ) ;
#3505 = AXIS2_PLACEMENT_3D ( 'NONE', #3147, #475, #766 ) ;
#3507 = VERTEX_POINT ( 'NONE', #2758 ) ;
#3508 = CARTESIAN_POINT ( 'NONE',  ( 58.99999999999999289, 8.749999999999996447, 8.249999999999994671 ) ) ;
#3509 = CARTESIAN_POINT ( 'NONE',  ( 22.15000000000000213, 90.00000000000000000, 25.10000000000000497 ) ) ;
#3510 = DIRECTION ( 'NONE',  ( -1.541976423090495633E-16, 1.000000000000000000, -1.192622389734055124E-16 ) ) ;
#3511 = LINE ( 'NONE', #1512, #105 ) ;
#3512 = ORIENTED_EDGE ( 'NONE', *, *, #3448, .F. ) ;
#3513 = AXIS2_PLACEMENT_3D ( 'NONE', #3858, #2146, #1802 ) ;
#3514 = ORIENTED_EDGE ( 'NONE', *, *, #3350, .F. ) ;
#3515 = VECTOR ( 'NONE', #2713, 1000.000000000000114 ) ;
#3516 = DIRECTION ( 'NONE',  ( -0.000000000000000000, 1.000000000000000000, -0.000000000000000000 ) ) ;
#3517 = EDGE_CURVE ( 'NONE', #1186, #3046, #1865, .T. ) ;
#3518 = ADVANCED_FACE ( 'NONE', ( #4354 ), #3487, .F. ) ;
#3519 = VECTOR ( 'NONE', #2979, 1000.000000000000000 ) ;
#3520 = ORIENTED_EDGE ( 'NONE', *, *, #2348, .F. ) ;
#3521 = AXIS2_PLACEMENT_3D ( 'NONE', #4642, #971, #4988 ) ;
#3522 = EDGE_LOOP ( 'NONE', ( #2075, #1060, #4618, #4418 ) ) ;
#3523 = VERTEX_POINT ( 'NONE', #5101 ) ;
#3524 = CARTESIAN_POINT ( 'NONE',  ( 68.24999999999998579, -8.000000000000000000, 25.10000000000000142 ) ) ;
#3525 = ADVANCED_FACE ( 'NONE', ( #1135, #4773 ), #633, .F. ) ;
#3526 = ORIENTED_EDGE ( 'NONE', *, *, #5042, .T. ) ;
#3527 = CARTESIAN_POINT ( 'NONE',  ( 1.999999999999986677, 87.99999999999998579, 2.000000000000000000 ) ) ;
#3528 = PLANE ( 'NONE',  #2785 ) ;
#3529 = CARTESIAN_POINT ( 'NONE',  ( 61.22500000000005826, 1.440415587219211258, 6.000000000000000000 ) ) ;
#3530 = DIRECTION ( 'NONE',  ( -1.838995606619757339E-32, 1.192622389734055124E-16, 1.000000000000000000 ) ) ;
#3531 = EDGE_CURVE ( 'NONE', #3728, #1506, #1462, .T. ) ;
#3532 = ORIENTED_EDGE ( 'NONE', *, *, #3679, .T. ) ;
#3533 = CARTESIAN_POINT ( 'NONE',  ( 68.24999999999997158, 97.24999999999997158, 0.7500000000000000000 ) ) ;
#3534 = CARTESIAN_POINT ( 'NONE',  ( 58.75000000000000000, -8.000000000000000000, 25.10000000000000142 ) ) ;
#3535 = CARTESIAN_POINT ( 'NONE',  ( 1.999999999999982681, 2.000000000000000000, 25.10000000000000142 ) ) ;
#3536 = CARTESIAN_POINT ( 'NONE',  ( 58.24611255037434887, 92.49999999999997158, 6.000000000000000000 ) ) ;
#3537 = DIRECTION ( 'NONE',  ( 1.000000000000000000, 0.000000000000000000, 0.000000000000000000 ) ) ;
#3538 = VECTOR ( 'NONE', #2304, 1000.000000000000000 ) ;
#3539 = ORIENTED_EDGE ( 'NONE', *, *, #2497, .F. ) ;
#3540 = EDGE_LOOP ( 'NONE', ( #5028, #929, #371 ) ) ;
#3541 = AXIS2_PLACEMENT_3D ( 'NONE', #4305, #3400, #1436 ) ;
#3542 = DIRECTION ( 'NONE',  ( 0.000000000000000000, 0.000000000000000000, -1.000000000000000000 ) ) ;
#3543 = VECTOR ( 'NONE', #681, 1000.000000000000000 ) ;
#3544 = VERTEX_POINT ( 'NONE', #733 ) ;
#3545 = ORIENTED_EDGE ( 'NONE', *, *, #328, .T. ) ;
#3546 = VERTEX_POINT ( 'NONE', #1487 ) ;
#3547 = EDGE_CURVE ( 'NONE', #2300, #4516, #4728, .T. ) ;
#3548 = EDGE_CURVE ( 'NONE', #880, #3953, #4440, .T. ) ;
#3549 = CARTESIAN_POINT ( 'NONE',  ( 68.99999999999998579, 3.000000000000000000, -15.55634918610404327 ) ) ;
#3550 = AXIS2_PLACEMENT_3D ( 'NONE', #271, #1570, #4815 ) ;
#3551 = VERTEX_POINT ( 'NONE', #5200 ) ;
#3552 = DIRECTION ( 'NONE',  ( -0.000000000000000000, -0.000000000000000000, -1.000000000000000000 ) ) ;
#3553 = EDGE_CURVE ( 'NONE', #1680, #205, #2312, .T. ) ;
#3554 = DIRECTION ( 'NONE',  ( -1.000000000000000000, -0.000000000000000000, -0.000000000000000000 ) ) ;
#3555 = VECTOR ( 'NONE', #1682, 1000.000000000000000 ) ;
#3556 = CARTESIAN_POINT ( 'NONE',  ( 68.24999999999997158, 87.00000000000000000, 0.000000000000000000 ) ) ;
#3557 = ORIENTED_EDGE ( 'NONE', *, *, #4464, .F. ) ;
#3558 = DIRECTION ( 'NONE',  ( -1.000000000000000000, -6.308085367188392213E-16, 0.000000000000000000 ) ) ;
#3559 = EDGE_CURVE ( 'NONE', #2465, #1968, #3982, .T. ) ;
#3560 = DIRECTION ( 'NONE',  ( 0.000000000000000000, 0.000000000000000000, -1.000000000000000000 ) ) ;
#3561 = CARTESIAN_POINT ( 'NONE',  ( 1.999999999999990008, 65.00000000000000000, 5.000000000000001776 ) ) ;
#3562 = CIRCLE ( 'NONE', #2531, 6.000000000000000000 ) ;
#3563 = DIRECTION ( 'NONE',  ( 0.5000000000000077716, 0.8660254037844341557, 0.000000000000000000 ) ) ;
#3564 = LINE ( 'NONE', #1159, #363 ) ;
#3565 = ORIENTED_EDGE ( 'NONE', *, *, #3458, .T. ) ;
#3566 = ORIENTED_EDGE ( 'NONE', *, *, #2527, .T. ) ;
#3567 = DIRECTION ( 'NONE',  ( -0.000000000000000000, 0.000000000000000000, 1.000000000000000000 ) ) ;
#3568 = VECTOR ( 'NONE', #3130, 1000.000000000000000 ) ;
#3569 = ORIENTED_EDGE ( 'NONE', *, *, #4946, .F. ) ;
#3570 = VERTEX_POINT ( 'NONE', #1035 ) ;
#3571 = ORIENTED_EDGE ( 'NONE', *, *, #356, .F. ) ;
#3572 = CARTESIAN_POINT ( 'NONE',  ( 18.25000000000000355, 90.00000000000000000, 25.10000000000000142 ) ) ;
#3573 = ORIENTED_EDGE ( 'NONE', *, *, #3483, .T. ) ;
#3574 = CARTESIAN_POINT ( 'NONE',  ( 60.99999999999999289, 8.999999999999996447, 0.000000000000000000 ) ) ;
#3575 = DIRECTION ( 'NONE',  ( -2.312964634635743450E-16, 1.000000000000000000, -9.376883653928686624E-16 ) ) ;
#3576 = CARTESIAN_POINT ( 'NONE',  ( 16.99999999999999645, 4.000000000000000000, 7.000000000000000000 ) ) ;
#3577 = EDGE_CURVE ( 'NONE', #3257, #4920, #1, .T. ) ;
#3578 = ADVANCED_FACE ( 'NONE', ( #835 ), #2090, .F. ) ;
#3579 = ORIENTED_EDGE ( 'NONE', *, *, #2819, .F. ) ;
#3580 = LINE ( 'NONE', #351, #1929 ) ;
#3581 = CARTESIAN_POINT ( 'NONE',  ( 56.99999999999997868, 88.00000000000000000, 8.500000000000000000 ) ) ;
#3582 = CARTESIAN_POINT ( 'NONE',  ( 22.50000000000000000, 2.000000000000000000, 12.00000000000000000 ) ) ;
#3583 = CARTESIAN_POINT ( 'NONE',  ( 60.99999999999998579, 31.49999999999999289, 11.95000000000000284 ) ) ;
#3584 = ADVANCED_FACE ( 'NONE', ( #1987 ), #1236, .T. ) ;
#3585 = VECTOR ( 'NONE', #4009, 1000.000000000000000 ) ;
#3586 = ORIENTED_EDGE ( 'NONE', *, *, #2348, .T. ) ;
#3587 = CARTESIAN_POINT ( 'NONE',  ( 58.95000000000001705, -2.499999999999974687, 6.000000000000000000 ) ) ;
#3588 = ORIENTED_EDGE ( 'NONE', *, *, #3382, .F. ) ;
#3589 = VECTOR ( 'NONE', #41, 1000.000000000000000 ) ;
#3590 = DIRECTION ( 'NONE',  ( 0.000000000000000000, 0.000000000000000000, 1.000000000000000000 ) ) ;
#3591 = ORIENTED_EDGE ( 'NONE', *, *, #3923, .T. ) ;
#3592 = AXIS2_PLACEMENT_3D ( 'NONE', #4166, #3772, #1322 ) ;
#3593 = ORIENTED_EDGE ( 'NONE', *, *, #3770, .T. ) ;
#3594 = EDGE_LOOP ( 'NONE', ( #43, #3034, #2898, #3632, #2320, #1732, #1499, #2693 ) ) ;
#3595 = AXIS2_PLACEMENT_3D ( 'NONE', #1939, #3983, #1960 ) ;
#3596 = CARTESIAN_POINT ( 'NONE',  ( -4.775000000000026112, -6.440415587219193938, 6.000000000000000000 ) ) ;
#3597 = CIRCLE ( 'NONE', #1722, 5.999999999999998224 ) ;
#3598 = VECTOR ( 'NONE', #4080, 1000.000000000000000 ) ;
#3599 = AXIS2_PLACEMENT_3D ( 'NONE', #3582, #3957, #661 ) ;
#3600 = EDGE_LOOP ( 'NONE', ( #1598, #4319, #5009, #3298, #1198 ) ) ;
#3601 = ORIENTED_EDGE ( 'NONE', *, *, #2189, .F. ) ;
#3602 = CARTESIAN_POINT ( 'NONE',  ( -4.770489558936219510E-15, 32.00000000000000000, 2.000000000000006661 ) ) ;
#3603 = CARTESIAN_POINT ( 'NONE',  ( 4.250000000000000000, 88.00000000000000000, 25.10000000000000142 ) ) ;
#3604 = CARTESIAN_POINT ( 'NONE',  ( -0.2000000000000174416, -2.500000000000000444, 6.000000000000000000 ) ) ;
#3605 = ORIENTED_EDGE ( 'NONE', *, *, #752, .T. ) ;
#3606 = CARTESIAN_POINT ( 'NONE',  ( 1.999999999999999112, 5.000000000000000000, 2.000000000000010214 ) ) ;
#3607 = CARTESIAN_POINT ( 'NONE',  ( 56.99999999999997868, 33.50000000000000000, 7.000000000000000000 ) ) ;
#3608 = ADVANCED_FACE ( 'NONE', ( #55 ), #1686, .T. ) ;
#3609 = EDGE_CURVE ( 'NONE', #610, #2465, #1606, .T. ) ;
#3610 = DIRECTION ( 'NONE',  ( 1.000000000000000000, 1.541976423090495633E-16, 1.783268467025148642E-33 ) ) ;
#3611 = LINE ( 'NONE', #2, #3598 ) ;
#3612 = ORIENTED_EDGE ( 'NONE', *, *, #4302, .F. ) ;
#3613 = LINE ( 'NONE', #2697, #2006 ) ;
#3614 = EDGE_LOOP ( 'NONE', ( #1044, #1349, #3443, #4492, #2642, #1226 ) ) ;
#3615 = EDGE_CURVE ( 'NONE', #4698, #1620, #434, .T. ) ;
#3616 = CARTESIAN_POINT ( 'NONE',  ( -5.204170427930421283E-15, 33.50000000000000000, 2.000000000000006661 ) ) ;
#3617 = CARTESIAN_POINT ( 'NONE',  ( 60.99999999999998579, 18.24999999999999289, 11.94999999999999751 ) ) ;
#3618 = ORIENTED_EDGE ( 'NONE', *, *, #5211, .T. ) ;
#3619 = VECTOR ( 'NONE', #1559, 1000.000000000000000 ) ;
#3620 = ORIENTED_EDGE ( 'NONE', *, *, #4659, .T. ) ;
#3621 = ORIENTED_EDGE ( 'NONE', *, *, #425, .T. ) ;
#3622 = CARTESIAN_POINT ( 'NONE',  ( 61.22499999999997300, -6.440415587219182392, 0.000000000000000000 ) ) ;
#3623 = EDGE_CURVE ( 'NONE', #3242, #4290, #779, .T. ) ;
#3624 = FACE_OUTER_BOUND ( 'NONE', #4889, .T. ) ;
#3625 = AXIS2_PLACEMENT_3D ( 'NONE', #2782, #3560, #3134 ) ;
#3626 = ORIENTED_EDGE ( 'NONE', *, *, #2046, .T. ) ;
#3627 = ORIENTED_EDGE ( 'NONE', *, *, #1239, .T. ) ;
#3628 = CARTESIAN_POINT ( 'NONE',  ( 36.49999999999997868, 90.00000000000000000, 25.10000000000000142 ) ) ;
#3629 = VECTOR ( 'NONE', #1957, 1000.000000000000000 ) ;
#3630 = FACE_OUTER_BOUND ( 'NONE', #3154, .T. ) ;
#3631 = CARTESIAN_POINT ( 'NONE',  ( 4.000000000000000000, 63.50000000000000000, 7.000000000000000000 ) ) ;
#3632 = ORIENTED_EDGE ( 'NONE', *, *, #2958, .F. ) ;
#3633 = CARTESIAN_POINT ( 'NONE',  ( 68.99999999999997158, 87.00000000000000000, 40.65634918610404469 ) ) ;
#3634 = AXIS2_PLACEMENT_3D ( 'NONE', #218, #1398, #165 ) ;
#3635 = PLANE ( 'NONE',  #3198 ) ;
#3636 = DIRECTION ( 'NONE',  ( 0.000000000000000000, 0.000000000000000000, 1.000000000000000000 ) ) ;
#3637 = CARTESIAN_POINT ( 'NONE',  ( 1.999999999999986677, 87.99999999999998579, 2.000000000000000000 ) ) ;
#3638 = VECTOR ( 'NONE', #5192, 1000.000000000000000 ) ;
#3639 = EDGE_CURVE ( 'NONE', #2049, #1549, #4054, .T. ) ;
#3640 = ORIENTED_EDGE ( 'NONE', *, *, #4125, .T. ) ;
#3641 = CARTESIAN_POINT ( 'NONE',  ( 60.99999999999999289, 2.000000000000029310, 25.10000000000000497 ) ) ;
#3642 = LINE ( 'NONE', #3081, #2325 ) ;
#3643 = CARTESIAN_POINT ( 'NONE',  ( 68.75388744962556586, 92.50000000000000000, 6.000000000000000000 ) ) ;
#3644 = FACE_OUTER_BOUND ( 'NONE', #4316, .T. ) ;
#3645 = EDGE_CURVE ( 'NONE', #2521, #2095, #2783, .T. ) ;
#3646 = VERTEX_POINT ( 'NONE', #3208 ) ;
#3647 = ADVANCED_FACE ( 'NONE', ( #3234 ), #4902, .T. ) ;
#3648 = ORIENTED_EDGE ( 'NONE', *, *, #2255, .F. ) ;
#3649 = ORIENTED_EDGE ( 'NONE', *, *, #2382, .F. ) ;
#3650 = FILL_AREA_STYLE_COLOUR ( '', #4087 ) ;
#3651 = CARTESIAN_POINT ( 'NONE',  ( 2.999999999999982236, -7.250000000000000000, 40.65634918610404469 ) ) ;
#3652 = EDGE_CURVE ( 'NONE', #3953, #5213, #2063, .T. ) ;
#3653 = ORIENTED_EDGE ( 'NONE', *, *, #545, .T. ) ;
#3654 = ORIENTED_EDGE ( 'NONE', *, *, #3167, .F. ) ;
#3655 = DIRECTION ( 'NONE',  ( 0.4999999999999918399, -0.8660254037844433705, 0.000000000000000000 ) ) ;
#3656 = PLANE ( 'NONE',  #3044 ) ;
#3657 = CARTESIAN_POINT ( 'NONE',  ( 1.999999999999987121, 84.99999999999997158, 5.000000000000000000 ) ) ;
#3658 = ORIENTED_EDGE ( 'NONE', *, *, #3615, .T. ) ;
#3659 = CARTESIAN_POINT ( 'NONE',  ( 68.24999999999997158, 97.99999999999997158, 0.7500000000000000000 ) ) ;
#3660 = LINE ( 'NONE', #2136, #3722 ) ;
#3661 = LINE ( 'NONE', #1632, #5169 ) ;
#3662 = CARTESIAN_POINT ( 'NONE',  ( -7.050000000000002487, 92.49999999999997158, 6.000000000000000000 ) ) ;
#3663 = DIRECTION ( 'NONE',  ( 1.000000000000000000, 0.000000000000000000, 0.000000000000000000 ) ) ;
#3664 = ORIENTED_EDGE ( 'NONE', *, *, #654, .T. ) ;
#3665 = DIRECTION ( 'NONE',  ( 1.000000000000000000, 0.000000000000000000, 0.000000000000000000 ) ) ;
#3666 = CARTESIAN_POINT ( 'NONE',  ( 56.99999999999997868, 65.00000000000000000, 7.000000000000000000 ) ) ;
#3667 = PLANE ( 'NONE',  #3680 ) ;
#3668 = ORIENTED_EDGE ( 'NONE', *, *, #4030, .T. ) ;
#3669 = EDGE_LOOP ( 'NONE', ( #4338, #675, #3023, #2455 ) ) ;
#3670 = EDGE_LOOP ( 'NONE', ( #431, #1377 ) ) ;
#3671 = DIRECTION ( 'NONE',  ( -0.4999999999999918399, 0.8660254037844433705, 0.000000000000000000 ) ) ;
#3672 = ADVANCED_FACE ( 'NONE', ( #5226 ), #3261, .F. ) ;
#3673 = DIRECTION ( 'NONE',  ( 0.000000000000000000, 0.000000000000000000, -1.000000000000000000 ) ) ;
#3674 = ADVANCED_FACE ( 'NONE', ( #2384 ), #2834, .F. ) ;
#3675 = ORIENTED_EDGE ( 'NONE', *, *, #485, .F. ) ;
#3676 = ORIENTED_EDGE ( 'NONE', *, *, #717, .F. ) ;
#3677 = FACE_OUTER_BOUND ( 'NONE', #5233, .T. ) ;
#3678 = CARTESIAN_POINT ( 'NONE',  ( 8.999999999999984013, -6.000000000000000000, 30.10000000000000142 ) ) ;
#3679 = EDGE_CURVE ( 'NONE', #3076, #811, #2484, .T. ) ;
#3680 = AXIS2_PLACEMENT_3D ( 'NONE', #2842, #3322, #1246 ) ;
#3681 = AXIS2_PLACEMENT_3D ( 'NONE', #602, #3402, #3028 ) ;
#3682 = DIRECTION ( 'NONE',  ( 3.942553354492743901E-17, 1.000000000000000000, 0.000000000000000000 ) ) ;
#3683 = VECTOR ( 'NONE', #5024, 1000.000000000000000 ) ;
#3684 = VERTEX_POINT ( 'NONE', #2859 ) ;
#3685 = PLANE ( 'NONE',  #1669 ) ;
#3686 = ADVANCED_FACE ( 'NONE', ( #4108 ), #409, .T. ) ;
#3687 = CARTESIAN_POINT ( 'NONE',  ( -1.658829323902821784E-14, 90.00000000000000000, 2.000000000000000000 ) ) ;
#3688 = CARTESIAN_POINT ( 'NONE',  ( 60.99999999999999289, 0.000000000000000000, 2.000000000000000000 ) ) ;
#3689 = CIRCLE ( 'NONE', #456, 2.299999999999996270 ) ;
#3690 = DIRECTION ( 'NONE',  ( 1.000000000000000000, -1.261617073437678443E-15, 0.000000000000000000 ) ) ;
#3691 = ORIENTED_EDGE ( 'NONE', *, *, #3816, .F. ) ;
#3692 = DIRECTION ( 'NONE',  ( 0.5000000000000011102, 0.8660254037844380415, 0.000000000000000000 ) ) ;
#3693 = CARTESIAN_POINT ( 'NONE',  ( 2.249999999999982681, -7.250000000000000000, 40.65634918610404469 ) ) ;
#3694 = PLANE ( 'NONE',  #1288 ) ;
#3695 = LINE ( 'NONE', #63, #2747 ) ;
#3696 = ORIENTED_EDGE ( 'NONE', *, *, #2599, .F. ) ;
#3697 = ORIENTED_EDGE ( 'NONE', *, *, #584, .T. ) ;
#3698 = LINE ( 'NONE', #1224, #949 ) ;
#3699 = DIRECTION ( 'NONE',  ( 1.000000000000000000, -2.641432261515861307E-15, 0.000000000000000000 ) ) ;
#3700 = VECTOR ( 'NONE', #1847, 1000.000000000000000 ) ;
#3701 = EDGE_LOOP ( 'NONE', ( #4630, #4894, #4709, #2567 ) ) ;
#3702 = EDGE_CURVE ( 'NONE', #1484, #838, #3661, .T. ) ;
#3703 = EDGE_CURVE ( 'NONE', #1603, #4537, #595, .T. ) ;
#3704 = VERTEX_POINT ( 'NONE', #5013 ) ;
#3705 = CARTESIAN_POINT ( 'NONE',  ( 43.99999999999998579, 2.000000000000000444, 7.000000000000000000 ) ) ;
#3706 = DIRECTION ( 'NONE',  ( -0.000000000000000000, -0.000000000000000000, -1.000000000000000000 ) ) ;
#3707 = AXIS2_PLACEMENT_3D ( 'NONE', #1406, #2265, #3797 ) ;
#3708 = ORIENTED_EDGE ( 'NONE', *, *, #1631, .T. ) ;
#3709 = VECTOR ( 'NONE', #1706, 1000.000000000000000 ) ;
#3710 = EDGE_CURVE ( 'NONE', #267, #4065, #2510, .T. ) ;
#3711 = CARTESIAN_POINT ( 'NONE',  ( 60.87305627518713180, 97.04999999999998295, 6.000000000000000000 ) ) ;
#3712 = DIRECTION ( 'NONE',  ( 0.000000000000000000, 1.000000000000000000, 2.478176394252580648E-16 ) ) ;
#3713 = CARTESIAN_POINT ( 'NONE',  ( 3.000000000000000000, 97.24999999999998579, 0.7500000000000006661 ) ) ;
#3714 = VECTOR ( 'NONE', #532, 1000.000000000000000 ) ;
#3715 = LINE ( 'NONE', #4535, #4019 ) ;
#3716 = EDGE_CURVE ( 'NONE', #2878, #2969, #1372, .T. ) ;
#3717 = CARTESIAN_POINT ( 'NONE',  ( -7.050000000000019362, -2.499999999999995559, 0.000000000000000000 ) ) ;
#3718 = ORIENTED_EDGE ( 'NONE', *, *, #396, .F. ) ;
#3719 = CARTESIAN_POINT ( 'NONE',  ( 51.99999999999998579, 96.00000000000000000, 0.000000000000000000 ) ) ;
#3720 = DIRECTION ( 'NONE',  ( -0.000000000000000000, 1.000000000000000000, -0.000000000000000000 ) ) ;
#3721 = CARTESIAN_POINT ( 'NONE',  ( 65.79999999999996874, 92.49999999999998579, 0.000000000000000000 ) ) ;
#3722 = VECTOR ( 'NONE', #4955, 1000.000000000000000 ) ;
#3723 = DIRECTION ( 'NONE',  ( -0.4999999999999989453, 0.8660254037844391517, 0.000000000000000000 ) ) ;
#3724 = ORIENTED_EDGE ( 'NONE', *, *, #1755, .F. ) ;
#3725 = ORIENTED_EDGE ( 'NONE', *, *, #621, .F. ) ;
#3726 = FACE_OUTER_BOUND ( 'NONE', #2275, .T. ) ;
#3727 = LINE ( 'NONE', #2078, #2396 ) ;
#3728 = VERTEX_POINT ( 'NONE', #3364 ) ;
#3729 = EDGE_LOOP ( 'NONE', ( #1221, #2786, #1973, #2662 ) ) ;
#3730 = LINE ( 'NONE', #73, #2188 ) ;
#3731 = CIRCLE ( 'NONE', #1180, 6.000000000000000888 ) ;
#3732 = CARTESIAN_POINT ( 'NONE',  ( 1.999999999999987121, 84.99999999999997158, 5.000000000000000000 ) ) ;
#3733 = VERTEX_POINT ( 'NONE', #1399 ) ;
#3734 = DIRECTION ( 'NONE',  ( -0.000000000000000000, -0.000000000000000000, -1.000000000000000000 ) ) ;
#3735 = LINE ( 'NONE', #4533, #3378 ) ;
#3736 = CIRCLE ( 'NONE', #4416, 2.299999999999999822 ) ;
#3737 = CARTESIAN_POINT ( 'NONE',  ( 66.99999999999998579, 80.99999999999998579, 4.999999999999999112 ) ) ;
#3738 = EDGE_CURVE ( 'NONE', #1620, #5213, #729, .T. ) ;
#3739 = CARTESIAN_POINT ( 'NONE',  ( 57.99999999999997868, 97.99999999999998579, 0.7500000000000006661 ) ) ;
#3740 = ADVANCED_FACE ( 'NONE', ( #1768 ), #139, .T. ) ;
#3741 = DIRECTION ( 'NONE',  ( -0.000000000000000000, 0.000000000000000000, 1.000000000000000000 ) ) ;
#3742 = EDGE_LOOP ( 'NONE', ( #4998, #3500, #2641, #5085 ) ) ;
#3743 = CARTESIAN_POINT ( 'NONE',  ( 43.99999999999998579, 2.000000000000000000, 2.000000000000000000 ) ) ;
#3744 = CARTESIAN_POINT ( 'NONE',  ( 1.226922603918143145E-13, 97.25000000000005684, 0.7500000000000000000 ) ) ;
#3745 = FACE_OUTER_BOUND ( 'NONE', #4400, .T. ) ;
#3746 = PLANE ( 'NONE',  #873 ) ;
#3747 = EDGE_CURVE ( 'NONE', #4958, #1494, #2170, .T. ) ;
#3748 = ORIENTED_EDGE ( 'NONE', *, *, #2298, .T. ) ;
#3749 = ORIENTED_EDGE ( 'NONE', *, *, #4965, .F. ) ;
#3750 = CARTESIAN_POINT ( 'NONE',  ( 68.75388744962556586, 92.50000000000000000, 0.000000000000000000 ) ) ;
#3751 = CARTESIAN_POINT ( 'NONE',  ( 60.99999999999998579, 18.24999999999999289, 11.94999999999999751 ) ) ;
#3752 = VECTOR ( 'NONE', #1245, 1000.000000000000000 ) ;
#3753 = ORIENTED_EDGE ( 'NONE', *, *, #4296, .F. ) ;
#3754 = VERTEX_POINT ( 'NONE', #970 ) ;
#3755 = LINE ( 'NONE', #4178, #4651 ) ;
#3756 = FACE_OUTER_BOUND ( 'NONE', #4082, .T. ) ;
#3757 = VERTEX_POINT ( 'NONE', #4612 ) ;
#3758 = AXIS2_PLACEMENT_3D ( 'NONE', #4620, #3798, #4593 ) ;
#3759 = PLANE ( 'NONE',  #2098 ) ;
#3760 = PLANE ( 'NONE',  #398 ) ;
#3761 = VECTOR ( 'NONE', #3590, 1000.000000000000000 ) ;
#3762 = DIRECTION ( 'NONE',  ( -0.000000000000000000, -0.000000000000000000, -1.000000000000000000 ) ) ;
#3763 = CARTESIAN_POINT ( 'NONE',  ( -4.800000000000017586, -2.500000000000000000, 25.10000000000000142 ) ) ;
#3764 = VECTOR ( 'NONE', #31, 1000.000000000000000 ) ;
#3765 = VECTOR ( 'NONE', #5255, 1000.000000000000000 ) ;
#3766 = VERTEX_POINT ( 'NONE', #939 ) ;
#3767 = DIRECTION ( 'NONE',  ( -1.000000000000000000, 0.000000000000000000, 0.000000000000000000 ) ) ;
#3768 = EDGE_LOOP ( 'NONE', ( #4171, #688, #4072, #4465 ) ) ;
#3769 = EDGE_CURVE ( 'NONE', #3219, #2610, #4987, .T. ) ;
#3770 = EDGE_CURVE ( 'NONE', #1791, #3242, #4060, .T. ) ;
#3771 = LINE ( 'NONE', #2121, #1749 ) ;
#3772 = DIRECTION ( 'NONE',  ( -0.000000000000000000, 0.000000000000000000, 1.000000000000000000 ) ) ;
#3773 = DIRECTION ( 'NONE',  ( 1.000000000000000000, -1.734723475976807094E-15, 0.000000000000000000 ) ) ;
#3774 = LINE ( 'NONE', #3860, #2242 ) ;
#3775 = VERTEX_POINT ( 'NONE', #4956 ) ;
#3776 = EDGE_CURVE ( 'NONE', #3544, #4150, #2593, .T. ) ;
#3777 = ORIENTED_EDGE ( 'NONE', *, *, #1024, .T. ) ;
#3778 = DIRECTION ( 'NONE',  ( -1.000000000000000000, -2.275047181608928137E-16, 0.000000000000000000 ) ) ;
#3779 = LINE ( 'NONE', #123, #3764 ) ;
#3780 = LINE ( 'NONE', #3493, #2606 ) ;
#3781 = ORIENTED_EDGE ( 'NONE', *, *, #4931, .F. ) ;
#3782 = EDGE_CURVE ( 'NONE', #3570, #5218, #237, .T. ) ;
#3783 = VERTEX_POINT ( 'NONE', #3314 ) ;
#3784 = DIRECTION ( 'NONE',  ( 1.577021341797097560E-16, 1.000000000000000000, 0.000000000000000000 ) ) ;
#3785 = DIRECTION ( 'NONE',  ( -0.000000000000000000, -0.000000000000000000, -1.000000000000000000 ) ) ;
#3786 =( NAMED_UNIT ( * ) PLANE_ANGLE_UNIT ( ) SI_UNIT ( $, .RADIAN. ) );
#3787 = LINE ( 'NONE', #162, #2665 ) ;
#3788 = ORIENTED_EDGE ( 'NONE', *, *, #5167, .F. ) ;
#3789 = DIRECTION ( 'NONE',  ( 0.000000000000000000, 0.000000000000000000, -1.000000000000000000 ) ) ;
#3790 = VECTOR ( 'NONE', #5199, 1000.000000000000000 ) ;
#3791 = DIRECTION ( 'NONE',  ( -0.5000000000000061062, 0.8660254037844351549, 0.000000000000000000 ) ) ;
#3792 = CARTESIAN_POINT ( 'NONE',  ( -1.658829323902821784E-14, 90.00000000000000000, 0.000000000000000000 ) ) ;
#3793 = DIRECTION ( 'NONE',  ( -0.000000000000000000, -0.000000000000000000, -1.000000000000000000 ) ) ;
#3794 = EDGE_LOOP ( 'NONE', ( #196, #4637, #2296, #2655 ) ) ;
#3795 = DIRECTION ( 'NONE',  ( 0.000000000000000000, 0.000000000000000000, -1.000000000000000000 ) ) ;
#3796 = VERTEX_POINT ( 'NONE', #490 ) ;
#3797 = DIRECTION ( 'NONE',  ( 0.000000000000000000, 0.000000000000000000, -1.000000000000000000 ) ) ;
#3798 = DIRECTION ( 'NONE',  ( -0.8660254037844351549, -0.5000000000000061062, 0.000000000000000000 ) ) ;
#3799 = CIRCLE ( 'NONE', #1413, 0.7499999999999997780 ) ;
#3800 = LINE ( 'NONE', #947, #1814 ) ;
#3801 = LINE ( 'NONE', #148, #1550 ) ;
#3802 = EDGE_CURVE ( 'NONE', #1764, #1917, #4144, .T. ) ;
#3803 = EDGE_LOOP ( 'NONE', ( #4170, #209, #2741, #5150 ) ) ;
#3804 = ORIENTED_EDGE ( 'NONE', *, *, #4515, .F. ) ;
#3805 = CIRCLE ( 'NONE', #4318, 5.999999999999998224 ) ;
#3806 = DIRECTION ( 'NONE',  ( 1.541976423090495633E-16, -1.000000000000000000, 1.246832498358330346E-16 ) ) ;
#3807 = LINE ( 'NONE', #1842, #2914 ) ;
#3808 = CARTESIAN_POINT ( 'NONE',  ( -7.250000000000017764, -7.250000000000000000, 0.7500000000000000000 ) ) ;
#3809 = EDGE_CURVE ( 'NONE', #1917, #4989, #4187, .T. ) ;
#3810 = EDGE_CURVE ( 'NONE', #136, #1679, #3562, .T. ) ;
#3811 = ORIENTED_EDGE ( 'NONE', *, *, #2475, .F. ) ;
#3812 = ORIENTED_EDGE ( 'NONE', *, *, #1747, .T. ) ;
#3813 = DIRECTION ( 'NONE',  ( 0.000000000000000000, 0.000000000000000000, 1.000000000000000000 ) ) ;
#3814 = PLANE ( 'NONE',  #4135 ) ;
#3815 = AXIS2_PLACEMENT_3D ( 'NONE', #1738, #2625, #5039 ) ;
#3816 = EDGE_CURVE ( 'NONE', #2788, #2246, #3822, .T. ) ;
#3817 = AXIS2_PLACEMENT_3D ( 'NONE', #2271, #1965, #2365 ) ;
#3818 = CARTESIAN_POINT ( 'NONE',  ( 1.999999999999982681, 2.000000000000000000, 2.000000000000000000 ) ) ;
#3819 = ORIENTED_EDGE ( 'NONE', *, *, #4932, .T. ) ;
#3820 = DIRECTION ( 'NONE',  ( 1.000000000000000000, 0.000000000000000000, 0.000000000000000000 ) ) ;
#3821 = LINE ( 'NONE', #622, #3471 ) ;
#3822 = LINE ( 'NONE', #2115, #2961 ) ;
#3823 = AXIS2_PLACEMENT_3D ( 'NONE', #5249, #2480, #1655 ) ;
#3824 = CARTESIAN_POINT ( 'NONE',  ( 51.99999999999997158, 90.00000000000000000, 0.000000000000000000 ) ) ;
#3825 = ORIENTED_EDGE ( 'NONE', *, *, #3912, .T. ) ;
#3826 = DIRECTION ( 'NONE',  ( 1.000000000000000000, 0.000000000000000000, 0.000000000000000000 ) ) ;
#3827 = ORIENTED_EDGE ( 'NONE', *, *, #769, .T. ) ;
#3828 = LINE ( 'NONE', #5099, #987 ) ;
#3829 = CARTESIAN_POINT ( 'NONE',  ( 57.99999999999997868, 95.99999999999998579, 25.10000000000000142 ) ) ;
#3830 = DIRECTION ( 'NONE',  ( 0.000000000000000000, 1.000000000000000000, 0.000000000000000000 ) ) ;
#3831 = LINE ( 'NONE', #980, #1635 ) ;
#3832 = ORIENTED_EDGE ( 'NONE', *, *, #4202, .T. ) ;
#3833 = ORIENTED_EDGE ( 'NONE', *, *, #4255, .F. ) ;
#3834 = LINE ( 'NONE', #2636, #3519 ) ;
#3835 = DIRECTION ( 'NONE',  ( -1.000000000000000000, 0.000000000000000000, 0.000000000000000000 ) ) ;
#3836 = DIRECTION ( 'NONE',  ( -1.000000000000000000, -1.982541115402065356E-16, -0.000000000000000000 ) ) ;
#3837 = ORIENTED_EDGE ( 'NONE', *, *, #522, .T. ) ;
#3838 = EDGE_LOOP ( 'NONE', ( #2925, #4468, #2229, #501 ) ) ;
#3839 = DIRECTION ( 'NONE',  ( -0.000000000000000000, -0.000000000000000000, -1.000000000000000000 ) ) ;
#3840 = EDGE_CURVE ( 'NONE', #1591, #4150, #914, .T. ) ;
#3841 = ADVANCED_FACE ( 'NONE', ( #2140 ), #3419, .F. ) ;
#3842 = DIRECTION ( 'NONE',  ( -0.000000000000000000, -0.000000000000000000, -1.000000000000000000 ) ) ;
#3843 = AXIS2_PLACEMENT_3D ( 'NONE', #4068, #2000, #2874 ) ;
#3844 = CARTESIAN_POINT ( 'NONE',  ( -2.500000000000017764, -2.500000000000000444, 0.000000000000000000 ) ) ;
#3845 = ORIENTED_EDGE ( 'NONE', *, *, #3609, .F. ) ;
#3846 = CARTESIAN_POINT ( 'NONE',  ( 60.99999999999998579, 31.49999999999999289, 11.95000000000000284 ) ) ;
#3847 = VECTOR ( 'NONE', #2452, 1000.000000000000000 ) ;
#3848 = EDGE_CURVE ( 'NONE', #1494, #1805, #4442, .T. ) ;
#3849 = DIRECTION ( 'NONE',  ( -0.000000000000000000, -0.000000000000000000, -1.000000000000000000 ) ) ;
#3850 = CARTESIAN_POINT ( 'NONE',  ( 0.000000000000000000, 0.000000000000000000, 7.000000000000000000 ) ) ;
#3851 = CARTESIAN_POINT ( 'NONE',  ( 22.50000000000000000, 2.000000000000000000, 4.500000000000000000 ) ) ;
#3852 = ORIENTED_EDGE ( 'NONE', *, *, #1508, .F. ) ;
#3853 = AXIS2_PLACEMENT_3D ( 'NONE', #2293, #1557, #5180 ) ;
#3854 = LINE ( 'NONE', #3022, #814 ) ;
#3855 = ORIENTED_EDGE ( 'NONE', *, *, #1651, .T. ) ;
#3856 = EDGE_CURVE ( 'NONE', #1025, #3357, #1855, .T. ) ;
#3857 = LINE ( 'NONE', #3024, #2512 ) ;
#3858 = CARTESIAN_POINT ( 'NONE',  ( 2.999999991999983795, -3.061617095840134222E-17, 32.11556443806691874 ) ) ;
#3859 = CARTESIAN_POINT ( 'NONE',  ( -2.499999999999999556, 92.50000000000000000, 0.000000000000000000 ) ) ;
#3860 = CARTESIAN_POINT ( 'NONE',  ( 61.22499999999997300, -6.440415587219182392, 6.000000000000000000 ) ) ;
#3861 = AXIS2_PLACEMENT_3D ( 'NONE', #603, #5021, #4168 ) ;
#3862 = VECTOR ( 'NONE', #1959, 1000.000000000000000 ) ;
#3863 = ORIENTED_EDGE ( 'NONE', *, *, #1075, .F. ) ;
#3864 = ORIENTED_EDGE ( 'NONE', *, *, #4357, .F. ) ;
#3865 = FACE_OUTER_BOUND ( 'NONE', #3461, .T. ) ;
#3866 = CARTESIAN_POINT ( 'NONE',  ( 58.99999999999998579, 33.50000000000000000, 7.000000000000000000 ) ) ;
#3867 = LINE ( 'NONE', #2160, #2125 ) ;
#3868 = ORIENTED_EDGE ( 'NONE', *, *, #1048, .T. ) ;
#3869 = EDGE_LOOP ( 'NONE', ( #1830, #872, #1037, #19, #879, #1646, #2813, #3096, #1846, #2397, #2930, #3565 ) ) ;
#3870 = LINE ( 'NONE', #3411, #3039 ) ;
#3871 = CARTESIAN_POINT ( 'NONE',  ( 57.99999999999999289, -7.250000000000000888, 25.10000000000000142 ) ) ;
#3872 = EDGE_CURVE ( 'NONE', #3728, #4938, #4719, .T. ) ;
#3873 = DIRECTION ( 'NONE',  ( -0.000000000000000000, 0.000000000000000000, 1.000000000000000000 ) ) ;
#3874 = ADVANCED_FACE ( 'NONE', ( #2306 ), #4042, .F. ) ;
#3875 = ORIENTED_EDGE ( 'NONE', *, *, #1106, .T. ) ;
#3876 = CARTESIAN_POINT ( 'NONE',  ( 9.000000000000000000, 96.00000000000000000, -15.55634918610404327 ) ) ;
#3877 = DIRECTION ( 'NONE',  ( 0.000000000000000000, 1.000000000000000000, 2.478176394252580648E-16 ) ) ;
#3878 = FACE_OUTER_BOUND ( 'NONE', #4707, .T. ) ;
#3879 = PLANE ( 'NONE',  #244 ) ;
#3880 = ADVANCED_FACE ( 'NONE', ( #3624 ), #1103, .F. ) ;
#3881 = EDGE_CURVE ( 'NONE', #3757, #4343, #1080, .T. ) ;
#3882 = ORIENTED_EDGE ( 'NONE', *, *, #1651, .F. ) ;
#3883 = CARTESIAN_POINT ( 'NONE',  ( 2.999999999999983569, -6.000000000000000000, 30.10000000000000142 ) ) ;
#3884 = ORIENTED_EDGE ( 'NONE', *, *, #2903, .T. ) ;
#3885 = FACE_OUTER_BOUND ( 'NONE', #3890, .T. ) ;
#3886 = CARTESIAN_POINT ( 'NONE',  ( -8.000000000000017764, -7.250000000000000000, 40.65634918610404469 ) ) ;
#3887 = VECTOR ( 'NONE', #28, 1000.000000000000227 ) ;
#3888 = DIRECTION ( 'NONE',  ( -7.304098846218140584E-16, 1.000000000000000000, 1.826024711554535146E-16 ) ) ;
#3889 = ADVANCED_FACE ( 'NONE', ( #3105 ), #4017, .F. ) ;
#3890 = EDGE_LOOP ( 'NONE', ( #640, #4975, #4342, #4731 ) ) ;
#3891 = AXIS2_PLACEMENT_3D ( 'NONE', #2309, #1182, #278 ) ;
#3892 = ORIENTED_EDGE ( 'NONE', *, *, #3230, .T. ) ;
#3893 = LINE ( 'NONE', #208, #993 ) ;
#3894 = VERTEX_POINT ( 'NONE', #625 ) ;
#3895 = ORIENTED_EDGE ( 'NONE', *, *, #5075, .T. ) ;
#3896 = ORIENTED_EDGE ( 'NONE', *, *, #3139, .T. ) ;
#3897 = CARTESIAN_POINT ( 'NONE',  ( -7.250000000000000888, 87.00000000000000000, 0.000000000000000000 ) ) ;
#3898 = PLANE ( 'NONE',  #4601 ) ;
#3899 = VECTOR ( 'NONE', #854, 1000.000000000000114 ) ;
#3900 = DIRECTION ( 'NONE',  ( 0.5000000000000044409, -0.8660254037844361541, 0.000000000000000000 ) ) ;
#3901 = ORIENTED_EDGE ( 'NONE', *, *, #4686, .T. ) ;
#3902 = VECTOR ( 'NONE', #511, 1000.000000000000000 ) ;
#3903 = DIRECTION ( 'NONE',  ( 1.000000000000000000, 0.000000000000000000, 0.000000000000000000 ) ) ;
#3904 = LINE ( 'NONE', #1853, #3295 ) ;
#3905 = CARTESIAN_POINT ( 'NONE',  ( 58.99999999999998579, 18.24999999999999289, 11.94999999999999751 ) ) ;
#3906 = LINE ( 'NONE', #5120, #3568 ) ;
#3907 = VERTEX_POINT ( 'NONE', #3529 ) ;
#3908 = LINE ( 'NONE', #1798, #3543 ) ;
#3909 = ORIENTED_EDGE ( 'NONE', *, *, #4717, .T. ) ;
#3910 = LINE ( 'NONE', #3508, #4127 ) ;
#3911 = DIRECTION ( 'NONE',  ( 1.000000000000000000, 0.000000000000000000, 0.000000000000000000 ) ) ;
#3912 = EDGE_CURVE ( 'NONE', #2163, #3481, #3049, .T. ) ;
#3913 = ADVANCED_FACE ( 'NONE', ( #369 ), #1880, .F. ) ;
#3914 = CARTESIAN_POINT ( 'NONE',  ( 58.99999999999998579, 37.99999999999999289, 8.250000000000000000 ) ) ;
#3915 = ORIENTED_EDGE ( 'NONE', *, *, #512, .T. ) ;
#3916 = ORIENTED_EDGE ( 'NONE', *, *, #3970, .T. ) ;
#3917 = EDGE_CURVE ( 'NONE', #2246, #4710, #830, .T. ) ;
#3918 = CARTESIAN_POINT ( 'NONE',  ( -0.2250000000000125233, 1.440415587219193938, 6.000000000000000000 ) ) ;
#3919 = ORIENTED_EDGE ( 'NONE', *, *, #2451, .T. ) ;
#3920 = ORIENTED_EDGE ( 'NONE', *, *, #2046, .F. ) ;
#3921 = VERTEX_POINT ( 'NONE', #2726 ) ;
#3922 = LINE ( 'NONE', #1542, #2230 ) ;
#3923 = EDGE_CURVE ( 'NONE', #972, #2154, #1711, .T. ) ;
#3924 = ORIENTED_EDGE ( 'NONE', *, *, #220, .T. ) ;
#3925 = CARTESIAN_POINT ( 'NONE',  ( 60.99999999999997158, 65.00000000000000000, 4.999999999999997335 ) ) ;
#3926 = DIRECTION ( 'NONE',  ( -0.000000000000000000, -0.000000000000000000, -1.000000000000000000 ) ) ;
#3927 = DIRECTION ( 'NONE',  ( -4.223530579796573848E-32, 1.826024711554535146E-16, -1.000000000000000000 ) ) ;
#3928 = FACE_OUTER_BOUND ( 'NONE', #4472, .T. ) ;
#3929 = ORIENTED_EDGE ( 'NONE', *, *, #1501, .F. ) ;
#3930 = FACE_OUTER_BOUND ( 'NONE', #1019, .T. ) ;
#3931 = FACE_OUTER_BOUND ( 'NONE', #3600, .T. ) ;
#3932 = LINE ( 'NONE', #4700, #10 ) ;
#3933 = DIRECTION ( 'NONE',  ( 0.000000000000000000, -0.000000000000000000, 1.000000000000000000 ) ) ;
#3934 = DIRECTION ( 'NONE',  ( -1.000000000000000000, -1.734723475976807094E-15, 0.000000000000000000 ) ) ;
#3935 = EDGE_CURVE ( 'NONE', #1147, #1535, #1058, .T. ) ;
#3936 = EDGE_LOOP ( 'NONE', ( #4356, #4839 ) ) ;
#3937 = AXIS2_PLACEMENT_3D ( 'NONE', #3135, #660, #1111 ) ;
#3938 = ORIENTED_EDGE ( 'NONE', *, *, #2671, .F. ) ;
#3939 = VECTOR ( 'NONE', #2870, 1000.000000000000114 ) ;
#3940 = AXIS2_PLACEMENT_3D ( 'NONE', #1914, #3112, #3933 ) ;
#3941 = CARTESIAN_POINT ( 'NONE',  ( -0.2250000000000209610, -6.440415587219199267, 6.000000000000000000 ) ) ;
#3942 = CIRCLE ( 'NONE', #1640, 0.7500000000000000000 ) ;
#3943 = ORIENTED_EDGE ( 'NONE', *, *, #4515, .T. ) ;
#3944 = ADVANCED_FACE ( 'NONE', ( #3878, #2422 ), #2679, .T. ) ;
#3945 = ORIENTED_EDGE ( 'NONE', *, *, #613, .T. ) ;
#3946 = ORIENTED_EDGE ( 'NONE', *, *, #2745, .T. ) ;
#3947 = PLANE ( 'NONE',  #3505 ) ;
#3948 = EDGE_CURVE ( 'NONE', #3219, #754, #4271, .T. ) ;
#3949 = ORIENTED_EDGE ( 'NONE', *, *, #646, .T. ) ;
#3950 = DIRECTION ( 'NONE',  ( 1.000000000000000000, 0.000000000000000000, 0.000000000000000000 ) ) ;
#3951 = DIRECTION ( 'NONE',  ( 0.000000000000000000, 9.376883653928686624E-16, 1.000000000000000000 ) ) ;
#3952 = DIRECTION ( 'NONE',  ( -1.000000000000000000, 0.000000000000000000, 0.000000000000000000 ) ) ;
#3953 = VERTEX_POINT ( 'NONE', #4298 ) ;
#3954 = CARTESIAN_POINT ( 'NONE',  ( 1.999999999999987121, 84.99999999999997158, 2.000000000000000000 ) ) ;
#3955 = DIRECTION ( 'NONE',  ( 0.000000000000000000, 0.000000000000000000, 1.000000000000000000 ) ) ;
#3956 = DIRECTION ( 'NONE',  ( -0.000000000000000000, 0.000000000000000000, 1.000000000000000000 ) ) ;
#3957 = DIRECTION ( 'NONE',  ( -8.896017825522089339E-17, 0.000000000000000000, 1.000000000000000000 ) ) ;
#3958 = DIRECTION ( 'NONE',  ( 1.734723475976807094E-15, -1.000000000000000000, 0.000000000000000000 ) ) ;
#3959 = VECTOR ( 'NONE', #3305, 1000.000000000000000 ) ;
#3960 = ORIENTED_EDGE ( 'NONE', *, *, #3679, .F. ) ;
#3961 = EDGE_LOOP ( 'NONE', ( #4020, #4588, #2439, #1465 ) ) ;
#3962 = VECTOR ( 'NONE', #3054, 1000.000000000000000 ) ;
#3963 = CARTESIAN_POINT ( 'NONE',  ( 22.15000000000000213, 88.00000000000000000, 8.500000000000000000 ) ) ;
#3964 = VECTOR ( 'NONE', #1314, 1000.000000000000000 ) ;
#3965 = ORIENTED_EDGE ( 'NONE', *, *, #4806, .F. ) ;
#3966 = ORIENTED_EDGE ( 'NONE', *, *, #1696, .F. ) ;
#3967 = ORIENTED_EDGE ( 'NONE', *, *, #1837, .F. ) ;
#3968 = LINE ( 'NONE', #2371, #2522 ) ;
#3969 = VECTOR ( 'NONE', #2879, 1000.000000000000000 ) ;
#3970 = EDGE_CURVE ( 'NONE', #3766, #1684, #2283, .T. ) ;
#3971 = EDGE_CURVE ( 'NONE', #3192, #504, #1700, .T. ) ;
#3972 = VERTEX_POINT ( 'NONE', #2953 ) ;
#3973 = LINE ( 'NONE', #4790, #4222 ) ;
#3974 = LINE ( 'NONE', #2331, #5081 ) ;
#3975 = VECTOR ( 'NONE', #5037, 1000.000000000000114 ) ;
#3976 = EDGE_CURVE ( 'NONE', #314, #1471, #4574, .T. ) ;
#3977 = SPHERICAL_SURFACE ( 'NONE', #3486, 0.7500000000000000000 ) ;
#3978 = PLANE ( 'NONE',  #2699 ) ;
#3979 = DIRECTION ( 'NONE',  ( -0.000000000000000000, -6.177056887751240565E-16, -1.000000000000000000 ) ) ;
#3980 = DIRECTION ( 'NONE',  ( 1.000000000000000000, 0.000000000000000000, 0.000000000000000000 ) ) ;
#3981 = AXIS2_PLACEMENT_3D ( 'NONE', #1795, #1316, #193 ) ;
#3982 = LINE ( 'NONE', #331, #3862 ) ;
#3983 = DIRECTION ( 'NONE',  ( 0.000000000000000000, -1.000000000000000000, 0.000000000000000000 ) ) ;
#3984 = ORIENTED_EDGE ( 'NONE', *, *, #3064, .T. ) ;
#3985 = DIRECTION ( 'NONE',  ( -0.000000000000000000, 1.000000000000000000, 0.000000000000000000 ) ) ;
#3986 = EDGE_LOOP ( 'NONE', ( #3061, #2681, #3066, #4881 ) ) ;
#3987 = PLANE ( 'NONE',  #1299 ) ;
#3988 = ORIENTED_EDGE ( 'NONE', *, *, #3059, .T. ) ;
#3989 = ORIENTED_EDGE ( 'NONE', *, *, #2684, .F. ) ;
#3990 = ORIENTED_EDGE ( 'NONE', *, *, #220, .F. ) ;
#3991 = LINE ( 'NONE', #4761, #1854 ) ;
#3992 =( BOUNDED_CURVE ( )  B_SPLINE_CURVE ( 3, ( #2171, #1769, #701, #3556 ),
 .UNSPECIFIED., .F., .F. ) 
 B_SPLINE_CURVE_WITH_KNOTS ( ( 4, 4 ),
 ( 4.712388980384689674, 6.283185307179586232 ),
 .UNSPECIFIED. ) 
 CURVE ( )  GEOMETRIC_REPRESENTATION_ITEM ( )  RATIONAL_B_SPLINE_CURVE ( ( 1.000000000000000000, 0.8047378541243649375, 0.8047378541243649375, 1.000000000000000000 ) ) 
 REPRESENTATION_ITEM ( '' )  );
#3993 = ORIENTED_EDGE ( 'NONE', *, *, #4385, .T. ) ;
#3994 = EDGE_CURVE ( 'NONE', #1536, #2532, #2103, .T. ) ;
#3995 = ADVANCED_FACE ( 'NONE', ( #4148 ), #3301, .F. ) ;
#3996 = VERTEX_POINT ( 'NONE', #2130 ) ;
#3997 = DIRECTION ( 'NONE',  ( -6.100126508929425646E-15, 1.000000000000000000, 0.000000000000000000 ) ) ;
#3998 = FACE_BOUND ( 'NONE', #37, .T. ) ;
#3999 = CARTESIAN_POINT ( 'NONE',  ( 66.12694372481277583, 97.04999999999996874, 6.000000000000000000 ) ) ;
#4000 = EDGE_CURVE ( 'NONE', #3523, #3087, #823, .T. ) ;
#4001 = LINE ( 'NONE', #3133, #1333 ) ;
#4002 = CARTESIAN_POINT ( 'NONE',  ( -7.250000000000000000, 97.24999999999998579, 0.7500000000000000000 ) ) ;
#4003 = DIRECTION ( 'NONE',  ( -0.000000000000000000, -0.000000000000000000, -1.000000000000000000 ) ) ;
#4004 = CARTESIAN_POINT ( 'NONE',  ( -8.000000000000015987, 2.250000000000000444, 25.10000000000000142 ) ) ;
#4005 = EDGE_CURVE ( 'NONE', #692, #3087, #3333, .T. ) ;
#4006 = ORIENTED_EDGE ( 'NONE', *, *, #5201, .F. ) ;
#4007 = CARTESIAN_POINT ( 'NONE',  ( -7.250000000000017764, -7.250000000000000000, 0.7500000000000000000 ) ) ;
#4008 = ORIENTED_EDGE ( 'NONE', *, *, #2959, .F. ) ;
#4009 = DIRECTION ( 'NONE',  ( -0.000000000000000000, -0.000000000000000000, -1.000000000000000000 ) ) ;
#4010 = FACE_OUTER_BOUND ( 'NONE', #4831, .T. ) ;
#4011 = EDGE_LOOP ( 'NONE', ( #1882, #3304, #4802, #579 ) ) ;
#4012 = AXIS2_PLACEMENT_3D ( 'NONE', #3693, #3214, #1641 ) ;
#4013 = ORIENTED_EDGE ( 'NONE', *, *, #2923, .T. ) ;
#4014 = ORIENTED_EDGE ( 'NONE', *, *, #1231, .F. ) ;
#4015 = VECTOR ( 'NONE', #1220, 1000.000000000000000 ) ;
#4016 = FACE_OUTER_BOUND ( 'NONE', #2131, .T. ) ;
#4017 = PLANE ( 'NONE',  #1260 ) ;
#4018 = AXIS2_PLACEMENT_3D ( 'NONE', #4254, #554, #4626 ) ;
#4019 = VECTOR ( 'NONE', #5227, 1000.000000000000000 ) ;
#4020 = ORIENTED_EDGE ( 'NONE', *, *, #4089, .F. ) ;
#4021 = ORIENTED_EDGE ( 'NONE', *, *, #3496, .T. ) ;
#4022 = LINE ( 'NONE', #2081, #1248 ) ;
#4023 = DIRECTION ( 'NONE',  ( -1.000000000000000000, 0.000000000000000000, 0.000000000000000000 ) ) ;
#4024 = FACE_OUTER_BOUND ( 'NONE', #2337, .T. ) ;
#4025 = EDGE_CURVE ( 'NONE', #2719, #1845, #476, .T. ) ;
#4026 = ORIENTED_EDGE ( 'NONE', *, *, #3856, .F. ) ;
#4027 = DIRECTION ( 'NONE',  ( 0.000000000000000000, 0.000000000000000000, 1.000000000000000000 ) ) ;
#4028 = LINE ( 'NONE', #4352, #809 ) ;
#4029 = DIRECTION ( 'NONE',  ( 0.000000000000000000, 0.000000000000000000, -1.000000000000000000 ) ) ;
#4030 = EDGE_CURVE ( 'NONE', #4258, #1684, #4069, .T. ) ;
#4031 = LINE ( 'NONE', #3637, #5209 ) ;
#4032 = EDGE_CURVE ( 'NONE', #793, #341, #3727, .T. ) ;
#4033 = ORIENTED_EDGE ( 'NONE', *, *, #2987, .F. ) ;
#4034 = DIRECTION ( 'NONE',  ( -0.4999999999999942268, -0.8660254037844420383, 0.000000000000000000 ) ) ;
#4035 = CARTESIAN_POINT ( 'NONE',  ( -7.250000000000000000, 97.99999999999998579, 25.10000000000000142 ) ) ;
#4036 = DIRECTION ( 'NONE',  ( -0.000000000000000000, -0.000000000000000000, 1.000000000000000000 ) ) ;
#4037 = EDGE_CURVE ( 'NONE', #2328, #5098, #4943, .T. ) ;
#4038 = ORIENTED_EDGE ( 'NONE', *, *, #1696, .T. ) ;
#4039 = ORIENTED_EDGE ( 'NONE', *, *, #2574, .T. ) ;
#4040 = ORIENTED_EDGE ( 'NONE', *, *, #2509, .F. ) ;
#4041 = CARTESIAN_POINT ( 'NONE',  ( 22.15000000000000213, 90.00000000000000000, 8.500000000000000000 ) ) ;
#4042 = PLANE ( 'NONE',  #1770 ) ;
#4043 = VECTOR ( 'NONE', #4112, 1000.000000000000000 ) ;
#4044 = ORIENTED_EDGE ( 'NONE', *, *, #95, .F. ) ;
#4045 = ORIENTED_EDGE ( 'NONE', *, *, #4553, .F. ) ;
#4046 = DIRECTION ( 'NONE',  ( -0.000000000000000000, -0.000000000000000000, -1.000000000000000000 ) ) ;
#4047 = DIRECTION ( 'NONE',  ( 1.000000000000000000, 1.541976423090495633E-16, 1.783268467025148642E-33 ) ) ;
#4048 = VECTOR ( 'NONE', #3172, 1000.000000000000000 ) ;
#4049 = FACE_OUTER_BOUND ( 'NONE', #1815, .T. ) ;
#4050 = ORIENTED_EDGE ( 'NONE', *, *, #768, .T. ) ;
#4051 = CARTESIAN_POINT ( 'NONE',  ( 58.99999999999997158, 84.99999999999998579, 2.000000000000000000 ) ) ;
#4052 = VECTOR ( 'NONE', #3877, 1000.000000000000000 ) ;
#4053 = FACE_OUTER_BOUND ( 'NONE', #3040, .T. ) ;
#4054 = LINE ( 'NONE', #2886, #2576 ) ;
#4055 = LINE ( 'NONE', #4456, #2831 ) ;
#4056 = LINE ( 'NONE', #1213, #2071 ) ;
#4057 = ORIENTED_EDGE ( 'NONE', *, *, #1075, .T. ) ;
#4058 = EDGE_CURVE ( 'NONE', #1613, #793, #1729, .T. ) ;
#4059 = EDGE_CURVE ( 'NONE', #793, #1674, #849, .T. ) ;
#4060 = CIRCLE ( 'NONE', #4238, 6.000000000000005329 ) ;
#4061 = PLANE ( 'NONE',  #1572 ) ;
#4062 = CARTESIAN_POINT ( 'NONE',  ( 68.24999999999998579, 0.000000000000000000, -0.000000000000000000 ) ) ;
#4063 = PLANE ( 'NONE',  #1901 ) ;
#4064 = ORIENTED_EDGE ( 'NONE', *, *, #4972, .T. ) ;
#4065 = VERTEX_POINT ( 'NONE', #5268 ) ;
#4066 = EDGE_CURVE ( 'NONE', #627, #1536, #2875, .T. ) ;
#4067 = ORIENTED_EDGE ( 'NONE', *, *, #664, .F. ) ;
#4068 = CARTESIAN_POINT ( 'NONE',  ( 0.000000000000000000, 0.000000000000000000, 7.000000000000000000 ) ) ;
#4069 = LINE ( 'NONE', #3751, #862 ) ;
#4070 = ORIENTED_EDGE ( 'NONE', *, *, #747, .F. ) ;
#4071 = ADVANCED_FACE ( 'NONE', ( #2474 ), #97, .T. ) ;
#4072 = ORIENTED_EDGE ( 'NONE', *, *, #1194, .F. ) ;
#4073 = CARTESIAN_POINT ( 'NONE',  ( -8.000000000000017764, 2.689339828220179029, 0.3106601717798218032 ) ) ;
#4074 = CARTESIAN_POINT ( 'NONE',  ( 58.99999999999998579, 32.00000000000000000, 7.000000000000000000 ) ) ;
#4075 = LINE ( 'NONE', #5274, #4496 ) ;
#4076 = ORIENTED_EDGE ( 'NONE', *, *, #2732, .T. ) ;
#4077 = DIRECTION ( 'NONE',  ( 0.8660254037844361541, 0.5000000000000043299, -0.000000000000000000 ) ) ;
#4078 = DIRECTION ( 'NONE',  ( 0.000000000000000000, 1.000000000000000000, 2.478176394252579662E-16 ) ) ;
#4079 = CARTESIAN_POINT ( 'NONE',  ( -1.527864045000374427, 5.000000000000055955, 40.65634918610405180 ) ) ;
#4080 = DIRECTION ( 'NONE',  ( 0.000000000000000000, -1.000000000000000000, 0.000000000000000000 ) ) ;
#4081 = DIRECTION ( 'NONE',  ( 1.000000000000000000, 2.312964634635743450E-16, -0.000000000000000000 ) ) ;
#4082 = EDGE_LOOP ( 'NONE', ( #4523, #1701, #3929, #2054 ) ) ;
#4083 = DIRECTION ( 'NONE',  ( -0.000000000000000000, -0.000000000000000000, -1.000000000000000000 ) ) ;
#4084 = CARTESIAN_POINT ( 'NONE',  ( -1.658829323902821981E-15, 9.000000000000000000, 0.000000000000000000 ) ) ;
#4085 = LINE ( 'NONE', #35, #4849 ) ;
#4086 = CARTESIAN_POINT ( 'NONE',  ( 63.49999999999997158, 92.49999999999998579, 25.10000000000000142 ) ) ;
#4087 = COLOUR_RGB ( '',0.7921568627450980005, 0.8196078431372548767, 0.9333333333333333481 ) ;
#4088 = EDGE_CURVE ( 'NONE', #529, #4537, #2552, .T. ) ;
#4089 = EDGE_CURVE ( 'NONE', #39, #2949, #71, .T. ) ;
#4090 = VERTEX_POINT ( 'NONE', #2051 ) ;
#4091 = EDGE_LOOP ( 'NONE', ( #4653, #2323, #5138, #1162 ) ) ;
#4092 = DIRECTION ( 'NONE',  ( 1.000000000000000000, 0.000000000000000000, 0.000000000000000000 ) ) ;
#4093 = EDGE_CURVE ( 'NONE', #5218, #3570, #3736, .T. ) ;
#4094 = AXIS2_PLACEMENT_3D ( 'NONE', #415, #2998, #2177 ) ;
#4095 = VERTEX_POINT ( 'NONE', #986 ) ;
#4096 = ORIENTED_EDGE ( 'NONE', *, *, #4000, .T. ) ;
#4097 = PLANE ( 'NONE',  #4475 ) ;
#4098 = DIRECTION ( 'NONE',  ( -1.982541115402065356E-16, 1.000000000000000000, 1.239088197126290817E-16 ) ) ;
#4099 = VECTOR ( 'NONE', #2581, 1000.000000000000000 ) ;
#4100 = AXIS2_PLACEMENT_3D ( 'NONE', #578, #5078, #4622 ) ;
#4101 = VECTOR ( 'NONE', #4334, 1000.000000000000114 ) ;
#4102 = DIRECTION ( 'NONE',  ( 0.000000000000000000, 0.000000000000000000, -1.000000000000000000 ) ) ;
#4103 = EDGE_CURVE ( 'NONE', #3275, #1261, #3867, .T. ) ;
#4104 = VECTOR ( 'NONE', #112, 1000.000000000000000 ) ;
#4105 = ORIENTED_EDGE ( 'NONE', *, *, #768, .F. ) ;
#4106 = LINE ( 'NONE', #3232, #1754 ) ;
#4107 = CYLINDRICAL_SURFACE ( 'NONE', #316, 2.299999999999996270 ) ;
#4108 = FACE_OUTER_BOUND ( 'NONE', #3961, .T. ) ;
#4109 = CARTESIAN_POINT ( 'NONE',  ( 58.99999999999998579, 18.24999999999998934, 8.249999999999996447 ) ) ;
#4110 = FACE_OUTER_BOUND ( 'NONE', #3323, .T. ) ;
#4111 = ORIENTED_EDGE ( 'NONE', *, *, #3923, .F. ) ;
#4112 = DIRECTION ( 'NONE',  ( 0.000000000000000000, 1.000000000000000000, 0.000000000000000000 ) ) ;
#4113 = FACE_OUTER_BOUND ( 'NONE', #2844, .T. ) ;
#4114 = CARTESIAN_POINT ( 'NONE',  ( -0.2250000000000209610, -6.440415587219199267, 0.000000000000000000 ) ) ;
#4115 = CARTESIAN_POINT ( 'NONE',  ( 58.99999999999997158, 84.99999999999998579, 5.000000000000000000 ) ) ;
#4116 = ORIENTED_EDGE ( 'NONE', *, *, #3099, .F. ) ;
#4117 = ORIENTED_EDGE ( 'NONE', *, *, #4328, .T. ) ;
#4118 = PRODUCT_RELATED_PRODUCT_CATEGORY ( 'part', '', ( #1262 ) ) ;
#4119 = DIRECTION ( 'NONE',  ( -0.000000000000000000, 0.000000000000000000, 1.000000000000000000 ) ) ;
#4120 = VECTOR ( 'NONE', #5117, 1000.000000000000000 ) ;
#4121 = ORIENTED_EDGE ( 'NONE', *, *, #4358, .T. ) ;
#4122 = EDGE_LOOP ( 'NONE', ( #605, #186, #3557, #3093 ) ) ;
#4123 = LINE ( 'NONE', #2055, #3020 ) ;
#4124 = EDGE_CURVE ( 'NONE', #1838, #2696, #3090, .T. ) ;
#4125 = EDGE_CURVE ( 'NONE', #3121, #4982, #583, .T. ) ;
#4126 = CARTESIAN_POINT ( 'NONE',  ( 57.99999999999999289, -8.000000000000000000, 0.7500000000000006661 ) ) ;
#4127 = VECTOR ( 'NONE', #3979, 1000.000000000000000 ) ;
#4128 = EDGE_LOOP ( 'NONE', ( #1120, #421, #4924, #224 ) ) ;
#4129 = CIRCLE ( 'NONE', #5068, 0.7500000000000006661 ) ;
#4130 = DIRECTION ( 'NONE',  ( 0.000000000000000000, 0.000000000000000000, -1.000000000000000000 ) ) ;
#4131 = EDGE_CURVE ( 'NONE', #951, #627, #3780, .T. ) ;
#4132 = LINE ( 'NONE', #1629, #4639 ) ;
#4133 = CARTESIAN_POINT ( 'NONE',  ( 61.00521059585909001, 8.749999999999982236, -15.55634918610404327 ) ) ;
#4134 = CARTESIAN_POINT ( 'NONE',  ( 68.99999999999998579, 2.250000000000000444, 0.7500000000000006661 ) ) ;
#4135 = AXIS2_PLACEMENT_3D ( 'NONE', #4662, #1021, #103 ) ;
#4136 = FACE_OUTER_BOUND ( 'NONE', #1874, .T. ) ;
#4137 = EDGE_LOOP ( 'NONE', ( #4234, #2548, #4266, #4096 ) ) ;
#4138 = EDGE_CURVE ( 'NONE', #1857, #113, #5107, .T. ) ;
#4139 = FACE_OUTER_BOUND ( 'NONE', #4689, .T. ) ;
#4140 = LINE ( 'NONE', #4062, #615 ) ;
#4141 = DIRECTION ( 'NONE',  ( 1.734723475976807094E-15, 1.000000000000000000, 0.000000000000000000 ) ) ;
#4142 = VECTOR ( 'NONE', #799, 1000.000000000000000 ) ;
#4143 = CARTESIAN_POINT ( 'NONE',  ( 65.77499999999999147, -6.440415587219212590, 6.000000000000000000 ) ) ;
#4144 = CIRCLE ( 'NONE', #1595, 0.7500000000000006661 ) ;
#4145 = ORIENTED_EDGE ( 'NONE', *, *, #3948, .T. ) ;
#4146 = EDGE_LOOP ( 'NONE', ( #1868, #3095, #4762, #4785 ) ) ;
#4147 = DIRECTION ( 'NONE',  ( 0.000000000000000000, 1.000000000000000000, 0.000000000000000000 ) ) ;
#4148 = FACE_OUTER_BOUND ( 'NONE', #3376, .T. ) ;
#4149 = EDGE_LOOP ( 'NONE', ( #2299, #2060, #741, #727, #3041, #2553 ) ) ;
#4150 = VERTEX_POINT ( 'NONE', #5084 ) ;
#4151 = DIRECTION ( 'NONE',  ( 0.000000000000000000, 0.000000000000000000, 1.000000000000000000 ) ) ;
#4152 = CIRCLE ( 'NONE', #1871, 6.000000000000000000 ) ;
#4153 = CARTESIAN_POINT ( 'NONE',  ( 0.000000000000000000, 0.000000000000000000, 7.000000000000000000 ) ) ;
#4154 = EDGE_CURVE ( 'NONE', #3704, #2030, #1068, .T. ) ;
#4155 = EDGE_CURVE ( 'NONE', #909, #1791, #1467, .T. ) ;
#4156 = ORIENTED_EDGE ( 'NONE', *, *, #3059, .F. ) ;
#4157 = CYLINDRICAL_SURFACE ( 'NONE', #996, 0.7499999999999997780 ) ;
#4158 = FACE_OUTER_BOUND ( 'NONE', #1066, .T. ) ;
#4159 = CARTESIAN_POINT ( 'NONE',  ( 18.50000000000000355, 2.000000000000000000, 7.000000000000000000 ) ) ;
#4160 = FACE_OUTER_BOUND ( 'NONE', #1740, .T. ) ;
#4161 = EDGE_CURVE ( 'NONE', #2080, #1318, #4287, .T. ) ;
#4162 = ORIENTED_EDGE ( 'NONE', *, *, #4483, .T. ) ;
#4163 = CARTESIAN_POINT ( 'NONE',  ( 58.99999999999999289, 33.50000000000000000, 7.000000000000000000 ) ) ;
#4164 = ORIENTED_EDGE ( 'NONE', *, *, #1567, .T. ) ;
#4165 = FACE_OUTER_BOUND ( 'NONE', #1256, .T. ) ;
#4166 = CARTESIAN_POINT ( 'NONE',  ( 68.24999999999998579, -7.250000000000000000, 25.10000000000000142 ) ) ;
#4167 = FACE_OUTER_BOUND ( 'NONE', #2380, .T. ) ;
#4168 = DIRECTION ( 'NONE',  ( -1.000000000000000000, 0.000000000000000000, 0.000000000000000000 ) ) ;
#4169 = EDGE_CURVE ( 'NONE', #1921, #4793, #3893, .T. ) ;
#4170 = ORIENTED_EDGE ( 'NONE', *, *, #1368, .F. ) ;
#4171 = ORIENTED_EDGE ( 'NONE', *, *, #480, .F. ) ;
#4172 = CARTESIAN_POINT ( 'NONE',  ( -8.000000000000000000, 87.75000000000000000, 25.10000000000000142 ) ) ;
#4173 = CARTESIAN_POINT ( 'NONE',  ( 18.50000000000000355, 2.000000000000000000, 2.000000000000000000 ) ) ;
#4174 = DIRECTION ( 'NONE',  ( 1.000000000000000000, 2.312964634635743450E-16, -0.000000000000000000 ) ) ;
#4175 = VECTOR ( 'NONE', #2028, 1000.000000000000000 ) ;
#4176 = VERTEX_POINT ( 'NONE', #1783 ) ;
#4177 = ORIENTED_EDGE ( 'NONE', *, *, #4965, .T. ) ;
#4178 = CARTESIAN_POINT ( 'NONE',  ( -8.000000000000015987, 3.000000000000000000, 25.10000000000000142 ) ) ;
#4179 = DIRECTION ( 'NONE',  ( 1.000000000000000000, 0.000000000000000000, 0.000000000000000000 ) ) ;
#4180 = PLANE ( 'NONE',  #4188 ) ;
#4181 = ORIENTED_EDGE ( 'NONE', *, *, #2671, .T. ) ;
#4182 = CIRCLE ( 'NONE', #3592, 0.7500000000000006661 ) ;
#4183 = PLANE ( 'NONE',  #1658 ) ;
#4184 = DIRECTION ( 'NONE',  ( -0.000000000000000000, 1.000000000000000000, -0.000000000000000000 ) ) ;
#4185 = VECTOR ( 'NONE', #2784, 1000.000000000000000 ) ;
#4186 = CIRCLE ( 'NONE', #1902, 2.299999999999998046 ) ;
#4187 = LINE ( 'NONE', #4534, #4909 ) ;
#4188 = AXIS2_PLACEMENT_3D ( 'NONE', #243, #2222, #1451 ) ;
#4189 = AXIS2_PLACEMENT_3D ( 'NONE', #940, #1429, #596 ) ;
#4190 = ORIENTED_EDGE ( 'NONE', *, *, #1345, .F. ) ;
#4191 = DIRECTION ( 'NONE',  ( 1.000000000000000000, 0.000000000000000000, 0.000000000000000000 ) ) ;
#4192 = ORIENTED_EDGE ( 'NONE', *, *, #4059, .T. ) ;
#4193 = CARTESIAN_POINT ( 'NONE',  ( 63.50000000000000000, -2.500000000000001332, 6.000000000000000000 ) ) ;
#4194 = LINE ( 'NONE', #3454, #98 ) ;
#4195 = EDGE_CURVE ( 'NONE', #1805, #444, #5240, .T. ) ;
#4196 = EDGE_CURVE ( 'NONE', #517, #1764, #526, .T. ) ;
#4197 = LINE ( 'NONE', #147, #3002 ) ;
#4198 = DIRECTION ( 'NONE',  ( -1.000000000000000000, 0.000000000000000000, 0.000000000000000000 ) ) ;
#4199 = VERTEX_POINT ( 'NONE', #1870 ) ;
#4200 = ORIENTED_EDGE ( 'NONE', *, *, #4788, .T. ) ;
#4201 = CARTESIAN_POINT ( 'NONE',  ( -6.000000000000000888, 3.000000000000000000, 25.10000000000000142 ) ) ;
#4202 = EDGE_CURVE ( 'NONE', #1517, #4793, #3689, .T. ) ;
#4203 = DIRECTION ( 'NONE',  ( -0.000000000000000000, 1.000000000000000000, -0.000000000000000000 ) ) ;
#4204 = CARTESIAN_POINT ( 'NONE',  ( 9.000000000000000000, 96.00000000000000000, 8.499999999999996447 ) ) ;
#4205 = VERTEX_POINT ( 'NONE', #556 ) ;
#4206 = VERTEX_POINT ( 'NONE', #3437 ) ;
#4207 = LINE ( 'NONE', #1364, #1151 ) ;
#4208 = CARTESIAN_POINT ( 'NONE',  ( -6.000000000000015987, 87.00000000000000000, -15.55634918610404327 ) ) ;
#4209 = DIRECTION ( 'NONE',  ( 1.000000000000000000, 0.000000000000000000, 0.000000000000000000 ) ) ;
#4210 = LINE ( 'NONE', #3069, #4280 ) ;
#4211 = ORIENTED_EDGE ( 'NONE', *, *, #783, .T. ) ;
#4212 = FACE_OUTER_BOUND ( 'NONE', #5237, .T. ) ;
#4213 = VECTOR ( 'NONE', #600, 1000.000000000000000 ) ;
#4214 = CARTESIAN_POINT ( 'NONE',  ( 58.99999999999998579, 45.00000000000000000, 25.10000000000000142 ) ) ;
#4215 = CARTESIAN_POINT ( 'NONE',  ( 1.999999999999999556, 63.50000000000000000, 7.000000000000000000 ) ) ;
#4216 = VECTOR ( 'NONE', #3480, 1000.000000000000000 ) ;
#4217 = VERTEX_POINT ( 'NONE', #3062 ) ;
#4218 = DIRECTION ( 'NONE',  ( 1.000000000000000000, -2.641432261515861307E-15, 0.000000000000000000 ) ) ;
#4219 = ORIENTED_EDGE ( 'NONE', *, *, #4066, .F. ) ;
#4220 = LINE ( 'NONE', #575, #1154 ) ;
#4221 = DIRECTION ( 'NONE',  ( -0.000000000000000000, -0.000000000000000000, -1.000000000000000000 ) ) ;
#4222 = VECTOR ( 'NONE', #2281, 1000.000000000000000 ) ;
#4223 = LINE ( 'NONE', #577, #530 ) ;
#4224 = CARTESIAN_POINT ( 'NONE',  ( 58.24611255037434887, 92.49999999999997158, 0.000000000000000000 ) ) ;
#4225 = ADVANCED_FACE ( 'NONE', ( #1810 ), #2215, .F. ) ;
#4226 = EDGE_CURVE ( 'NONE', #2364, #1389, #737, .T. ) ;
#4227 = ORIENTED_EDGE ( 'NONE', *, *, #4867, .F. ) ;
#4228 = ORIENTED_EDGE ( 'NONE', *, *, #2672, .F. ) ;
#4229 = VECTOR ( 'NONE', #4047, 1000.000000000000000 ) ;
#4230 = FACE_OUTER_BOUND ( 'NONE', #3190, .T. ) ;
#4231 = LINE ( 'NONE', #4599, #3427 ) ;
#4232 = DIRECTION ( 'NONE',  ( -1.000000000000000000, 0.000000000000000000, 0.000000000000000000 ) ) ;
#4233 = EDGE_CURVE ( 'NONE', #2520, #671, #1386, .T. ) ;
#4234 = ORIENTED_EDGE ( 'NONE', *, *, #3320, .F. ) ;
#4235 = ORIENTED_EDGE ( 'NONE', *, *, #935, .F. ) ;
#4236 = LINE ( 'NONE', #1020, #4379 ) ;
#4237 = DIRECTION ( 'NONE',  ( -0.000000000000000000, 0.000000000000000000, 1.000000000000000000 ) ) ;
#4238 = AXIS2_PLACEMENT_3D ( 'NONE', #3737, #3339, #2991 ) ;
#4239 = LINE ( 'NONE', #966, #3092 ) ;
#4240 = EDGE_CURVE ( 'NONE', #4380, #5213, #5055, .T. ) ;
#4241 = ORIENTED_EDGE ( 'NONE', *, *, #907, .T. ) ;
#4242 = CARTESIAN_POINT ( 'NONE',  ( -7.250000000000000000, 87.75000000000000000, 25.10000000000000142 ) ) ;
#4243 = LINE ( 'NONE', #969, #5248 ) ;
#4244 = VECTOR ( 'NONE', #1230, 1000.000000000000000 ) ;
#4245 = DIRECTION ( 'NONE',  ( -1.541976423090495633E-16, 1.000000000000000000, -1.192622389734055124E-16 ) ) ;
#4246 = ORIENTED_EDGE ( 'NONE', *, *, #260, .F. ) ;
#4247 = LINE ( 'NONE', #2174, #3118 ) ;
#4248 = ORIENTED_EDGE ( 'NONE', *, *, #2082, .T. ) ;
#4249 = CARTESIAN_POINT ( 'NONE',  ( 58.99999999999998579, 63.50000000000000000, 7.000000000000000000 ) ) ;
#4250 = CARTESIAN_POINT ( 'NONE',  ( 3.000000000000001332, 87.99999999999998579, -15.55634918610404327 ) ) ;
#4251 = LINE ( 'NONE', #1036, #445 ) ;
#4252 = ORIENTED_EDGE ( 'NONE', *, *, #3026, .F. ) ;
#4253 = EDGE_LOOP ( 'NONE', ( #3205, #4869, #128, #4014, #1440, #3819 ) ) ;
#4254 = CARTESIAN_POINT ( 'NONE',  ( 0.000000000000000000, 0.000000000000000000, 30.10000000000000142 ) ) ;
#4255 = EDGE_CURVE ( 'NONE', #4478, #4755, #4679, .T. ) ;
#4256 = DIRECTION ( 'NONE',  ( 0.000000000000000000, 0.000000000000000000, -1.000000000000000000 ) ) ;
#4257 = EDGE_CURVE ( 'NONE', #764, #3684, #834, .T. ) ;
#4258 = VERTEX_POINT ( 'NONE', #336 ) ;
#4259 = ORIENTED_EDGE ( 'NONE', *, *, #1173, .F. ) ;
#4260 = LINE ( 'NONE', #2250, #470 ) ;
#4261 = CARTESIAN_POINT ( 'NONE',  ( 1.999999999999990008, 65.00000000000000000, 7.000000000000000000 ) ) ;
#4262 = ADVANCED_FACE ( 'NONE', ( #4010 ), #2691, .T. ) ;
#4263 = ADVANCED_FACE ( 'NONE', ( #2740 ), #3987, .F. ) ;
#4264 = VECTOR ( 'NONE', #2846, 1000.000000000000000 ) ;
#4265 = FACE_OUTER_BOUND ( 'NONE', #1148, .T. ) ;
#4266 = ORIENTED_EDGE ( 'NONE', *, *, #4582, .T. ) ;
#4267 = LINE ( 'NONE', #5036, #4634 ) ;
#4268 = AXIS2_PLACEMENT_3D ( 'NONE', #2395, #3223, #651 ) ;
#4269 = DIRECTION ( 'NONE',  ( 1.000000000000000000, 0.000000000000000000, 0.000000000000000000 ) ) ;
#4270 = EDGE_CURVE ( 'NONE', #1424, #39, #287, .T. ) ;
#4271 = LINE ( 'NONE', #219, #1972 ) ;
#4272 = LINE ( 'NONE', #3106, #1445 ) ;
#4273 = AXIS2_PLACEMENT_3D ( 'NONE', #547, #1775, #3055 ) ;
#4274 = VERTEX_POINT ( 'NONE', #4804 ) ;
#4275 = AXIS2_PLACEMENT_3D ( 'NONE', #3142, #3567, #1491 ) ;
#4276 = CARTESIAN_POINT ( 'NONE',  ( 1.999999999999987121, 84.99999999999997158, 5.000000000000000000 ) ) ;
#4277 = VERTEX_POINT ( 'NONE', #5210 ) ;
#4278 = DIRECTION ( 'NONE',  ( -0.000000000000000000, -0.000000000000000000, -1.000000000000000000 ) ) ;
#4279 = CARTESIAN_POINT ( 'NONE',  ( 68.99999999999997158, 97.24999999999997158, 0.7500000000000000000 ) ) ;
#4280 = VECTOR ( 'NONE', #2279, 1000.000000000000000 ) ;
#4281 = CARTESIAN_POINT ( 'NONE',  ( 2.049999999999997158, 92.50000000000001421, 6.000000000000000000 ) ) ;
#4282 = LINE ( 'NONE', #3030, #1388 ) ;
#4283 = AXIS2_PLACEMENT_3D ( 'NONE', #1290, #2887, #2091 ) ;
#4284 = VECTOR ( 'NONE', #353, 1000.000000000000000 ) ;
#4285 = VERTEX_POINT ( 'NONE', #740 ) ;
#4286 = ORIENTED_EDGE ( 'NONE', *, *, #1024, .F. ) ;
#4287 = LINE ( 'NONE', #955, #305 ) ;
#4288 = VERTEX_POINT ( 'NONE', #3918 ) ;
#4289 = EDGE_LOOP ( 'NONE', ( #4038, #1519, #4246, #3330 ) ) ;
#4290 = VERTEX_POINT ( 'NONE', #1537 ) ;
#4291 = CARTESIAN_POINT ( 'NONE',  ( 3.000000000000000000, 97.99999999999998579, -15.55634918610404327 ) ) ;
#4292 = DIRECTION ( 'NONE',  ( 0.000000000000000000, 1.000000000000000000, 2.891205793294678326E-16 ) ) ;
#4293 = DIRECTION ( 'NONE',  ( -0.000000000000000000, -0.000000000000000000, 1.000000000000000000 ) ) ;
#4294 = ORIENTED_EDGE ( 'NONE', *, *, #4482, .F. ) ;
#4295 = ADVANCED_FACE ( 'NONE', ( #1894, #1943, #4384, #1562 ), #4830, .T. ) ;
#4296 = EDGE_CURVE ( 'NONE', #1684, #2449, #3216, .T. ) ;
#4297 = CARTESIAN_POINT ( 'NONE',  ( 63.49999999999997158, 92.49999999999998579, 0.000000000000000000 ) ) ;
#4298 = CARTESIAN_POINT ( 'NONE',  ( -7.250000000000000000, 97.24999999999998579, 0.000000000000000000 ) ) ;
#4299 = FACE_BOUND ( 'NONE', #899, .T. ) ;
#4300 = VECTOR ( 'NONE', #241, 1000.000000000000000 ) ;
#4301 = VERTEX_POINT ( 'NONE', #5160 ) ;
#4302 = EDGE_CURVE ( 'NONE', #5197, #2521, #263, .T. ) ;
#4303 = CARTESIAN_POINT ( 'NONE',  ( 2.999999991999983795, -6.000000000000000888, 26.76666666666666927 ) ) ;
#4304 = VERTEX_POINT ( 'NONE', #5235 ) ;
#4305 = CARTESIAN_POINT ( 'NONE',  ( 63.49999999999997158, 92.49999999999998579, 6.000000000000000000 ) ) ;
#4306 = DIRECTION ( 'NONE',  ( 1.000000000000000000, 0.000000000000000000, 0.000000000000000000 ) ) ;
#4307 = DIRECTION ( 'NONE',  ( -0.000000000000000000, -0.000000000000000000, -1.000000000000000000 ) ) ;
#4308 = AXIS2_PLACEMENT_3D ( 'NONE', #4910, #4510, #1743 ) ;
#4309 = DIRECTION ( 'NONE',  ( 1.000000000000000000, -1.521687259628778569E-17, 0.000000000000000000 ) ) ;
#4310 = ORIENTED_EDGE ( 'NONE', *, *, #1345, .T. ) ;
#4311 = CIRCLE ( 'NONE', #3372, 0.7500000000000000000 ) ;
#4312 = ORIENTED_EDGE ( 'NONE', *, *, #425, .F. ) ;
#4313 = LINE ( 'NONE', #668, #5129 ) ;
#4314 = VECTOR ( 'NONE', #1753, 1000.000000000000000 ) ;
#4315 = PLANE ( 'NONE',  #4360 ) ;
#4316 = EDGE_LOOP ( 'NONE', ( #1313, #4893, #4006, #5023 ) ) ;
#4317 = ORIENTED_EDGE ( 'NONE', *, *, #4037, .F. ) ;
#4318 = AXIS2_PLACEMENT_3D ( 'NONE', #5221, #1102, #4023 ) ;
#4319 = ORIENTED_EDGE ( 'NONE', *, *, #1508, .T. ) ;
#4320 = DIRECTION ( 'NONE',  ( -0.000000000000000000, -0.000000000000000000, 1.000000000000000000 ) ) ;
#4321 = CIRCLE ( 'NONE', #2025, 6.000000000000000000 ) ;
#4322 = ORIENTED_EDGE ( 'NONE', *, *, #5135, .T. ) ;
#4323 = CARTESIAN_POINT ( 'NONE',  ( -1.249000902703301266E-14, 80.99999999999998579, 5.000000000000000888 ) ) ;
#4324 = CARTESIAN_POINT ( 'NONE',  ( 56.99999999999997868, 33.50000000000000000, 7.000000000000000000 ) ) ;
#4325 = DIRECTION ( 'NONE',  ( -0.000000000000000000, -0.000000000000000000, -1.000000000000000000 ) ) ;
#4326 = EDGE_CURVE ( 'NONE', #25, #3192, #1095, .T. ) ;
#4327 = DIRECTION ( 'NONE',  ( -1.000000000000000000, 0.000000000000000000, 0.000000000000000000 ) ) ;
#4328 = EDGE_CURVE ( 'NONE', #5098, #3357, #4409, .T. ) ;
#4329 = VERTEX_POINT ( 'NONE', #762 ) ;
#4330 = CARTESIAN_POINT ( 'NONE',  ( -5.204170427930421283E-15, 33.50000000000000000, 2.000000000000006661 ) ) ;
#4331 = FACE_OUTER_BOUND ( 'NONE', #3540, .T. ) ;
#4332 = CYLINDRICAL_SURFACE ( 'NONE', #3937, 0.7500000000000006661 ) ;
#4333 =( GEOMETRIC_REPRESENTATION_CONTEXT ( 3 ) GLOBAL_UNCERTAINTY_ASSIGNED_CONTEXT ( ( #2161 ) ) GLOBAL_UNIT_ASSIGNED_CONTEXT ( ( #3307, #3786, #3389 ) ) REPRESENTATION_CONTEXT ( 'NONE', 'WORKASPACE' ) );
#4334 = DIRECTION ( 'NONE',  ( -0.4999999999999953926, -0.8660254037844412611, 0.000000000000000000 ) ) ;
#4335 = LINE ( 'NONE', #1533, #528 ) ;
#4336 = EDGE_CURVE ( 'NONE', #3894, #3241, #2389, .T. ) ;
#4337 = ORIENTED_EDGE ( 'NONE', *, *, #4195, .T. ) ;
#4338 = ORIENTED_EDGE ( 'NONE', *, *, #2819, .T. ) ;
#4339 = PLANE ( 'NONE',  #2326 ) ;
#4340 = ADVANCED_FACE ( 'NONE', ( #1587 ), #4315, .F. ) ;
#4341 = ORIENTED_EDGE ( 'NONE', *, *, #4226, .T. ) ;
#4342 = ORIENTED_EDGE ( 'NONE', *, *, #2929, .F. ) ;
#4343 = VERTEX_POINT ( 'NONE', #1141 ) ;
#4344 = CARTESIAN_POINT ( 'NONE',  ( 0.000000000000000000, 0.000000000000000000, 30.10000000000000142 ) ) ;
#4345 = ORIENTED_EDGE ( 'NONE', *, *, #3809, .F. ) ;
#4346 = CARTESIAN_POINT ( 'NONE',  ( 4.000000000000000000, 32.00000000000000000, 7.000000000000000000 ) ) ;
#4347 = CARTESIAN_POINT ( 'NONE',  ( -4.775000000000013678, 1.440415587219199045, 6.000000000000000000 ) ) ;
#4348 = CARTESIAN_POINT ( 'NONE',  ( 60.87305627518713180, 97.04999999999998295, 6.000000000000000000 ) ) ;
#4349 = CARTESIAN_POINT ( 'NONE',  ( 63.49999999999997158, 92.49999999999998579, 6.000000000000000000 ) ) ;
#4350 = ORIENTED_EDGE ( 'NONE', *, *, #2795, .T. ) ;
#4351 = DIRECTION ( 'NONE',  ( 1.143773720424268097E-15, 1.000000000000000000, -0.000000000000000000 ) ) ;
#4352 = CARTESIAN_POINT ( 'NONE',  ( 16.99999999999999289, 2.000000000000000000, 7.000000000000000000 ) ) ;
#4353 = LINE ( 'NONE', #707, #1387 ) ;
#4354 = FACE_OUTER_BOUND ( 'NONE', #3120, .T. ) ;
#4355 = CARTESIAN_POINT ( 'NONE',  ( -0.2250000000000281219, 96.44041558721920637, 0.000000000000000000 ) ) ;
#4356 = ORIENTED_EDGE ( 'NONE', *, *, #2526, .F. ) ;
#4357 = EDGE_CURVE ( 'NONE', #4887, #177, #13, .T. ) ;
#4358 = EDGE_CURVE ( 'NONE', #3754, #2838, #3117, .T. ) ;
#4359 = ORIENTED_EDGE ( 'NONE', *, *, #1996, .T. ) ;
#4360 = AXIS2_PLACEMENT_3D ( 'NONE', #5136, #691, #669 ) ;
#4361 = VECTOR ( 'NONE', #3563, 1000.000000000000114 ) ;
#4362 = DIRECTION ( 'NONE',  ( -1.000000000000000000, 0.000000000000000000, -0.000000000000000000 ) ) ;
#4363 = VECTOR ( 'NONE', #1319, 1000.000000000000114 ) ;
#4364 = ORIENTED_EDGE ( 'NONE', *, *, #3036, .F. ) ;
#4365 = ORIENTED_EDGE ( 'NONE', *, *, #978, .F. ) ;
#4366 = ADVANCED_FACE ( 'NONE', ( #2717 ), #4339, .F. ) ;
#4367 = ORIENTED_EDGE ( 'NONE', *, *, #1048, .F. ) ;
#4368 = LINE ( 'NONE', #3572, #523 ) ;
#4369 = ORIENTED_EDGE ( 'NONE', *, *, #3782, .T. ) ;
#4370 = CARTESIAN_POINT ( 'NONE',  ( 58.99999999999998579, 32.00000000000000000, 7.000000000000000000 ) ) ;
#4371 = CARTESIAN_POINT ( 'NONE',  ( -6.000000000000014211, 87.00000000000000000, 25.10000000000000142 ) ) ;
#4372 = LINE ( 'NONE', #1547, #5178 ) ;
#4373 = ORIENTED_EDGE ( 'NONE', *, *, #2341, .T. ) ;
#4374 = DIRECTION ( 'NONE',  ( 0.4999999999999990008, -0.8660254037844391517, 0.000000000000000000 ) ) ;
#4375 = DIRECTION ( 'NONE',  ( -1.000000000000000000, 0.000000000000000000, 0.000000000000000000 ) ) ;
#4376 = CARTESIAN_POINT ( 'NONE',  ( 0.000000000000000000, 0.000000000000000000, 0.000000000000000000 ) ) ;
#4377 = LINE ( 'NONE', #1511, #874 ) ;
#4378 = CARTESIAN_POINT ( 'NONE',  ( 22.50000000000000000, 2.000000000000000000, 4.500000000000000000 ) ) ;
#4379 = VECTOR ( 'NONE', #588, 1000.000000000000000 ) ;
#4380 = VERTEX_POINT ( 'NONE', #498 ) ;
#4381 = DIRECTION ( 'NONE',  ( -0.8660254037844420383, 0.4999999999999942268, 0.000000000000000000 ) ) ;
#4382 = EDGE_LOOP ( 'NONE', ( #226, #3520, #4040, #1129 ) ) ;
#4383 = VECTOR ( 'NONE', #4882, 1000.000000000000000 ) ;
#4384 = FACE_OUTER_BOUND ( 'NONE', #974, .T. ) ;
#4385 = EDGE_CURVE ( 'NONE', #3507, #3146, #1211, .T. ) ;
#4386 = EDGE_CURVE ( 'NONE', #4095, #1857, #844, .T. ) ;
#4387 = ORIENTED_EDGE ( 'NONE', *, *, #4030, .F. ) ;
#4388 = ORIENTED_EDGE ( 'NONE', *, *, #319, .F. ) ;
#4389 = ORIENTED_EDGE ( 'NONE', *, *, #3703, .T. ) ;
#4390 = CARTESIAN_POINT ( 'NONE',  ( -0.2249999999999731104, 88.55958441278082205, 6.000000000000000000 ) ) ;
#4391 = AXIS2_PLACEMENT_3D ( 'NONE', #102, #2618, #961 ) ;
#4392 = ADVANCED_FACE ( 'NONE', ( #4513 ), #3746, .F. ) ;
#4393 = ORIENTED_EDGE ( 'NONE', *, *, #2830, .T. ) ;
#4394 = ORIENTED_EDGE ( 'NONE', *, *, #585, .T. ) ;
#4395 = PLANE ( 'NONE',  #2860 ) ;
#4396 = CARTESIAN_POINT ( 'NONE',  ( 22.50000000000000000, 2.000000000000000000, 12.00000000000000000 ) ) ;
#4397 = AXIS2_PLACEMENT_3D ( 'NONE', #1344, #4692, #4269 ) ;
#4398 = CARTESIAN_POINT ( 'NONE',  ( 3.000000000000001332, 87.99999999999998579, 25.10000000000000142 ) ) ;
#4399 = EDGE_CURVE ( 'NONE', #4735, #4838, #471, .T. ) ;
#4400 = EDGE_LOOP ( 'NONE', ( #1748, #748, #4807, #4373, #2002, #4832 ) ) ;
#4401 = LINE ( 'NONE', #755, #2517 ) ;
#4402 = CARTESIAN_POINT ( 'NONE',  ( 60.99999999999999289, 0.000000000000000000, 25.10000000000000497 ) ) ;
#4403 = CARTESIAN_POINT ( 'NONE',  ( 0.000000000000000000, 97.24999999999998579, 0.000000000000000000 ) ) ;
#4404 = CARTESIAN_POINT ( 'NONE',  ( 66.99999999999998579, 80.99999999999998579, 25.10000000000000497 ) ) ;
#4405 = VECTOR ( 'NONE', #1504, 1000.000000000000000 ) ;
#4406 = ORIENTED_EDGE ( 'NONE', *, *, #2138, .F. ) ;
#4407 = FACE_OUTER_BOUND ( 'NONE', #239, .T. ) ;
#4408 = ORIENTED_EDGE ( 'NONE', *, *, #776, .T. ) ;
#4409 = LINE ( 'NONE', #715, #3174 ) ;
#4410 = ORIENTED_EDGE ( 'NONE', *, *, #2475, .T. ) ;
#4411 = ORIENTED_EDGE ( 'NONE', *, *, #2760, .T. ) ;
#4412 = ORIENTED_EDGE ( 'NONE', *, *, #3917, .T. ) ;
#4413 = ADVANCED_FACE ( 'NONE', ( #4935 ), #1275, .T. ) ;
#4414 = EDGE_CURVE ( 'NONE', #4887, #1522, #895, .T. ) ;
#4415 = CYLINDRICAL_SURFACE ( 'NONE', #90, 0.7500000000000000000 ) ;
#4416 = AXIS2_PLACEMENT_3D ( 'NONE', #3381, #4657, #4232 ) ;
#4417 = ORIENTED_EDGE ( 'NONE', *, *, #2527, .F. ) ;
#4418 = ORIENTED_EDGE ( 'NONE', *, *, #3250, .T. ) ;
#4419 = PLANE ( 'NONE',  #2614 ) ;
#4420 = ADVANCED_FACE ( 'NONE', ( #2124 ), #867, .F. ) ;
#4421 = ADVANCED_FACE ( 'NONE', ( #442 ), #4063, .F. ) ;
#4422 = DIRECTION ( 'NONE',  ( 1.521687259628778569E-17, 1.000000000000000000, -0.000000000000000000 ) ) ;
#4423 = PLANE ( 'NONE',  #1602 ) ;
#4424 = ORIENTED_EDGE ( 'NONE', *, *, #1755, .T. ) ;
#4425 = LINE ( 'NONE', #2804, #2013 ) ;
#4426 = EDGE_CURVE ( 'NONE', #1921, #2569, #4780, .T. ) ;
#4427 = SPHERICAL_SURFACE ( 'NONE', #557, 0.7500000000000000000 ) ;
#4428 = DIRECTION ( 'NONE',  ( 0.000000000000000000, -0.000000000000000000, 1.000000000000000000 ) ) ;
#4429 = FACE_OUTER_BOUND ( 'NONE', #1153, .T. ) ;
#4430 = AXIS2_PLACEMENT_3D ( 'NONE', #1306, #4119, #2077 ) ;
#4431 = VERTEX_POINT ( 'NONE', #1612 ) ;
#4432 = DIRECTION ( 'NONE',  ( -1.000000000000000000, -0.000000000000000000, -8.896017825522089339E-17 ) ) ;
#4433 = DIRECTION ( 'NONE',  ( 0.000000000000000000, 0.000000000000000000, 1.000000000000000000 ) ) ;
#4434 =( LENGTH_UNIT ( ) NAMED_UNIT ( * ) SI_UNIT ( .MILLI., .METRE. ) );
#4435 = DIRECTION ( 'NONE',  ( -1.000000000000000000, 0.000000000000000000, 0.000000000000000000 ) ) ;
#4436 = VERTEX_POINT ( 'NONE', #1720 ) ;
#4437 = EDGE_LOOP ( 'NONE', ( #1742, #2689, #452, #4742, #3085 ) ) ;
#4438 = ORIENTED_EDGE ( 'NONE', *, *, #1339, .T. ) ;
#4439 = VECTOR ( 'NONE', #710, 1000.000000000000000 ) ;
#4440 = CIRCLE ( 'NONE', #4781, 0.7500000000000000000 ) ;
#4441 = DIRECTION ( 'NONE',  ( -0.000000000000000000, 0.000000000000000000, 1.000000000000000000 ) ) ;
#4442 = LINE ( 'NONE', #2817, #4569 ) ;
#4443 = AXIS2_PLACEMENT_3D ( 'NONE', #2143, #4486, #3767 ) ;
#4444 = VECTOR ( 'NONE', #2539, 1000.000000000000000 ) ;
#4445 = ORIENTED_EDGE ( 'NONE', *, *, #1166, .T. ) ;
#4446 = EDGE_LOOP ( 'NONE', ( #3015, #2295, #290, #2505 ) ) ;
#4447 = FACE_OUTER_BOUND ( 'NONE', #3803, .T. ) ;
#4448 = DIRECTION ( 'NONE',  ( 1.000000000000000000, -0.000000000000000000, 0.000000000000000000 ) ) ;
#4449 = CARTESIAN_POINT ( 'NONE',  ( 1.999999999999999556, 2.000000000000000888, 2.000000000000000000 ) ) ;
#4450 = ADVANCED_FACE ( 'NONE', ( #1298 ), #417, .F. ) ;
#4451 = EDGE_CURVE ( 'NONE', #5213, #1558, #3695, .T. ) ;
#4452 = ORIENTED_EDGE ( 'NONE', *, *, #5142, .T. ) ;
#4453 = FACE_OUTER_BOUND ( 'NONE', #1251, .T. ) ;
#4454 = LINE ( 'NONE', #4901, #2272 ) ;
#4455 = CARTESIAN_POINT ( 'NONE',  ( 18.25000000000000355, 88.00000000000000000, 25.10000000000000142 ) ) ;
#4456 = CARTESIAN_POINT ( 'NONE',  ( 60.99999999999999289, 9.000000000000001776, 2.000000000000000000 ) ) ;
#4457 = EDGE_CURVE ( 'NONE', #3046, #3226, #2921, .T. ) ;
#4458 = CARTESIAN_POINT ( 'NONE',  ( 43.99999999999998579, 4.000000000000000000, 7.000000000000000000 ) ) ;
#4459 = ORIENTED_EDGE ( 'NONE', *, *, #3243, .T. ) ;
#4460 = DIRECTION ( 'NONE',  ( -0.000000000000000000, -0.000000000000000000, -1.000000000000000000 ) ) ;
#4461 = FACE_OUTER_BOUND ( 'NONE', #5187, .T. ) ;
#4462 = CARTESIAN_POINT ( 'NONE',  ( 61.22500000000005826, 1.440415587219211258, 0.000000000000000000 ) ) ;
#4463 = CARTESIAN_POINT ( 'NONE',  ( 2.049999999999982947, -2.500000000000003997, 6.000000000000000000 ) ) ;
#4464 = EDGE_CURVE ( 'NONE', #3473, #3271, #3239, .T. ) ;
#4465 = ORIENTED_EDGE ( 'NONE', *, *, #1104, .F. ) ;
#4466 = ORIENTED_EDGE ( 'NONE', *, *, #3070, .F. ) ;
#4467 = VECTOR ( 'NONE', #84, 1000.000000000000000 ) ;
#4468 = ORIENTED_EDGE ( 'NONE', *, *, #3776, .T. ) ;
#4469 = CARTESIAN_POINT ( 'NONE',  ( 3.000000000000000000, 97.99999999999998579, 25.10000000000000142 ) ) ;
#4470 = DIRECTION ( 'NONE',  ( -0.000000000000000000, -1.000000000000000000, -0.000000000000000000 ) ) ;
#4471 = VECTOR ( 'NONE', #3052, 1000.000000000000000 ) ;
#4472 = EDGE_LOOP ( 'NONE', ( #5205, #245, #2386, #1419 ) ) ;
#4473 = ORIENTED_EDGE ( 'NONE', *, *, #27, .T. ) ;
#4474 = CARTESIAN_POINT ( 'NONE',  ( -7.050000000000019362, -2.499999999999995559, 0.000000000000000000 ) ) ;
#4475 = AXIS2_PLACEMENT_3D ( 'NONE', #1703, #2799, #20 ) ;
#4476 = DIRECTION ( 'NONE',  ( 1.000000000000000000, 0.000000000000000000, -0.000000000000000000 ) ) ;
#4477 = CARTESIAN_POINT ( 'NONE',  ( 65.77499999999999147, -6.440415587219212590, 0.000000000000000000 ) ) ;
#4478 = VERTEX_POINT ( 'NONE', #2045 ) ;
#4479 = DIRECTION ( 'NONE',  ( 0.000000000000000000, 0.000000000000000000, 1.000000000000000000 ) ) ;
#4480 = VECTOR ( 'NONE', #2351, 1000.000000000000000 ) ;
#4481 = LINE ( 'NONE', #1685, #3887 ) ;
#4482 = EDGE_CURVE ( 'NONE', #1424, #3953, #357, .T. ) ;
#4483 = EDGE_CURVE ( 'NONE', #1471, #3200, #4913, .T. ) ;
#4484 = CARTESIAN_POINT ( 'NONE',  ( 57.99999999999999289, -7.250000000000000000, 0.7500000000000006661 ) ) ;
#4485 = CARTESIAN_POINT ( 'NONE',  ( 22.15000000000000213, 88.00000000000000000, 25.10000000000000497 ) ) ;
#4486 = DIRECTION ( 'NONE',  ( 0.000000000000000000, 0.000000000000000000, -1.000000000000000000 ) ) ;
#4487 = ORIENTED_EDGE ( 'NONE', *, *, #5275, .F. ) ;
#4488 = DIRECTION ( 'NONE',  ( -0.000000000000000000, -0.000000000000000000, -1.000000000000000000 ) ) ;
#4489 = DIRECTION ( 'NONE',  ( 0.000000000000000000, -1.000000000000000000, 0.000000000000000000 ) ) ;
#4490 = ADVANCED_FACE ( 'NONE', ( #3644 ), #3667, .F. ) ;
#4491 = DIRECTION ( 'NONE',  ( 0.000000000000000000, 1.000000000000000000, 0.000000000000000000 ) ) ;
#4492 = ORIENTED_EDGE ( 'NONE', *, *, #878, .T. ) ;
#4493 = ORIENTED_EDGE ( 'NONE', *, *, #3881, .T. ) ;
#4494 = CARTESIAN_POINT ( 'NONE',  ( 65.79999999999996874, 92.49999999999998579, 25.10000000000000142 ) ) ;
#4495 = ADVANCED_FACE ( 'NONE', ( #2573 ), #1866, .T. ) ;
#4496 = VECTOR ( 'NONE', #5222, 1000.000000000000000 ) ;
#4497 = DIRECTION ( 'NONE',  ( -3.942553354492743901E-17, -1.000000000000000000, 0.000000000000000000 ) ) ;
#4498 = ORIENTED_EDGE ( 'NONE', *, *, #4772, .F. ) ;
#4499 = ORIENTED_EDGE ( 'NONE', *, *, #3243, .F. ) ;
#4500 = CARTESIAN_POINT ( 'NONE',  ( -7.250000000000015987, 3.000000000000000000, 0.000000000000000000 ) ) ;
#4501 = CARTESIAN_POINT ( 'NONE',  ( 62.52786404500040618, 84.99999999999998579, 2.000000000000000000 ) ) ;
#4502 = PLANE ( 'NONE',  #5090 ) ;
#4503 = ORIENTED_EDGE ( 'NONE', *, *, #3313, .F. ) ;
#4504 = CARTESIAN_POINT ( 'NONE',  ( 65.77499999999999147, -6.440415587219212590, 6.000000000000000000 ) ) ;
#4505 = LINE ( 'NONE', #858, #728 ) ;
#4506 = DIRECTION ( 'NONE',  ( 0.000000000000000000, -0.000000000000000000, -1.000000000000000000 ) ) ;
#4507 = CARTESIAN_POINT ( 'NONE',  ( 56.99999999999997868, 92.68337520964459486, 25.10000000000000497 ) ) ;
#4508 = PLANE ( 'NONE',  #3177 ) ;
#4509 = VERTEX_POINT ( 'NONE', #2948 ) ;
#4510 = DIRECTION ( 'NONE',  ( 0.000000000000000000, -1.000000000000000000, 0.000000000000000000 ) ) ;
#4511 = CYLINDRICAL_SURFACE ( 'NONE', #1050, 6.000000000000000000 ) ;
#4512 = DIRECTION ( 'NONE',  ( -0.000000000000000000, -0.000000000000000000, -1.000000000000000000 ) ) ;
#4513 = FACE_OUTER_BOUND ( 'NONE', #4616, .T. ) ;
#4514 = EDGE_CURVE ( 'NONE', #3242, #1506, #4282, .T. ) ;
#4515 = EDGE_CURVE ( 'NONE', #3704, #2308, #3831, .T. ) ;
#4516 = VERTEX_POINT ( 'NONE', #2208 ) ;
#4517 = AXIS2_PLACEMENT_3D ( 'NONE', #1503, #3129, #2001 ) ;
#4518 = ORIENTED_EDGE ( 'NONE', *, *, #4754, .T. ) ;
#4519 = CARTESIAN_POINT ( 'NONE',  ( -7.250000000000000888, 87.00000000000000000, -15.55634918610404327 ) ) ;
#4520 = AXIS2_PLACEMENT_3D ( 'NONE', #2840, #787, #2516 ) ;
#4521 = EDGE_CURVE ( 'NONE', #1591, #4813, #2267, .T. ) ;
#4522 = AXIS2_PLACEMENT_3D ( 'NONE', #1995, #3542, #4362 ) ;
#4523 = ORIENTED_EDGE ( 'NONE', *, *, #231, .T. ) ;
#4524 = VERTEX_POINT ( 'NONE', #2547 ) ;
#4525 = CARTESIAN_POINT ( 'NONE',  ( 57.99999999999999289, 2.000000000000000000, 0.000000000000000000 ) ) ;
#4526 = CARTESIAN_POINT ( 'NONE',  ( 41.99999999999999289, 0.000000000000000000, 12.00000000000000178 ) ) ;
#4527 = AXIS2_PLACEMENT_3D ( 'NONE', #2986, #4606, #617 ) ;
#4528 = VECTOR ( 'NONE', #3235, 1000.000000000000227 ) ;
#4529 = CIRCLE ( 'NONE', #2748, 6.000000000000000000 ) ;
#4530 = VECTOR ( 'NONE', #2094, 1000.000000000000114 ) ;
#4531 = ORIENTED_EDGE ( 'NONE', *, *, #2564, .T. ) ;
#4532 = CYLINDRICAL_SURFACE ( 'NONE', #4732, 0.7500000000000000000 ) ;
#4533 = CARTESIAN_POINT ( 'NONE',  ( 60.99999999999998579, 24.49999999999998934, 8.250000000000000000 ) ) ;
#4534 = CARTESIAN_POINT ( 'NONE',  ( 68.99999999999997158, 87.75000000000000000, 40.65634918610404469 ) ) ;
#4535 = CARTESIAN_POINT ( 'NONE',  ( 56.99999999999997868, 90.00000000000000000, 8.500000000000000000 ) ) ;
#4536 = LINE ( 'NONE', #889, #3165 ) ;
#4537 = VERTEX_POINT ( 'NONE', #230 ) ;
#4538 = CARTESIAN_POINT ( 'NONE',  ( 58.99999999999998579, 32.00000000000000000, 7.000000000000000000 ) ) ;
#4539 = CARTESIAN_POINT ( 'NONE',  ( -6.000000000000015987, 80.99999999999998579, -15.55634918610404327 ) ) ;
#4540 = DIRECTION ( 'NONE',  ( -0.000000000000000000, -0.000000000000000000, 1.000000000000000000 ) ) ;
#4541 = DIRECTION ( 'NONE',  ( 0.000000000000000000, -1.000000000000000000, -1.239088197126291063E-16 ) ) ;
#4542 = ORIENTED_EDGE ( 'NONE', *, *, #2126, .F. ) ;
#4543 = VERTEX_POINT ( 'NONE', #3057 ) ;
#4544 = CARTESIAN_POINT ( 'NONE',  ( 2.999999999999982681, 3.000000000000000000, 0.000000000000000000 ) ) ;
#4545 = ADVANCED_FACE ( 'NONE', ( #1409 ), #521, .T. ) ;
#4546 = EDGE_CURVE ( 'NONE', #4960, #1697, #1325, .T. ) ;
#4547 = AXIS2_PLACEMENT_3D ( 'NONE', #4007, #2440, #785 ) ;
#4548 = ORIENTED_EDGE ( 'NONE', *, *, #4648, .F. ) ;
#4549 = ORIENTED_EDGE ( 'NONE', *, *, #2639, .T. ) ;
#4550 = CARTESIAN_POINT ( 'NONE',  ( 58.99999999999999289, 2.000000000000000000, 8.599999999999999645 ) ) ;
#4551 = CARTESIAN_POINT ( 'NONE',  ( -4.775000000000026112, -6.440415587219193938, 0.000000000000000000 ) ) ;
#4552 = VECTOR ( 'NONE', #329, 1000.000000000000000 ) ;
#4553 = EDGE_CURVE ( 'NONE', #2615, #2328, #117, .T. ) ;
#4554 = ORIENTED_EDGE ( 'NONE', *, *, #379, .T. ) ;
#4555 = CIRCLE ( 'NONE', #2856, 6.000000000000000000 ) ;
#4556 = CARTESIAN_POINT ( 'NONE',  ( 60.99999999999998579, 31.49999999999999289, 8.250000000000001776 ) ) ;
#4557 = DIRECTION ( 'NONE',  ( -0.000000000000000000, -0.000000000000000000, 1.000000000000000000 ) ) ;
#4558 = EDGE_CURVE ( 'NONE', #1620, #1424, #4251, .T. ) ;
#4559 = DIRECTION ( 'NONE',  ( 1.000000000000000000, 0.000000000000000000, -0.000000000000000000 ) ) ;
#4560 = CARTESIAN_POINT ( 'NONE',  ( 0.000000000000000000, 0.000000000000000000, 6.000000000000000000 ) ) ;
#4561 = ORIENTED_EDGE ( 'NONE', *, *, #1447, .T. ) ;
#4562 = DIRECTION ( 'NONE',  ( -0.000000000000000000, -0.000000000000000000, -1.000000000000000000 ) ) ;
#4563 = VERTEX_POINT ( 'NONE', #634 ) ;
#4564 = FACE_OUTER_BOUND ( 'NONE', #1448, .T. ) ;
#4565 = DIRECTION ( 'NONE',  ( 8.068481283613059492E-17, -1.000000000000000000, 0.000000000000000000 ) ) ;
#4566 = DIRECTION ( 'NONE',  ( -1.000000000000000000, 0.000000000000000000, 0.000000000000000000 ) ) ;
#4567 = VECTOR ( 'NONE', #4098, 1000.000000000000000 ) ;
#4568 = DIRECTION ( 'NONE',  ( -0.4999999999999918399, 0.8660254037844433705, 0.000000000000000000 ) ) ;
#4569 = VECTOR ( 'NONE', #1455, 1000.000000000000000 ) ;
#4570 = ORIENTED_EDGE ( 'NONE', *, *, #4748, .T. ) ;
#4571 = EDGE_LOOP ( 'NONE', ( #666, #1927, #326, #693, #1477, #1941 ) ) ;
#4572 = LINE ( 'NONE', #4656, #786 ) ;
#4573 = LINE ( 'NONE', #4969, #17 ) ;
#4574 = LINE ( 'NONE', #901, #1291 ) ;
#4575 = VERTEX_POINT ( 'NONE', #3429 ) ;
#4576 = ADVANCED_FACE ( 'NONE', ( #1746 ), #5049, .F. ) ;
#4577 = ORIENTED_EDGE ( 'NONE', *, *, #3917, .F. ) ;
#4578 = CARTESIAN_POINT ( 'NONE',  ( 58.99999999999999289, 2.000000000000000000, 2.000000000000000000 ) ) ;
#4579 = DIRECTION ( 'NONE',  ( 0.000000000000000000, -1.000000000000000000, 0.000000000000000000 ) ) ;
#4580 = CYLINDRICAL_SURFACE ( 'NONE', #3341, 2.299999999999996270 ) ;
#4581 = ORIENTED_EDGE ( 'NONE', *, *, #3935, .F. ) ;
#4582 = EDGE_CURVE ( 'NONE', #1764, #3523, #3000, .T. ) ;
#4583 = EDGE_CURVE ( 'NONE', #4838, #3546, #3774, .T. ) ;
#4584 = DIRECTION ( 'NONE',  ( -0.000000000000000000, -0.000000000000000000, -1.000000000000000000 ) ) ;
#4585 = CARTESIAN_POINT ( 'NONE',  ( 68.43846711508392389, 91.95367595483348566, 3.462084738481274067E-17 ) ) ;
#4586 = CARTESIAN_POINT ( 'NONE',  ( 2.250000000000000000, 97.99999999999998579, 0.7500000000000006661 ) ) ;
#4587 = FACE_OUTER_BOUND ( 'NONE', #852, .T. ) ;
#4588 = ORIENTED_EDGE ( 'NONE', *, *, #4270, .F. ) ;
#4589 = EDGE_CURVE ( 'NONE', #4205, #3101, #2658, .T. ) ;
#4590 = PLANE ( 'NONE',  #653 ) ;
#4591 = EDGE_LOOP ( 'NONE', ( #3225, #1675, #5183, #157 ) ) ;
#4592 = DIRECTION ( 'NONE',  ( 0.5000000000000024425, -0.8660254037844372643, 0.000000000000000000 ) ) ;
#4593 = DIRECTION ( 'NONE',  ( 0.5000000000000061062, -0.8660254037844351549, 0.000000000000000000 ) ) ;
#4594 = DIRECTION ( 'NONE',  ( -0.000000000000000000, 9.376883653928686624E-16, 1.000000000000000000 ) ) ;
#4595 = CARTESIAN_POINT ( 'NONE',  ( 65.77500000000004832, 1.440415587219181281, 0.000000000000000000 ) ) ;
#4596 = ORIENTED_EDGE ( 'NONE', *, *, #294, .T. ) ;
#4597 = ORIENTED_EDGE ( 'NONE', *, *, #3251, .T. ) ;
#4598 = CARTESIAN_POINT ( 'NONE',  ( 22.15000000000000213, 90.00000000000000000, 25.10000000000000497 ) ) ;
#4599 = CARTESIAN_POINT ( 'NONE',  ( 68.99999999999998579, 3.000000000000000000, 0.7500000000000006661 ) ) ;
#4600 = DIRECTION ( 'NONE',  ( 1.000000000000000000, 0.000000000000000000, 0.000000000000000000 ) ) ;
#4601 = AXIS2_PLACEMENT_3D ( 'NONE', #242, #5140, #1923 ) ;
#4602 = ORIENTED_EDGE ( 'NONE', *, *, #2294, .T. ) ;
#4603 = VERTEX_POINT ( 'NONE', #4997 ) ;
#4604 = DIRECTION ( 'NONE',  ( -0.000000000000000000, 0.000000000000000000, 1.000000000000000000 ) ) ;
#4605 = CARTESIAN_POINT ( 'NONE',  ( 16.99999999999999645, 4.000000000000000000, 2.000000000000000000 ) ) ;
#4606 = DIRECTION ( 'NONE',  ( 3.469446951953613400E-15, -1.000000000000000000, 0.000000000000000000 ) ) ;
#4607 = ORIENTED_EDGE ( 'NONE', *, *, #57, .T. ) ;
#4608 = AXIS2_PLACEMENT_3D ( 'NONE', #1531, #4751, #2291 ) ;
#4609 = DIRECTION ( 'NONE',  ( -0.000000000000000000, 0.000000000000000000, 1.000000000000000000 ) ) ;
#4610 = DIRECTION ( 'NONE',  ( -0.000000000000000000, -0.000000000000000000, -1.000000000000000000 ) ) ;
#4611 = VECTOR ( 'NONE', #4198, 1000.000000000000000 ) ;
#4612 = CARTESIAN_POINT ( 'NONE',  ( 2.249999999999982681, -8.000000000000000000, 0.7500000000000000000 ) ) ;
#4613 = EDGE_CURVE ( 'NONE', #1293, #1543, #1355, .T. ) ;
#4614 = FACE_OUTER_BOUND ( 'NONE', #5190, .T. ) ;
#4615 = EDGE_CURVE ( 'NONE', #1558, #4698, #1130, .T. ) ;
#4616 = EDGE_LOOP ( 'NONE', ( #1839, #2223, #339, #4953 ) ) ;
#4617 = CARTESIAN_POINT ( 'NONE',  ( 43.99999999999998579, 2.000000000000000000, 7.000000000000000000 ) ) ;
#4618 = ORIENTED_EDGE ( 'NONE', *, *, #839, .F. ) ;
#4619 = LINE ( 'NONE', #2656, #4979 ) ;
#4620 = CARTESIAN_POINT ( 'NONE',  ( -4.774999999999975486, 88.55958441278079363, 6.000000000000000000 ) ) ;
#4621 = DIRECTION ( 'NONE',  ( 1.000000000000000000, 2.312964634635743450E-16, -0.000000000000000000 ) ) ;
#4622 = DIRECTION ( 'NONE',  ( 1.000000000000000000, 0.000000000000000000, 0.000000000000000000 ) ) ;
#4623 = EDGE_CURVE ( 'NONE', #2849, #4755, #1439, .T. ) ;
#4624 = ORIENTED_EDGE ( 'NONE', *, *, #2706, .F. ) ;
#4625 = ORIENTED_EDGE ( 'NONE', *, *, #4712, .T. ) ;
#4626 = DIRECTION ( 'NONE',  ( -1.000000000000000000, 0.000000000000000000, -0.000000000000000000 ) ) ;
#4627 = DIRECTION ( 'NONE',  ( 1.000000000000000000, -0.000000000000000000, -0.000000000000000000 ) ) ;
#4628 = DIRECTION ( 'NONE',  ( 0.000000000000000000, 0.000000000000000000, -1.000000000000000000 ) ) ;
#4629 = EDGE_CURVE ( 'NONE', #722, #1471, #3801, .T. ) ;
#4630 = ORIENTED_EDGE ( 'NONE', *, *, #1664, .T. ) ;
#4631 = ORIENTED_EDGE ( 'NONE', *, *, #3623, .T. ) ;
#4632 = CYLINDRICAL_SURFACE ( 'NONE', #4391, 0.7500000000000006661 ) ;
#4633 = LINE ( 'NONE', #533, #1094 ) ;
#4634 = VECTOR ( 'NONE', #1055, 1000.000000000000000 ) ;
#4635 = DIRECTION ( 'NONE',  ( 0.000000000000000000, 0.000000000000000000, 1.000000000000000000 ) ) ;
#4636 = LINE ( 'NONE', #2166, #708 ) ;
#4637 = ORIENTED_EDGE ( 'NONE', *, *, #1819, .F. ) ;
#4638 = DIRECTION ( 'NONE',  ( -0.000000000000000000, -0.000000000000000000, -1.000000000000000000 ) ) ;
#4639 = VECTOR ( 'NONE', #4876, 1000.000000000000000 ) ;
#4640 = DIRECTION ( 'NONE',  ( -1.000000000000000000, -0.000000000000000000, -0.000000000000000000 ) ) ;
#4641 = DIRECTION ( 'NONE',  ( 1.000000000000000000, 2.312964634635743450E-16, -0.000000000000000000 ) ) ;
#4642 = CARTESIAN_POINT ( 'NONE',  ( 68.24999999999998579, -7.250000000000000000, 0.7500000000000000000 ) ) ;
#4643 = AXIS2_PLACEMENT_3D ( 'NONE', #2884, #857, #2482 ) ;
#4644 = EDGE_LOOP ( 'NONE', ( #1067, #1145, #250, #1592 ) ) ;
#4645 = LINE ( 'NONE', #4276, #1579 ) ;
#4646 = ORIENTED_EDGE ( 'NONE', *, *, #746, .F. ) ;
#4647 = ADVANCED_FACE ( 'NONE', ( #4676 ), #3403, .F. ) ;
#4648 = EDGE_CURVE ( 'NONE', #1674, #3646, #4335, .T. ) ;
#4649 = DIRECTION ( 'NONE',  ( -0.000000000000000000, -0.000000000000000000, -1.000000000000000000 ) ) ;
#4650 = DIRECTION ( 'NONE',  ( -1.838995606619757339E-32, 1.192622389734055124E-16, 1.000000000000000000 ) ) ;
#4651 = VECTOR ( 'NONE', #3784, 1000.000000000000000 ) ;
#4652 = DIRECTION ( 'NONE',  ( -1.577021341797097560E-16, -1.000000000000000000, 0.000000000000000000 ) ) ;
#4653 = ORIENTED_EDGE ( 'NONE', *, *, #712, .T. ) ;
#4654 = ADVANCED_FACE ( 'NONE', ( #1136 ), #309, .F. ) ;
#4655 = VERTEX_POINT ( 'NONE', #1915 ) ;
#4656 = CARTESIAN_POINT ( 'NONE',  ( 58.99999999999999289, 2.000000000000000000, 25.10000000000000142 ) ) ;
#4657 = DIRECTION ( 'NONE',  ( -0.000000000000000000, -0.000000000000000000, 1.000000000000000000 ) ) ;
#4658 = ORIENTED_EDGE ( 'NONE', *, *, #978, .T. ) ;
#4659 = EDGE_CURVE ( 'NONE', #5027, #2978, #1475, .T. ) ;
#4660 = ORIENTED_EDGE ( 'NONE', *, *, #3517, .F. ) ;
#4661 = DIRECTION ( 'NONE',  ( 1.000000000000000000, 0.000000000000000000, 0.000000000000000000 ) ) ;
#4662 = CARTESIAN_POINT ( 'NONE',  ( 4.000000000000000000, 63.50000000000000000, 7.000000000000000000 ) ) ;
#4663 = DIRECTION ( 'NONE',  ( -1.000000000000000000, 0.000000000000000000, 1.045014142154702874E-16 ) ) ;
#4664 = ORIENTED_EDGE ( 'NONE', *, *, #1828, .T. ) ;
#4665 = DIRECTION ( 'NONE',  ( -0.000000000000000000, 1.000000000000000000, -0.000000000000000000 ) ) ;
#4666 = CARTESIAN_POINT ( 'NONE',  ( 2.049999999999982947, -2.500000000000003997, 6.000000000000000000 ) ) ;
#4667 = DIRECTION ( 'NONE',  ( 0.000000000000000000, 0.000000000000000000, -1.000000000000000000 ) ) ;
#4668 = DIRECTION ( 'NONE',  ( -1.000000000000000000, 1.261617073437678443E-15, -0.000000000000000000 ) ) ;
#4669 = ORIENTED_EDGE ( 'NONE', *, *, #2189, .T. ) ;
#4670 = LINE ( 'NONE', #5016, #563 ) ;
#4671 = ORIENTED_EDGE ( 'NONE', *, *, #5115, .F. ) ;
#4672 = VECTOR ( 'NONE', #397, 1000.000000000000000 ) ;
#4673 = PLANE ( 'NONE',  #4729 ) ;
#4674 = CARTESIAN_POINT ( 'NONE',  ( 58.99999999999998579, 32.00000000000000000, 7.000000000000000000 ) ) ;
#4675 = DIRECTION ( 'NONE',  ( 0.000000000000000000, -0.000000000000000000, 1.000000000000000000 ) ) ;
#4676 = FACE_OUTER_BOUND ( 'NONE', #1227, .T. ) ;
#4677 = ORIENTED_EDGE ( 'NONE', *, *, #646, .F. ) ;
#4678 = ORIENTED_EDGE ( 'NONE', *, *, #4712, .F. ) ;
#4679 = LINE ( 'NONE', #2664, #5040 ) ;
#4680 = EDGE_CURVE ( 'NONE', #5110, #2430, #1488, .T. ) ;
#4681 = EDGE_CURVE ( 'NONE', #4945, #671, #3159, .T. ) ;
#4682 = VERTEX_POINT ( 'NONE', #3185 ) ;
#4683 = ORIENTED_EDGE ( 'NONE', *, *, #95, .T. ) ;
#4684 = CARTESIAN_POINT ( 'NONE',  ( -0.2250000000000209610, -6.440415587219199267, 6.000000000000000000 ) ) ;
#4685 = LINE ( 'NONE', #1047, #2781 ) ;
#4686 = EDGE_CURVE ( 'NONE', #2969, #4478, #1089, .T. ) ;
#4687 = AXIS2_PLACEMENT_3D ( 'NONE', #3549, #5165, #4739 ) ;
#4688 = DIRECTION ( 'NONE',  ( 0.000000000000000000, 1.000000000000000000, -0.000000000000000000 ) ) ;
#4689 = EDGE_LOOP ( 'NONE', ( #525, #904, #5264, #524 ) ) ;
#4690 = LINE ( 'NONE', #3047, #213 ) ;
#4691 = AXIS2_PLACEMENT_3D ( 'NONE', #1826, #4667, #1028 ) ;
#4692 = DIRECTION ( 'NONE',  ( 0.000000000000000000, 0.000000000000000000, 1.000000000000000000 ) ) ;
#4693 = CARTESIAN_POINT ( 'NONE',  ( 22.50000000000000000, 2.000000000000000000, 4.500000000000000000 ) ) ;
#4694 = FACE_OUTER_BOUND ( 'NONE', #1107, .T. ) ;
#4695 = ORIENTED_EDGE ( 'NONE', *, *, #3394, .F. ) ;
#4696 = AXIS2_PLACEMENT_3D ( 'NONE', #2150, #2976, #1836 ) ;
#4697 = PLANE ( 'NONE',  #3460 ) ;
#4698 = VERTEX_POINT ( 'NONE', #2385 ) ;
#4699 = DIRECTION ( 'NONE',  ( 1.000000000000000000, 0.000000000000000000, 1.334402673828313339E-16 ) ) ;
#4700 = CARTESIAN_POINT ( 'NONE',  ( 3.000000000000000444, 96.00000000000000000, -15.55634918610404327 ) ) ;
#4701 = AXIS2_PLACEMENT_3D ( 'NONE', #3844, #2962, #3413 ) ;
#4702 = DIRECTION ( 'NONE',  ( 1.000000000000000000, 0.000000000000000000, 0.000000000000000000 ) ) ;
#4703 = VECTOR ( 'NONE', #4245, 1000.000000000000000 ) ;
#4704 = VERTEX_POINT ( 'NONE', #662 ) ;
#4705 = ORIENTED_EDGE ( 'NONE', *, *, #1554, .F. ) ;
#4706 = CARTESIAN_POINT ( 'NONE',  ( 60.99999999999997158, 63.50000000000000000, 4.999999999999997335 ) ) ;
#4707 = EDGE_LOOP ( 'NONE', ( #3221, #3605, #2100, #1589, #3868, #629 ) ) ;
#4708 =( BOUNDED_CURVE ( )  B_SPLINE_CURVE ( 3, ( #2966, #2990, #4585, #2199 ),
 .UNSPECIFIED., .F., .F. ) 
 B_SPLINE_CURVE_WITH_KNOTS ( ( 4, 4 ),
 ( 3.975685423530330720, 4.712388980384689674 ),
 .UNSPECIFIED. ) 
 CURVE ( )  GEOMETRIC_REPRESENTATION_ITEM ( )  RATIONAL_B_SPLINE_CURVE ( ( 1.000000000000000000, 0.9552814008641601351, 0.9552814008641601351, 1.000000000000000000 ) ) 
 REPRESENTATION_ITEM ( '' )  );
#4709 = ORIENTED_EDGE ( 'NONE', *, *, #3496, .F. ) ;
#4710 = VERTEX_POINT ( 'NONE', #4004 ) ;
#4711 = SPHERICAL_SURFACE ( 'NONE', #4547, 0.7500000000000000000 ) ;
#4712 = EDGE_CURVE ( 'NONE', #2338, #1813, #735, .T. ) ;
#4713 = ADVANCED_FACE ( 'NONE', ( #2360 ), #2313, .T. ) ;
#4714 = CARTESIAN_POINT ( 'NONE',  ( 57.99999999999999289, -6.000000000000000000, 25.10000000000000142 ) ) ;
#4715 = VERTEX_POINT ( 'NONE', #3583 ) ;
#4716 = CYLINDRICAL_SURFACE ( 'NONE', #894, 2.299999999999996270 ) ;
#4717 = EDGE_CURVE ( 'NONE', #864, #1779, #1065, .T. ) ;
#4718 = DIRECTION ( 'NONE',  ( -6.308085367188392213E-16, 1.000000000000000000, 0.000000000000000000 ) ) ;
#4719 = LINE ( 'NONE', #3074, #3474 ) ;
#4720 = CARTESIAN_POINT ( 'NONE',  ( 60.99999999999997868, 49.99999999999999289, 1.999999999999995781 ) ) ;
#4721 = ORIENTED_EDGE ( 'NONE', *, *, #1864, .T. ) ;
#4722 = CIRCLE ( 'NONE', #125, 5.999999999999998224 ) ;
#4723 = CARTESIAN_POINT ( 'NONE',  ( -4.775000000000013678, 1.440415587219199045, 6.000000000000000000 ) ) ;
#4724 = ORIENTED_EDGE ( 'NONE', *, *, #3710, .F. ) ;
#4725 = EDGE_CURVE ( 'NONE', #1261, #181, #4860, .T. ) ;
#4726 = DIRECTION ( 'NONE',  ( 1.541976423090495633E-16, -1.000000000000000000, 1.246832498358330346E-16 ) ) ;
#4727 = CARTESIAN_POINT ( 'NONE',  ( 66.12694372481276162, 87.94999999999997442, 0.000000000000000000 ) ) ;
#4728 = LINE ( 'NONE', #3184, #4361 ) ;
#4729 = AXIS2_PLACEMENT_3D ( 'NONE', #255, #2711, #2685 ) ;
#4730 = CARTESIAN_POINT ( 'NONE',  ( -2.500000000000017764, -2.500000000000000444, 25.10000000000000142 ) ) ;
#4731 = ORIENTED_EDGE ( 'NONE', *, *, #3091, .T. ) ;
#4732 = AXIS2_PLACEMENT_3D ( 'NONE', #885, #2507, #4130 ) ;
#4733 = ORIENTED_EDGE ( 'NONE', *, *, #1990, .F. ) ;
#4734 = CARTESIAN_POINT ( 'NONE',  ( 41.99999999999999289, 2.000000000000000000, 12.00000000000000178 ) ) ;
#4735 = VERTEX_POINT ( 'NONE', #5202 ) ;
#4736 = VERTEX_POINT ( 'NONE', #1463 ) ;
#4737 = AXIS2_PLACEMENT_3D ( 'NONE', #5093, #3048, #1454 ) ;
#4738 = ORIENTED_EDGE ( 'NONE', *, *, #4032, .T. ) ;
#4739 = DIRECTION ( 'NONE',  ( -0.000000000000000000, 0.000000000000000000, -1.000000000000000000 ) ) ;
#4740 = VECTOR ( 'NONE', #3842, 1000.000000000000000 ) ;
#4741 = EDGE_CURVE ( 'NONE', #2155, #3473, #3564, .T. ) ;
#4742 = ORIENTED_EDGE ( 'NONE', *, *, #559, .F. ) ;
#4743 = VECTOR ( 'NONE', #4325, 1000.000000000000000 ) ;
#4744 = LINE ( 'NONE', #2724, #983 ) ;
#4745 = LINE ( 'NONE', #1545, #3128 ) ;
#4746 = FACE_OUTER_BOUND ( 'NONE', #3614, .T. ) ;
#4747 = EDGE_CURVE ( 'NONE', #3523, #4290, #2408, .T. ) ;
#4748 = EDGE_CURVE ( 'NONE', #349, #3141, #1888, .T. ) ;
#4749 = ORIENTED_EDGE ( 'NONE', *, *, #4296, .T. ) ;
#4750 = PLANE ( 'NONE',  #1244 ) ;
#4751 = DIRECTION ( 'NONE',  ( 0.000000000000000000, 0.000000000000000000, -1.000000000000000000 ) ) ;
#4752 = AXIS2_PLACEMENT_3D ( 'NONE', #2907, #4635, #4209 ) ;
#4753 = DIRECTION ( 'NONE',  ( -1.541976423090495633E-16, 1.000000000000000000, -1.192622389734055124E-16 ) ) ;
#4754 = EDGE_CURVE ( 'NONE', #3271, #586, #283, .T. ) ;
#4755 = VERTEX_POINT ( 'NONE', #258 ) ;
#4756 = ORIENTED_EDGE ( 'NONE', *, *, #4058, .T. ) ;
#4757 = CARTESIAN_POINT ( 'NONE',  ( 68.05000000000001137, -2.500000000000022649, 6.000000000000000000 ) ) ;
#4758 = ORIENTED_EDGE ( 'NONE', *, *, #2830, .F. ) ;
#4759 = ORIENTED_EDGE ( 'NONE', *, *, #1274, .T. ) ;
#4760 = VERTEX_POINT ( 'NONE', #2735 ) ;
#4761 = CARTESIAN_POINT ( 'NONE',  ( 2.999999999999982681, 3.000000000000000000, 25.10000000000000142 ) ) ;
#4762 = ORIENTED_EDGE ( 'NONE', *, *, #448, .F. ) ;
#4763 = LINE ( 'NONE', #5220, #1840 ) ;
#4764 = DIRECTION ( 'NONE',  ( -1.000000000000000000, 1.521687259628778569E-17, 0.000000000000000000 ) ) ;
#4765 = PRESENTATION_LAYER_ASSIGNMENT (  '', '', ( #4937 ) ) ;
#4766 = LINE ( 'NONE', #5195, #2209 ) ;
#4767 = ORIENTED_EDGE ( 'NONE', *, *, #4521, .T. ) ;
#4768 = LINE ( 'NONE', #1109, #42 ) ;
#4769 = CARTESIAN_POINT ( 'NONE',  ( -7.250000000000017764, -7.250000000000000000, 0.7500000000000000000 ) ) ;
#4770 = CARTESIAN_POINT ( 'NONE',  ( 2.420465108467715808E-17, 80.99999999999998579, 25.10000000000000142 ) ) ;
#4771 = EDGE_CURVE ( 'NONE', #358, #1490, #3511, .T. ) ;
#4772 = EDGE_CURVE ( 'NONE', #1568, #267, #1112, .T. ) ;
#4773 = FACE_OUTER_BOUND ( 'NONE', #3414, .T. ) ;
#4774 = DIRECTION ( 'NONE',  ( -0.5000000000000006661, -0.8660254037844382635, 0.000000000000000000 ) ) ;
#4775 = CIRCLE ( 'NONE', #4520, 6.000000000000005329 ) ;
#4776 = ORIENTED_EDGE ( 'NONE', *, *, #3872, .T. ) ;
#4777 = AXIS2_PLACEMENT_3D ( 'NONE', #1116, #1039, #2738 ) ;
#4778 = ORIENTED_EDGE ( 'NONE', *, *, #50, .T. ) ;
#4779 = ADVANCED_FACE ( 'NONE', ( #56 ), #1237, .F. ) ;
#4780 = CIRCLE ( 'NONE', #2663, 2.299999999999989608 ) ;
#4781 = AXIS2_PLACEMENT_3D ( 'NONE', #2359, #5179, #1532 ) ;
#4782 = DIRECTION ( 'NONE',  ( 0.000000000000000000, 0.000000000000000000, 1.000000000000000000 ) ) ;
#4783 = VECTOR ( 'NONE', #4081, 1000.000000000000000 ) ;
#4784 = EDGE_LOOP ( 'NONE', ( #2476, #2106, #1771, #3938, #93, #4899, #3148, #1644, #2459, #2085, #3697, #4570, #989, #4417, #4786, #3621 ) ) ;
#4785 = ORIENTED_EDGE ( 'NONE', *, *, #2109, .T. ) ;
#4786 = ORIENTED_EDGE ( 'NONE', *, *, #3382, .T. ) ;
#4787 = CARTESIAN_POINT ( 'NONE',  ( 68.75388744962556586, 92.50000000000000000, 6.000000000000000000 ) ) ;
#4788 = EDGE_CURVE ( 'NONE', #1822, #1070, #898, .T. ) ;
#4789 = EDGE_LOOP ( 'NONE', ( #292, #2622, #4294, #1621 ) ) ;
#4790 = CARTESIAN_POINT ( 'NONE',  ( 60.99999999999998579, 90.00000000000000000, 25.10000000000000142 ) ) ;
#4791 = CARTESIAN_POINT ( 'NONE',  ( 58.24611255037434887, 92.49999999999997158, 0.000000000000000000 ) ) ;
#4792 = LINE ( 'NONE', #4398, #330 ) ;
#4793 = VERTEX_POINT ( 'NONE', #4878 ) ;
#4794 = DIRECTION ( 'NONE',  ( 6.308085367188392213E-16, -1.000000000000000000, 0.000000000000000000 ) ) ;
#4795 = CARTESIAN_POINT ( 'NONE',  ( -7.250000000000018652, -8.000000000000000000, 0.7500000000000000000 ) ) ;
#4796 = DIRECTION ( 'NONE',  ( 0.000000000000000000, 0.000000000000000000, 1.000000000000000000 ) ) ;
#4797 = DIRECTION ( 'NONE',  ( -1.000000000000000000, 0.000000000000000000, 0.000000000000000000 ) ) ;
#4798 = VECTOR ( 'NONE', #1816, 1000.000000000000000 ) ;
#4799 = EDGE_CURVE ( 'NONE', #3551, #481, #4031, .T. ) ;
#4800 = ORIENTED_EDGE ( 'NONE', *, *, #2017, .T. ) ;
#4801 = CARTESIAN_POINT ( 'NONE',  ( 61.20000000000000995, -2.500000000000000888, 6.000000000000000000 ) ) ;
#4802 = ORIENTED_EDGE ( 'NONE', *, *, #3265, .T. ) ;
#4803 = AXIS2_PLACEMENT_3D ( 'NONE', #1272, #114, #2570 ) ;
#4804 = CARTESIAN_POINT ( 'NONE',  ( 58.99999999999999289, 33.50000000000000000, 2.000000000000000000 ) ) ;
#4805 = AXIS2_PLACEMENT_3D ( 'NONE', #143, #2203, #3826 ) ;
#4806 = EDGE_CURVE ( 'NONE', #1583, #825, #888, .T. ) ;
#4807 = ORIENTED_EDGE ( 'NONE', *, *, #2226, .F. ) ;
#4808 = ADVANCED_FACE ( 'NONE', ( #2835 ), #2064, .F. ) ;
#4809 = ORIENTED_EDGE ( 'NONE', *, *, #1619, .F. ) ;
#4810 = ORIENTED_EDGE ( 'NONE', *, *, #4812, .T. ) ;
#4811 = CARTESIAN_POINT ( 'NONE',  ( 40.39999999999997726, 88.00000000000000000, 8.500000000000001776 ) ) ;
#4812 = EDGE_CURVE ( 'NONE', #2197, #1472, #4055, .T. ) ;
#4813 = VERTEX_POINT ( 'NONE', #4109 ) ;
#4814 = ORIENTED_EDGE ( 'NONE', *, *, #492, .T. ) ;
#4815 = DIRECTION ( 'NONE',  ( -1.000000000000000000, 0.000000000000000000, 0.000000000000000000 ) ) ;
#4816 = LINE ( 'NONE', #344, #667 ) ;
#4817 = VECTOR ( 'NONE', #908, 1000.000000000000000 ) ;
#4818 = CARTESIAN_POINT ( 'NONE',  ( 40.39999999999997726, 88.00000000000000000, 8.500000000000001776 ) ) ;
#4819 = VECTOR ( 'NONE', #2939, 1000.000000000000114 ) ;
#4820 = ORIENTED_EDGE ( 'NONE', *, *, #1368, .T. ) ;
#4821 = LINE ( 'NONE', #1085, #3629 ) ;
#4822 = DIRECTION ( 'NONE',  ( -1.000000000000000000, 0.000000000000000000, 1.045014142154702998E-16 ) ) ;
#4823 = CARTESIAN_POINT ( 'NONE',  ( 58.99999999999998579, 33.50000000000000000, 7.000000000000000000 ) ) ;
#4824 = DIRECTION ( 'NONE',  ( 1.000000000000000000, 0.000000000000000000, 0.000000000000000000 ) ) ;
#4825 = VECTOR ( 'NONE', #2680, 1000.000000000000000 ) ;
#4826 = ORIENTED_EDGE ( 'NONE', *, *, #4270, .T. ) ;
#4827 = LINE ( 'NONE', #1609, #4300 ) ;
#4828 = DIRECTION ( 'NONE',  ( 1.000000000000000000, -1.261617073437678443E-15, 0.000000000000000000 ) ) ;
#4829 = DIRECTION ( 'NONE',  ( -0.5000000000000001110, -0.8660254037844384856, 0.000000000000000000 ) ) ;
#4830 = PLANE ( 'NONE',  #4522 ) ;
#4831 = EDGE_LOOP ( 'NONE', ( #3990, #2797, #382, #2477 ) ) ;
#4832 = ORIENTED_EDGE ( 'NONE', *, *, #1442, .F. ) ;
#4833 = ORIENTED_EDGE ( 'NONE', *, *, #1724, .T. ) ;
#4834 = PLANE ( 'NONE',  #2318 ) ;
#4835 = EDGE_CURVE ( 'NONE', #1674, #749, #3209, .T. ) ;
#4836 = CARTESIAN_POINT ( 'NONE',  ( 0.000000000000000000, -7.250000000000000000, -0.000000000000000000 ) ) ;
#4837 = EDGE_CURVE ( 'NONE', #3146, #3507, #1983, .T. ) ;
#4838 = VERTEX_POINT ( 'NONE', #1268 ) ;
#4839 = ORIENTED_EDGE ( 'NONE', *, *, #4257, .F. ) ;
#4840 = FACE_OUTER_BOUND ( 'NONE', #3794, .T. ) ;
#4841 = CARTESIAN_POINT ( 'NONE',  ( -7.250000000000015987, 3.000000000000000000, 0.000000000000000000 ) ) ;
#4842 = EDGE_CURVE ( 'NONE', #4509, #2163, #464, .T. ) ;
#4843 = DIRECTION ( 'NONE',  ( -1.000000000000000000, -3.469446951953613400E-15, -0.000000000000000000 ) ) ;
#4844 = ORIENTED_EDGE ( 'NONE', *, *, #941, .T. ) ;
#4845 = LINE ( 'NONE', #1263, #3033 ) ;
#4846 = LINE ( 'NONE', #1207, #4552 ) ;
#4847 = DIRECTION ( 'NONE',  ( 0.000000000000000000, -0.000000000000000000, 1.000000000000000000 ) ) ;
#4848 = DIRECTION ( 'NONE',  ( 0.000000000000000000, 1.000000000000000000, 0.000000000000000000 ) ) ;
#4849 = VECTOR ( 'NONE', #3294, 1000.000000000000000 ) ;
#4850 = LINE ( 'NONE', #3717, #4530 ) ;
#4851 = VERTEX_POINT ( 'NONE', #3662 ) ;
#4852 = CARTESIAN_POINT ( 'NONE',  ( 68.05000000000001137, -2.500000000000022649, 6.000000000000000000 ) ) ;
#4853 = DIRECTION ( 'NONE',  ( 0.000000000000000000, -1.000000000000000000, -0.000000000000000000 ) ) ;
#4854 = LINE ( 'NONE', #4462, #607 ) ;
#4855 = CARTESIAN_POINT ( 'NONE',  ( 63.50000000000000000, -2.500000000000001332, 6.000000000000000000 ) ) ;
#4856 = ORIENTED_EDGE ( 'NONE', *, *, #5031, .F. ) ;
#4857 = VECTOR ( 'NONE', #1188, 1000.000000000000000 ) ;
#4858 = ORIENTED_EDGE ( 'NONE', *, *, #1996, .F. ) ;
#4859 = ORIENTED_EDGE ( 'NONE', *, *, #2083, .T. ) ;
#4860 = CIRCLE ( 'NONE', #3253, 0.7500000000000006661 ) ;
#4861 = SURFACE_STYLE_FILL_AREA ( #4890 ) ;
#4862 = DIRECTION ( 'NONE',  ( 1.000000000000000000, 0.000000000000000000, 0.000000000000000000 ) ) ;
#4863 = VECTOR ( 'NONE', #608, 1000.000000000000000 ) ;
#4864 = CIRCLE ( 'NONE', #2486, 5.999999999999998224 ) ;
#4865 = VECTOR ( 'NONE', #2141, 1000.000000000000000 ) ;
#4866 = EDGE_LOOP ( 'NONE', ( #1515, #1205, #4767, #2447, #1283, #3385, #3504, #1574, #3006, #215, #4518, #3410, #2896, #850, #4033, #2675, #537, #3804, #1030, #3109, #1357, #2766, #2843, #719, #1249, #2424, #3438, #2501 ) ) ;
#4867 = EDGE_CURVE ( 'NONE', #2349, #2838, #1662, .T. ) ;
#4868 = EDGE_CURVE ( 'NONE', #880, #3972, #3611, .T. ) ;
#4869 = ORIENTED_EDGE ( 'NONE', *, *, #2499, .F. ) ;
#4870 = CARTESIAN_POINT ( 'NONE',  ( 40.39999999999997726, 88.00000000000000000, 8.500000000000001776 ) ) ;
#4871 = LINE ( 'NONE', #2084, #2869 ) ;
#4872 = FACE_OUTER_BOUND ( 'NONE', #2762, .T. ) ;
#4873 = ORIENTED_EDGE ( 'NONE', *, *, #2052, .F. ) ;
#4874 = ADVANCED_FACE ( 'NONE', ( #4429, #435 ), #836, .F. ) ;
#4875 = FACE_OUTER_BOUND ( 'NONE', #5270, .T. ) ;
#4876 = DIRECTION ( 'NONE',  ( -0.5000000000000024425, 0.8660254037844372643, 0.000000000000000000 ) ) ;
#4877 = DIRECTION ( 'NONE',  ( -1.734723475976807094E-15, -1.000000000000000000, -0.000000000000000000 ) ) ;
#4878 = CARTESIAN_POINT ( 'NONE',  ( 61.20000000000000995, -2.500000000000000888, 25.10000000000000142 ) ) ;
#4879 = ADVANCED_FACE ( 'NONE', ( #3288 ), #4904, .F. ) ;
#4880 = CARTESIAN_POINT ( 'NONE',  ( 58.99999999999997868, 49.99999999999999289, 1.999999999999995781 ) ) ;
#4881 = ORIENTED_EDGE ( 'NONE', *, *, #1010, .T. ) ;
#4882 = DIRECTION ( 'NONE',  ( -0.5000000000000024425, 0.8660254037844372643, 0.000000000000000000 ) ) ;
#4883 = DIRECTION ( 'NONE',  ( -0.000000000000000000, 1.000000000000000000, 2.668805347656626678E-16 ) ) ;
#4884 = CARTESIAN_POINT ( 'NONE',  ( 66.12694372481277583, 97.04999999999996874, 6.000000000000000000 ) ) ;
#4885 = AXIS2_PLACEMENT_3D ( 'NONE', #2822, #3331, #3655 ) ;
#4886 = DIRECTION ( 'NONE',  ( 2.865967179147672687E-32, -1.239088197126291063E-16, 1.000000000000000000 ) ) ;
#4887 = VERTEX_POINT ( 'NONE', #4507 ) ;
#4888 = AXIS2_PLACEMENT_3D ( 'NONE', #1321, #3292, #3665 ) ;
#4889 = EDGE_LOOP ( 'NONE', ( #1725, #884, #5265, #2079 ) ) ;
#4890 = FILL_AREA_STYLE ('',( #3650 ) ) ;
#4891 = DIRECTION ( 'NONE',  ( -0.000000000000000000, -0.000000000000000000, -1.000000000000000000 ) ) ;
#4892 = VECTOR ( 'NONE', #705, 1000.000000000000000 ) ;
#4893 = ORIENTED_EDGE ( 'NONE', *, *, #2801, .F. ) ;
#4894 = ORIENTED_EDGE ( 'NONE', *, *, #4623, .T. ) ;
#4895 = CARTESIAN_POINT ( 'NONE',  ( -8.000000000000000000, 87.00000000000000000, -15.55634918610404327 ) ) ;
#4896 = VECTOR ( 'NONE', #3839, 1000.000000000000000 ) ;
#4897 = DIRECTION ( 'NONE',  ( 0.000000000000000000, -0.000000000000000000, 1.000000000000000000 ) ) ;
#4898 = CARTESIAN_POINT ( 'NONE',  ( 3.000000000000000000, 97.24999999999998579, 0.000000000000000000 ) ) ;
#4899 = ORIENTED_EDGE ( 'NONE', *, *, #1864, .F. ) ;
#4900 = CYLINDRICAL_SURFACE ( 'NONE', #2278, 0.7500000000000006661 ) ;
#4901 = CARTESIAN_POINT ( 'NONE',  ( 1.999999999999999556, 32.00000000000000000, 7.000000000000000000 ) ) ;
#4902 = CYLINDRICAL_SURFACE ( 'NONE', #3254, 0.7500000000000000000 ) ;
#4903 = EDGE_CURVE ( 'NONE', #5057, #1945, #3715, .T. ) ;
#4904 = CYLINDRICAL_SURFACE ( 'NONE', #4283, 5.999999999999998224 ) ;
#4905 = EDGE_CURVE ( 'NONE', #1543, #665, #381, .T. ) ;
#4906 =( BOUNDED_CURVE ( )  B_SPLINE_CURVE ( 3, ( #227, #3484, #1378, #2601 ),
 .UNSPECIFIED., .F., .F. ) 
 B_SPLINE_CURVE_WITH_KNOTS ( ( 4, 4 ),
 ( 3.141592653589794004, 4.712388980384689674 ),
 .UNSPECIFIED. ) 
 CURVE ( )  GEOMETRIC_REPRESENTATION_ITEM ( )  RATIONAL_B_SPLINE_CURVE ( ( 1.000000000000000000, 0.8047378541243652705, 0.8047378541243652705, 1.000000000000000000 ) ) 
 REPRESENTATION_ITEM ( '' )  );
#4907 = LINE ( 'NONE', #2513, #195 ) ;
#4908 = ORIENTED_EDGE ( 'NONE', *, *, #4629, .T. ) ;
#4909 = VECTOR ( 'NONE', #1709, 1000.000000000000000 ) ;
#4910 = CARTESIAN_POINT ( 'NONE',  ( 57.99999999999999289, -8.000000000000000000, -15.55634918610404327 ) ) ;
#4911 = CARTESIAN_POINT ( 'NONE',  ( 58.99999999999999289, 88.00000000000000000, 25.10000000000000142 ) ) ;
#4912 = LINE ( 'NONE', #2894, #1212 ) ;
#4913 = LINE ( 'NONE', #388, #4015 ) ;
#4914 = ADVANCED_FACE ( 'NONE', ( #2411 ), #2014, .F. ) ;
#4915 = ORIENTED_EDGE ( 'NONE', *, *, #1417, .F. ) ;
#4916 = ORIENTED_EDGE ( 'NONE', *, *, #4648, .T. ) ;
#4917 = LINE ( 'NONE', #3622, #269 ) ;
#4918 = PRODUCT_DEFINITION_FORMATION_WITH_SPECIFIED_SOURCE ( 'ANY', '', #1262, .NOT_KNOWN. ) ;
#4919 = ORIENTED_EDGE ( 'NONE', *, *, #846, .T. ) ;
#4920 = VERTEX_POINT ( 'NONE', #3050 ) ;
#4921 = LINE ( 'NONE', #2425, #2768 ) ;
#4922 = LINE ( 'NONE', #4551, #3899 ) ;
#4923 = DIRECTION ( 'NONE',  ( -1.541976423090495633E-16, 1.000000000000000000, -1.192622389734055124E-16 ) ) ;
#4924 = ORIENTED_EDGE ( 'NONE', *, *, #2181, .F. ) ;
#4925 = DIRECTION ( 'NONE',  ( -0.000000000000000000, -0.000000000000000000, -1.000000000000000000 ) ) ;
#4926 = CARTESIAN_POINT ( 'NONE',  ( -4.800000000000017586, -2.500000000000000000, 0.000000000000000000 ) ) ;
#4927 = DIRECTION ( 'NONE',  ( -1.000000000000000000, 0.000000000000000000, 0.000000000000000000 ) ) ;
#4928 = DIRECTION ( 'NONE',  ( 0.000000000000000000, 0.000000000000000000, 1.000000000000000000 ) ) ;
#4929 = DIRECTION ( 'NONE',  ( -1.000000000000000000, 0.000000000000000000, 0.000000000000000000 ) ) ;
#4930 = EDGE_LOOP ( 'NONE', ( #2314, #2355, #3317, #697, #4248, #4820, #3884, #2374, #4057, #2579, #301, #4412, #1074, #981, #5184, #286, #4219, #2716, #831, #3989, #3176, #2287, #2268 ) ) ;
#4931 = EDGE_CURVE ( 'NONE', #342, #2238, #2992, .T. ) ;
#4932 = EDGE_CURVE ( 'NONE', #4704, #5188, #110, .T. ) ;
#4933 = LINE ( 'NONE', #4538, #2092 ) ;
#4934 = DIRECTION ( 'NONE',  ( 0.000000000000000000, 0.000000000000000000, -1.000000000000000000 ) ) ;
#4935 = FACE_OUTER_BOUND ( 'NONE', #4644, .T. ) ;
#4936 =( BOUNDED_CURVE ( )  B_SPLINE_CURVE ( 3, ( #3358, #561, #1337, #3386 ),
 .UNSPECIFIED., .F., .F. ) 
 B_SPLINE_CURVE_WITH_KNOTS ( ( 4, 4 ),
 ( 4.712388980384689674, 5.449092537239041967 ),
 .UNSPECIFIED. ) 
 CURVE ( )  GEOMETRIC_REPRESENTATION_ITEM ( )  RATIONAL_B_SPLINE_CURVE ( ( 1.000000000000000000, 0.9552814008641610233, 0.9552814008641610233, 1.000000000000000000 ) ) 
 REPRESENTATION_ITEM ( '' )  );
#4937 = STYLED_ITEM ( 'NONE', ( #1297 ), #3246 ) ;
#4938 = VERTEX_POINT ( 'NONE', #2117 ) ;
#4939 = VECTOR ( 'NONE', #1648, 1000.000000000000000 ) ;
#4940 = ADVANCED_FACE ( 'NONE', ( #570, #1739 ), #491, .T. ) ;
#4941 = ORIENTED_EDGE ( 'NONE', *, *, #721, .F. ) ;
#4942 = PLANE ( 'NONE',  #3843 ) ;
#4943 = LINE ( 'NONE', #449, #3164 ) ;
#4944 = AXIS2_PLACEMENT_3D ( 'NONE', #89, #4491, #36 ) ;
#4945 = VERTEX_POINT ( 'NONE', #3851 ) ;
#4946 = EDGE_CURVE ( 'NONE', #692, #4938, #1796, .T. ) ;
#4947 = ORIENTED_EDGE ( 'NONE', *, *, #3531, .F. ) ;
#4948 = LINE ( 'NONE', #1733, #2086 ) ;
#4949 = DIRECTION ( 'NONE',  ( -1.000000000000000000, 0.000000000000000000, 0.000000000000000000 ) ) ;
#4950 = VECTOR ( 'NONE', #1913, 1000.000000000000000 ) ;
#4951 = VECTOR ( 'NONE', #780, 1000.000000000000227 ) ;
#4952 = VECTOR ( 'NONE', #2039, 1000.000000000000000 ) ;
#4953 = ORIENTED_EDGE ( 'NONE', *, *, #2221, .T. ) ;
#4954 = CARTESIAN_POINT ( 'NONE',  ( 58.75000000000000000, -8.000000000000000000, 0.7500000000000006661 ) ) ;
#4955 = DIRECTION ( 'NONE',  ( 1.577021341797097560E-16, 1.000000000000000000, 0.000000000000000000 ) ) ;
#4956 = CARTESIAN_POINT ( 'NONE',  ( 68.24999999999997158, 91.62724133595216358, 0.000000000000000000 ) ) ;
#4957 = CARTESIAN_POINT ( 'NONE',  ( 61.00000000000000000, 0.000000000000000000, 30.10000000000000142 ) ) ;
#4958 = VERTEX_POINT ( 'NONE', #3824 ) ;
#4959 = FACE_OUTER_BOUND ( 'NONE', #3071, .T. ) ;
#4960 = VERTEX_POINT ( 'NONE', #3019 ) ;
#4961 = CARTESIAN_POINT ( 'NONE',  ( -7.050000000000019362, -2.499999999999995559, 6.000000000000000000 ) ) ;
#4962 = CARTESIAN_POINT ( 'NONE',  ( 68.24999999999997158, 97.24999999999997158, 0.7500000000000000000 ) ) ;
#4963 = DIRECTION ( 'NONE',  ( 1.000000000000000000, 0.000000000000000000, 0.000000000000000000 ) ) ;
#4964 = DIRECTION ( 'NONE',  ( 1.982541115402065356E-16, -1.000000000000000000, -1.239088197126290817E-16 ) ) ;
#4965 = EDGE_CURVE ( 'NONE', #5245, #4431, #2968, .T. ) ;
#4966 = VERTEX_POINT ( 'NONE', #3396 ) ;
#4967 = EDGE_LOOP ( 'NONE', ( #2032, #2269, #1735, #3946 ) ) ;
#4968 = CARTESIAN_POINT ( 'NONE',  ( 66.12694372481276162, 87.94999999999997442, 0.000000000000000000 ) ) ;
#4969 = CARTESIAN_POINT ( 'NONE',  ( 1.999999999999999556, 32.00000000000000000, 2.000000000000000000 ) ) ;
#4970 = DIRECTION ( 'NONE',  ( -1.000000000000000000, 0.000000000000000000, 0.000000000000000000 ) ) ;
#4971 = EDGE_CURVE ( 'NONE', #83, #1784, #1827, .T. ) ;
#4972 = EDGE_CURVE ( 'NONE', #1261, #1723, #915, .T. ) ;
#4973 = AXIS2_PLACEMENT_3D ( 'NONE', #1161, #1584, #359 ) ;
#4974 = PRODUCT_DEFINITION_CONTEXT ( 'detailed design', #3031, 'design' ) ;
#4975 = ORIENTED_EDGE ( 'NONE', *, *, #3703, .F. ) ;
#4976 = ORIENTED_EDGE ( 'NONE', *, *, #4336, .T. ) ;
#4977 = CARTESIAN_POINT ( 'NONE',  ( 52.00000000000000000, 0.000000000000000000, 25.10000000000000497 ) ) ;
#4978 = LINE ( 'NONE', #1338, #4986 ) ;
#4979 = VECTOR ( 'NONE', #3080, 1000.000000000000000 ) ;
#4980 = ADVANCED_FACE ( 'NONE', ( #4614 ), #168, .T. ) ;
#4981 = FACE_OUTER_BOUND ( 'NONE', #5096, .T. ) ;
#4982 = VERTEX_POINT ( 'NONE', #1029 ) ;
#4983 = AXIS2_PLACEMENT_3D ( 'NONE', #657, #251, #3451 ) ;
#4984 = CARTESIAN_POINT ( 'NONE',  ( 68.99999999999998579, -7.250000000000000000, 0.7500000000000006661 ) ) ;
#4985 = CARTESIAN_POINT ( 'NONE',  ( -4.774999999999975486, 88.55958441278079363, 0.000000000000000000 ) ) ;
#4986 = VECTOR ( 'NONE', #4320, 1000.000000000000000 ) ;
#4987 = LINE ( 'NONE', #4159, #2029 ) ;
#4988 = DIRECTION ( 'NONE',  ( 0.000000000000000000, -1.156482317317871331E-15, -1.000000000000000000 ) ) ;
#4989 = VERTEX_POINT ( 'NONE', #3420 ) ;
#4990 = VECTOR ( 'NONE', #1502, 1000.000000000000000 ) ;
#4991 = DIRECTION ( 'NONE',  ( 1.000000000000000000, 0.000000000000000000, 0.000000000000000000 ) ) ;
#4992 = ORIENTED_EDGE ( 'NONE', *, *, #4093, .F. ) ;
#4993 = DIRECTION ( 'NONE',  ( 0.8660254037844382635, -0.5000000000000006661, 0.000000000000000000 ) ) ;
#4994 = FACE_OUTER_BOUND ( 'NONE', #4866, .T. ) ;
#4995 = CYLINDRICAL_SURFACE ( 'NONE', #3681, 0.7500000000000000000 ) ;
#4996 = VECTOR ( 'NONE', #483, 1000.000000000000000 ) ;
#4997 = CARTESIAN_POINT ( 'NONE',  ( -1.249000902703301266E-14, 80.99999999999998579, 2.000000000000000444 ) ) ;
#4998 = ORIENTED_EDGE ( 'NONE', *, *, #2566, .T. ) ;
#4999 = ORIENTED_EDGE ( 'NONE', *, *, #2707, .F. ) ;
#5000 = DIRECTION ( 'NONE',  ( -0.5000000000000001110, -0.8660254037844384856, 0.000000000000000000 ) ) ;
#5001 = CARTESIAN_POINT ( 'NONE',  ( -0.2250000000000209610, -6.440415587219199267, 6.000000000000000000 ) ) ;
#5002 = ORIENTED_EDGE ( 'NONE', *, *, #2739, .T. ) ;
#5003 = VERTEX_POINT ( 'NONE', #1401 ) ;
#5004 = FACE_OUTER_BOUND ( 'NONE', #2721, .T. ) ;
#5005 = ADVANCED_FACE ( 'NONE', ( #4160 ), #5014, .F. ) ;
#5006 = ADVANCED_FACE ( 'NONE', ( #4587 ), #81, .F. ) ;
#5007 = CARTESIAN_POINT ( 'NONE',  ( 1.999999999999999556, 33.50000000000000000, 7.000000000000000000 ) ) ;
#5008 = CARTESIAN_POINT ( 'NONE',  ( 0.000000000000000000, 2.000000000000000000, 25.10000000000000142 ) ) ;
#5009 = ORIENTED_EDGE ( 'NONE', *, *, #4903, .T. ) ;
#5010 = PLANE ( 'NONE',  #1422 ) ;
#5011 = EDGE_CURVE ( 'NONE', #3141, #627, #2228, .T. ) ;
#5012 = CARTESIAN_POINT ( 'NONE',  ( 60.99999999999998579, 24.49999999999998934, 11.94999999999999929 ) ) ;
#5013 = CARTESIAN_POINT ( 'NONE',  ( 58.99999999999998579, 65.00000000000000000, 7.000000000000000000 ) ) ;
#5014 = PLANE ( 'NONE',  #1219 ) ;
#5015 = ORIENTED_EDGE ( 'NONE', *, *, #4328, .F. ) ;
#5016 = CARTESIAN_POINT ( 'NONE',  ( 61.22500000000005826, 1.440415587219211258, 6.000000000000000000 ) ) ;
#5017 = ORIENTED_EDGE ( 'NONE', *, *, #4971, .T. ) ;
#5018 = EDGE_CURVE ( 'NONE', #1813, #1543, #1317, .T. ) ;
#5019 = FACE_OUTER_BOUND ( 'NONE', #4446, .T. ) ;
#5020 = DIRECTION ( 'NONE',  ( -0.5000000000000077716, -0.8660254037844341557, 0.000000000000000000 ) ) ;
#5021 = DIRECTION ( 'NONE',  ( 0.000000000000000000, 0.000000000000000000, -1.000000000000000000 ) ) ;
#5022 = ORIENTED_EDGE ( 'NONE', *, *, #231, .F. ) ;
#5023 = ORIENTED_EDGE ( 'NONE', *, *, #1581, .T. ) ;
#5024 = DIRECTION ( 'NONE',  ( 1.000000000000000000, 2.312964634635743450E-16, -0.000000000000000000 ) ) ;
#5025 = CARTESIAN_POINT ( 'NONE',  ( 2.999999999999982681, 3.000000000000000000, 0.000000000000000000 ) ) ;
#5026 = DIRECTION ( 'NONE',  ( 0.000000000000000000, 0.000000000000000000, -1.000000000000000000 ) ) ;
#5027 = VERTEX_POINT ( 'NONE', #3763 ) ;
#5028 = ORIENTED_EDGE ( 'NONE', *, *, #266, .T. ) ;
#5029 = DIRECTION ( 'NONE',  ( 1.000000000000000000, 0.000000000000000000, 0.000000000000000000 ) ) ;
#5030 = PLANE ( 'NONE',  #3383 ) ;
#5031 = EDGE_CURVE ( 'NONE', #4989, #517, #3992, .T. ) ;
#5032 = CYLINDRICAL_SURFACE ( 'NONE', #1128, 2.300000000000000266 ) ;
#5033 = ADVANCED_FACE ( 'NONE', ( #541 ), #2260, .F. ) ;
#5034 = EDGE_LOOP ( 'NONE', ( #1730, #1278, #1304, #3855 ) ) ;
#5035 = CIRCLE ( 'NONE', #4094, 0.7499999999999997780 ) ;
#5036 = CARTESIAN_POINT ( 'NONE',  ( -8.000000000000015987, 3.000000000000000000, 0.7500000000000006661 ) ) ;
#5037 = DIRECTION ( 'NONE',  ( 0.4999999999999941713, 0.8660254037844420383, 0.000000000000000000 ) ) ;
#5038 = AXIS2_PLACEMENT_3D ( 'NONE', #3713, #1208, #2410 ) ;
#5039 = DIRECTION ( 'NONE',  ( 0.5000000000000002220, 0.8660254037844384856, 0.000000000000000000 ) ) ;
#5040 = VECTOR ( 'NONE', #637, 1000.000000000000000 ) ;
#5041 = VECTOR ( 'NONE', #2888, 1000.000000000000000 ) ;
#5042 = EDGE_CURVE ( 'NONE', #358, #342, #1909, .T. ) ;
#5043 = ORIENTED_EDGE ( 'NONE', *, *, #5230, .F. ) ;
#5044 = CARTESIAN_POINT ( 'NONE',  ( 58.99999999999997158, 84.99999999999998579, 5.000000000000000000 ) ) ;
#5045 = ORIENTED_EDGE ( 'NONE', *, *, #2286, .T. ) ;
#5046 = LINE ( 'NONE', #1833, #2604 ) ;
#5047 = DIRECTION ( 'NONE',  ( 3.469446951953611033E-15, 1.000000000000000000, -0.000000000000000000 ) ) ;
#5048 = FACE_OUTER_BOUND ( 'NONE', #2254, .T. ) ;
#5049 = PLANE ( 'NONE',  #4696 ) ;
#5050 = ADVANCED_FACE ( 'NONE', ( #1954 ), #3075, .F. ) ;
#5051 = ORIENTED_EDGE ( 'NONE', *, *, #3350, .T. ) ;
#5052 = EDGE_LOOP ( 'NONE', ( #2101, #4466, #4677, #2737 ) ) ;
#5053 = CARTESIAN_POINT ( 'NONE',  ( 68.24999999999998579, -8.000000000000000000, 0.7500000000000006661 ) ) ;
#5054 = LINE ( 'NONE', #2980, #2577 ) ;
#5055 = LINE ( 'NONE', #1416, #4863 ) ;
#5056 = ORIENTED_EDGE ( 'NONE', *, *, #1980, .F. ) ;
#5057 = VERTEX_POINT ( 'NONE', #2307 ) ;
#5058 = LINE ( 'NONE', #2643, #311 ) ;
#5059 = DIRECTION ( 'NONE',  ( -0.000000000000000000, 0.000000000000000000, 1.000000000000000000 ) ) ;
#5060 = AXIS2_PLACEMENT_3D ( 'NONE', #611, #4604, #5029 ) ;
#5061 = DIRECTION ( 'NONE',  ( 1.000000000000000000, 0.000000000000000000, 0.000000000000000000 ) ) ;
#5062 = ORIENTED_EDGE ( 'NONE', *, *, #3747, .F. ) ;
#5063 = LINE ( 'NONE', #2135, #1849 ) ;
#5064 = VECTOR ( 'NONE', #2997, 1000.000000000000000 ) ;
#5065 = DIRECTION ( 'NONE',  ( -0.000000000000000000, -0.000000000000000000, -1.000000000000000000 ) ) ;
#5066 = DIRECTION ( 'NONE',  ( 2.641432261515860913E-15, 1.000000000000000000, -0.000000000000000000 ) ) ;
#5067 = DIRECTION ( 'NONE',  ( 0.000000000000000000, 1.000000000000000000, 0.000000000000000000 ) ) ;
#5068 = AXIS2_PLACEMENT_3D ( 'NONE', #1026, #4584, #1823 ) ;
#5069 = ORIENTED_EDGE ( 'NONE', *, *, #3089, .F. ) ;
#5070 = CARTESIAN_POINT ( 'NONE',  ( 56.99999999999997868, 63.50000000000000000, 7.000000000000000000 ) ) ;
#5071 = ORIENTED_EDGE ( 'NONE', *, *, #655, .F. ) ;
#5072 = CARTESIAN_POINT ( 'NONE',  ( 56.99999999999997868, 88.00000000000000000, 8.500000000000000000 ) ) ;
#5073 = LINE ( 'NONE', #1034, #1900 ) ;
#5074 = AXIS2_PLACEMENT_3D ( 'NONE', #3808, #3408, #5026 ) ;
#5075 = EDGE_CURVE ( 'NONE', #83, #2105, #3731, .T. ) ;
#5076 = ADVANCED_FACE ( 'NONE', ( #3928 ), #3879, .F. ) ;
#5077 = PLANE ( 'NONE',  #959 ) ;
#5078 = DIRECTION ( 'NONE',  ( -0.000000000000000000, 0.000000000000000000, 1.000000000000000000 ) ) ;
#5079 = EDGE_LOOP ( 'NONE', ( #3231, #4241, #5215, #3664 ) ) ;
#5080 = EDGE_LOOP ( 'NONE', ( #3827, #4669, #3588, #3749 ) ) ;
#5081 = VECTOR ( 'NONE', #1524, 1000.000000000000000 ) ;
#5082 = LINE ( 'NONE', #4968, #1905 ) ;
#5083 = EDGE_CURVE ( 'NONE', #4920, #5197, #4152, .T. ) ;
#5084 = CARTESIAN_POINT ( 'NONE',  ( 61.00521059585909001, 8.749999999999989342, 8.249999999999996447 ) ) ;
#5085 = ORIENTED_EDGE ( 'NONE', *, *, #3482, .F. ) ;
#5086 = ORIENTED_EDGE ( 'NONE', *, *, #3639, .F. ) ;
#5087 = CARTESIAN_POINT ( 'NONE',  ( 62.52786404500040618, 84.99999999999998579, 5.000000000000000000 ) ) ;
#5088 = LINE ( 'NONE', #1450, #1335 ) ;
#5089 = PLANE ( 'NONE',  #3173 ) ;
#5090 = AXIS2_PLACEMENT_3D ( 'NONE', #1573, #774, #3255 ) ;
#5091 = ORIENTED_EDGE ( 'NONE', *, *, #3652, .T. ) ;
#5092 = DIRECTION ( 'NONE',  ( 1.512840240677448454E-16, -1.000000000000000000, 0.000000000000000000 ) ) ;
#5093 = CARTESIAN_POINT ( 'NONE',  ( -6.000000000000002665, 9.000000000000001776, 2.000000000000001776 ) ) ;
#5094 = DIRECTION ( 'NONE',  ( -0.000000000000000000, 0.000000000000000000, -1.000000000000000000 ) ) ;
#5095 = DIRECTION ( 'NONE',  ( -0.000000000000000000, 1.000000000000000000, -0.000000000000000000 ) ) ;
#5096 = EDGE_LOOP ( 'NONE', ( #3649, #4992, #5002, #3988 ) ) ;
#5097 = CARTESIAN_POINT ( 'NONE',  ( -8.000000000000000000, 97.24999999999998579, 0.7500000000000006661 ) ) ;
#5098 = VERTEX_POINT ( 'NONE', #3503 ) ;
#5099 = CARTESIAN_POINT ( 'NONE',  ( 22.50000000000000000, 0.000000000000000000, 4.500000000000000000 ) ) ;
#5100 = FACE_OUTER_BOUND ( 'NONE', #3236, .T. ) ;
#5101 = CARTESIAN_POINT ( 'NONE',  ( 66.99999999999997158, 87.00000000000000000, 25.10000000000000142 ) ) ;
#5102 = DIRECTION ( 'NONE',  ( -0.000000000000000000, 0.000000000000000000, 1.000000000000000000 ) ) ;
#5103 = EDGE_CURVE ( 'NONE', #4524, #2723, #726, .T. ) ;
#5104 = ADVANCED_FACE ( 'NONE', ( #4694 ), #3977, .T. ) ;
#5105 = VERTEX_POINT ( 'NONE', #1105 ) ;
#5106 = ORIENTED_EDGE ( 'NONE', *, *, #1689, .F. ) ;
#5107 = LINE ( 'NONE', #5001, #2429 ) ;
#5108 = VERTEX_POINT ( 'NONE', #4720 ) ;
#5109 = EDGE_CURVE ( 'NONE', #2449, #3032, #2753, .T. ) ;
#5110 = VERTEX_POINT ( 'NONE', #3478 ) ;
#5111 = ORIENTED_EDGE ( 'NONE', *, *, #3702, .F. ) ;
#5112 = CARTESIAN_POINT ( 'NONE',  ( 58.99999999999999289, 2.000000000000000000, 2.000000000000000000 ) ) ;
#5113 = CARTESIAN_POINT ( 'NONE',  ( 66.99999999999997158, 87.00000000000000000, 0.000000000000000000 ) ) ;
#5114 = AXIS2_PLACEMENT_3D ( 'NONE', #1473, #1947, #1171 ) ;
#5115 = EDGE_CURVE ( 'NONE', #972, #764, #3906, .T. ) ;
#5116 = ORIENTED_EDGE ( 'NONE', *, *, #5018, .T. ) ;
#5117 = DIRECTION ( 'NONE',  ( -0.000000000000000000, -0.000000000000000000, -1.000000000000000000 ) ) ;
#5118 = DIRECTION ( 'NONE',  ( 1.512840240677448454E-16, -1.000000000000000000, 0.000000000000000000 ) ) ;
#5119 = DIRECTION ( 'NONE',  ( 1.000000000000000000, 2.312964634635743450E-16, -0.000000000000000000 ) ) ;
#5120 = CARTESIAN_POINT ( 'NONE',  ( -4.799999999999998046, 92.50000000000000000, 0.000000000000000000 ) ) ;
#5121 = AXIS2_PLACEMENT_3D ( 'NONE', #3346, #519, #946 ) ;
#5122 = EDGE_LOOP ( 'NONE', ( #3433, #3658, #3329, #4826 ) ) ;
#5123 = AXIS2_PLACEMENT_3D ( 'NONE', #175, #1381, #4652 ) ;
#5124 = CARTESIAN_POINT ( 'NONE',  ( 2.689405676075239445E-17, 89.99999999999998579, 25.10000000000000142 ) ) ;
#5125 = EDGE_LOOP ( 'NONE', ( #1223, #1705, #3895, #494, #3344, #2904, #1137, #2472 ) ) ;
#5126 = AXIS2_PLACEMENT_3D ( 'NONE', #3859, #3455, #4963 ) ;
#5127 = CARTESIAN_POINT ( 'NONE',  ( 4.000000000000000000, 33.50000000000000711, 7.000000000000000000 ) ) ;
#5128 = FACE_OUTER_BOUND ( 'NONE', #4930, .T. ) ;
#5129 = VECTOR ( 'NONE', #2186, 1000.000000000000000 ) ;
#5130 = CARTESIAN_POINT ( 'NONE',  ( 60.99999999999997158, 65.00000000000000000, 1.999999999999997335 ) ) ;
#5131 = DIRECTION ( 'NONE',  ( -0.000000000000000000, -1.000000000000000000, -0.000000000000000000 ) ) ;
#5132 = VECTOR ( 'NONE', #5067, 1000.000000000000000 ) ;
#5133 = EDGE_LOOP ( 'NONE', ( #3324, #856, #315, #3005 ) ) ;
#5134 = ORIENTED_EDGE ( 'NONE', *, *, #4589, .F. ) ;
#5135 = EDGE_CURVE ( 'NONE', #2210, #2763, #4272, .T. ) ;
#5136 = CARTESIAN_POINT ( 'NONE',  ( 58.99999999999997158, 84.99999999999998579, 5.000000000000000000 ) ) ;
#5137 = ORIENTED_EDGE ( 'NONE', *, *, #1863, .T. ) ;
#5138 = ORIENTED_EDGE ( 'NONE', *, *, #5135, .F. ) ;
#5139 = EDGE_LOOP ( 'NONE', ( #1884, #2342, #4856, #4345 ) ) ;
#5140 = DIRECTION ( 'NONE',  ( 6.100126508929428801E-15, -1.000000000000000000, 0.000000000000000000 ) ) ;
#5141 = ADVANCED_FACE ( 'NONE', ( #4746, #4299 ), #2727, .T. ) ;
#5142 = EDGE_CURVE ( 'NONE', #3733, #703, #65, .T. ) ;
#5143 = EDGE_LOOP ( 'NONE', ( #3837, #4286, #4873, #4976 ) ) ;
#5144 = FACE_OUTER_BOUND ( 'NONE', #4011, .T. ) ;
#5145 = CARTESIAN_POINT ( 'NONE',  ( 18.50000000000000355, 2.000000000000000444, 2.000000000000000000 ) ) ;
#5146 = VECTOR ( 'NONE', #1449, 1000.000000000000000 ) ;
#5147 = EDGE_CURVE ( 'NONE', #4343, #508, #4766, .T. ) ;
#5148 = DIRECTION ( 'NONE',  ( -1.000000000000000000, 0.000000000000000000, -1.334402673828313586E-16 ) ) ;
#5149 = CARTESIAN_POINT ( 'NONE',  ( 60.99999999999998579, 24.49999999999998934, 11.94999999999999929 ) ) ;
#5150 = ORIENTED_EDGE ( 'NONE', *, *, #4025, .F. ) ;
#5151 = VECTOR ( 'NONE', #659, 1000.000000000000000 ) ;
#5152 = CARTESIAN_POINT ( 'NONE',  ( 58.99999999999998579, 18.24999999999999289, 11.94999999999999751 ) ) ;
#5153 = CARTESIAN_POINT ( 'NONE',  ( 58.99999999999997868, 65.00000000000000000, 4.999999999999997335 ) ) ;
#5154 = LINE ( 'NONE', #3886, #282 ) ;
#5155 = VECTOR ( 'NONE', #4218, 1000.000000000000000 ) ;
#5156 = DIRECTION ( 'NONE',  ( 0.000000000000000000, 1.000000000000000000, 2.478176394252579662E-16 ) ) ;
#5157 = ORIENTED_EDGE ( 'NONE', *, *, #5194, .F. ) ;
#5158 = VECTOR ( 'NONE', #3016, 1000.000000000000000 ) ;
#5159 = ORIENTED_EDGE ( 'NONE', *, *, #1731, .T. ) ;
#5160 = CARTESIAN_POINT ( 'NONE',  ( 58.99999999999999289, 32.00000000000000000, 7.000000000000000000 ) ) ;
#5161 = ORIENTED_EDGE ( 'NONE', *, *, #1441, .T. ) ;
#5162 = EDGE_LOOP ( 'NONE', ( #3909, #4487, #3377, #1457 ) ) ;
#5163 = VECTOR ( 'NONE', #4184, 1000.000000000000000 ) ;
#5164 = ORIENTED_EDGE ( 'NONE', *, *, #4451, .F. ) ;
#5165 = DIRECTION ( 'NONE',  ( 1.000000000000000000, 0.000000000000000000, -0.000000000000000000 ) ) ;
#5166 = EDGE_LOOP ( 'NONE', ( #1181, #4369 ) ) ;
#5167 = EDGE_CURVE ( 'NONE', #3783, #960, #4372, .T. ) ;
#5168 = EDGE_CURVE ( 'NONE', #2204, #1558, #4792, .T. ) ;
#5169 = VECTOR ( 'NONE', #4877, 1000.000000000000000 ) ;
#5170 = PLANE ( 'NONE',  #2848 ) ;
#5171 = CARTESIAN_POINT ( 'NONE',  ( 16.99999999999999645, 4.000000000000000000, 7.000000000000000000 ) ) ;
#5172 = DIRECTION ( 'NONE',  ( 0.000000000000000000, -0.000000000000000000, -1.000000000000000000 ) ) ;
#5173 = ORIENTED_EDGE ( 'NONE', *, *, #1091, .T. ) ;
#5174 = ADVANCED_FACE ( 'NONE', ( #4872 ), #2802, .F. ) ;
#5175 = FACE_OUTER_BOUND ( 'NONE', #1367, .T. ) ;
#5176 = CARTESIAN_POINT ( 'NONE',  ( 60.99999999999999289, 9.000000000000001776, 8.249999999999994671 ) ) ;
#5177 = DIRECTION ( 'NONE',  ( -7.304098846218140584E-16, 1.000000000000000000, 1.826024711554535146E-16 ) ) ;
#5178 = VECTOR ( 'NONE', #3180, 1000.000000000000000 ) ;
#5179 = DIRECTION ( 'NONE',  ( -0.000000000000000000, -1.000000000000000000, -0.000000000000000000 ) ) ;
#5180 = DIRECTION ( 'NONE',  ( 4.180056568618811991E-16, 0.000000000000000000, -1.000000000000000000 ) ) ;
#5182 = ADVANCED_FACE ( 'NONE', ( #2379 ), #4423, .T. ) ;
#5181 = VECTOR ( 'NONE', #2927, 1000.000000000000000 ) ;
#5183 = ORIENTED_EDGE ( 'NONE', *, *, #2434, .F. ) ;
#5184 = ORIENTED_EDGE ( 'NONE', *, *, #5147, .F. ) ;
#5185 = DIRECTION ( 'NONE',  ( -0.000000000000000000, -1.000000000000000000, -0.000000000000000000 ) ) ;
#5186 = ORIENTED_EDGE ( 'NONE', *, *, #2451, .F. ) ;
#5187 = EDGE_LOOP ( 'NONE', ( #141, #5229, #3162, #4493 ) ) ;
#5188 = VERTEX_POINT ( 'NONE', #2428 ) ;
#5189 = DIRECTION ( 'NONE',  ( 0.000000000000000000, 0.000000000000000000, -1.000000000000000000 ) ) ;
#5190 = EDGE_LOOP ( 'NONE', ( #763, #4859, #2829 ) ) ;
#5191 = CARTESIAN_POINT ( 'NONE',  ( 16.99999999999999645, 4.000000000000000000, 7.000000000000000000 ) ) ;
#5192 = DIRECTION ( 'NONE',  ( -0.000000000000000000, -0.000000000000000000, -1.000000000000000000 ) ) ;
#5193 = MECHANICAL_DESIGN_GEOMETRIC_PRESENTATION_REPRESENTATION (  '', ( #4937 ), #2901 ) ;
#5194 = EDGE_CURVE ( 'NONE', #3269, #3076, #2058, .T. ) ;
#5195 = CARTESIAN_POINT ( 'NONE',  ( 2.999999999999982236, -8.000000000000000000, 25.10000000000000142 ) ) ;
#5196 = ADVANCED_FACE ( 'NONE', ( #4049 ), #4502, .F. ) ;
#5197 = VERTEX_POINT ( 'NONE', #2854 ) ;
#5198 = CARTESIAN_POINT ( 'NONE',  ( 58.75000000000000000, -8.000000000000000000, -15.55634918610404327 ) ) ;
#5199 = DIRECTION ( 'NONE',  ( 1.000000000000000000, 0.000000000000000000, 0.000000000000000000 ) ) ;
#5200 = CARTESIAN_POINT ( 'NONE',  ( 1.999999999999999112, 5.000000000000000000, 2.000000000000010214 ) ) ;
#5201 = EDGE_CURVE ( 'NONE', #3119, #610, #1979, .T. ) ;
#5202 = CARTESIAN_POINT ( 'NONE',  ( 65.77499999999999147, -6.440415587219212590, 6.000000000000000000 ) ) ;
#5203 = ADVANCED_FACE ( 'NONE', ( #801 ), #2458, .F. ) ;
#5204 = VECTOR ( 'NONE', #1516, 1000.000000000000000 ) ;
#5205 = ORIENTED_EDGE ( 'NONE', *, *, #2871, .T. ) ;
#5206 = PLANE ( 'NONE',  #643 ) ;
#5207 = VECTOR ( 'NONE', #953, 1000.000000000000000 ) ;
#5208 = ORIENTED_EDGE ( 'NONE', *, *, #5230, .T. ) ;
#5209 = VECTOR ( 'NONE', #1209, 1000.000000000000000 ) ;
#5210 = CARTESIAN_POINT ( 'NONE',  ( 36.49999999999997868, 90.00000000000000000, 25.10000000000000142 ) ) ;
#5211 = EDGE_CURVE ( 'NONE', #5003, #2095, #855, .T. ) ;
#5212 = VECTOR ( 'NONE', #4562, 1000.000000000000000 ) ;
#5213 = VERTEX_POINT ( 'NONE', #4898 ) ;
#5214 = ORIENTED_EDGE ( 'NONE', *, *, #1527, .T. ) ;
#5215 = ORIENTED_EDGE ( 'NONE', *, *, #4546, .F. ) ;
#5216 = LINE ( 'NONE', #745, #3328 ) ;
#5217 = AXIS2_PLACEMENT_3D ( 'NONE', #2187, #4628, #3038 ) ;
#5218 = VERTEX_POINT ( 'NONE', #3604 ) ;
#5219 = ORIENTED_EDGE ( 'NONE', *, *, #1617, .F. ) ;
#5220 = CARTESIAN_POINT ( 'NONE',  ( 8.999999999999984013, 0.000000000000000000, 2.000000000000000000 ) ) ;
#5221 = CARTESIAN_POINT ( 'NONE',  ( 66.99999999999998579, 80.99999999999998579, 2.000000000000000000 ) ) ;
#5222 = DIRECTION ( 'NONE',  ( -0.5000000000000061062, 0.8660254037844351549, 0.000000000000000000 ) ) ;
#5223 = VERTEX_POINT ( 'NONE', #3631 ) ;
#5224 = DIRECTION ( 'NONE',  ( -1.000000000000000000, -1.541976423090495633E-16, -0.000000000000000000 ) ) ;
#5225 = FACE_OUTER_BOUND ( 'NONE', #3729, .T. ) ;
#5226 = FACE_OUTER_BOUND ( 'NONE', #4289, .T. ) ;
#5227 = DIRECTION ( 'NONE',  ( -1.000000000000000000, 0.000000000000000000, 1.045014142154702874E-16 ) ) ;
#5228 = CIRCLE ( 'NONE', #4973, 0.7500000000000006661 ) ;
#5229 = ORIENTED_EDGE ( 'NONE', *, *, #1624, .T. ) ;
#5230 = EDGE_CURVE ( 'NONE', #4199, #1192, #2778, .T. ) ;
#5231 = EDGE_CURVE ( 'NONE', #665, #3796, #2403, .T. ) ;
#5232 = LINE ( 'NONE', #383, #5146 ) ;
#5233 = EDGE_LOOP ( 'NONE', ( #2144, #4350, #3384, #3708 ) ) ;
#5234 = VECTOR ( 'NONE', #1264, 1000.000000000000000 ) ;
#5235 = CARTESIAN_POINT ( 'NONE',  ( 58.99999999999998579, 24.49999999999998934, 11.94999999999999929 ) ) ;
#5236 = AXIS2_PLACEMENT_3D ( 'NONE', #4051, #407, #2037 ) ;
#5237 = EDGE_LOOP ( 'NONE', ( #713, #2688, #4050, #1891, #1391, #210 ) ) ;
#5238 = VERTEX_POINT ( 'NONE', #829 ) ;
#5239 = EDGE_CURVE ( 'NONE', #2362, #1750, #4075, .T. ) ;
#5240 = CIRCLE ( 'NONE', #1084, 6.000000000000000000 ) ;
#5241 = ORIENTED_EDGE ( 'NONE', *, *, #869, .F. ) ;
#5242 = LINE ( 'NONE', #2473, #773 ) ;
#5243 = DIRECTION ( 'NONE',  ( 1.334402673828313586E-16, 0.000000000000000000, -1.000000000000000000 ) ) ;
#5244 = ORIENTED_EDGE ( 'NONE', *, *, #3809, .T. ) ;
#5245 = VERTEX_POINT ( 'NONE', #430 ) ;
#5246 = DIRECTION ( 'NONE',  ( 0.000000000000000000, 0.000000000000000000, 1.000000000000000000 ) ) ;
#5247 = PLANE ( 'NONE',  #2704 ) ;
#5248 = VECTOR ( 'NONE', #1056, 1000.000000000000000 ) ;
#5249 = CARTESIAN_POINT ( 'NONE',  ( 36.49999999999998579, 88.00000000000000000, 8.499999999999998224 ) ) ;
#5250 = AXIS2_PLACEMENT_3D ( 'NONE', #4348, #5066, #3446 ) ;
#5251 = EDGE_LOOP ( 'NONE', ( #1001, #944, #1418, #4809 ) ) ;
#5252 = FACE_OUTER_BOUND ( 'NONE', #18, .T. ) ;
#5253 = CARTESIAN_POINT ( 'NONE',  ( 60.99999999999998579, 90.00000000000000000, 25.10000000000000142 ) ) ;
#5254 = DIRECTION ( 'NONE',  ( 1.000000000000000000, 0.000000000000000000, 0.000000000000000000 ) ) ;
#5255 = DIRECTION ( 'NONE',  ( -0.000000000000000000, 1.000000000000000000, -0.000000000000000000 ) ) ;
#5256 = AXIS2_PLACEMENT_3D ( 'NONE', #1152, #1481, #1127 ) ;
#5257 = ORIENTED_EDGE ( 'NONE', *, *, #1442, .T. ) ;
#5258 = CARTESIAN_POINT ( 'NONE',  ( 2.999999991999983795, -3.061617095840134222E-17, 30.10000000000000142 ) ) ;
#5259 = LINE ( 'NONE', #6, #1634 ) ;
#5260 =( NAMED_UNIT ( * ) PLANE_ANGLE_UNIT ( ) SI_UNIT ( $, .RADIAN. ) );
#5261 = CARTESIAN_POINT ( 'NONE',  ( -0.2250000000000125233, 1.440415587219193938, 6.000000000000000000 ) ) ;
#5262 = EDGE_CURVE ( 'NONE', #1964, #1991, #24, .T. ) ;
#5263 = ADVANCED_FACE ( 'NONE', ( #4024 ), #374, .F. ) ;
#5264 = ORIENTED_EDGE ( 'NONE', *, *, #2861, .T. ) ;
#5265 = ORIENTED_EDGE ( 'NONE', *, *, #878, .F. ) ;
#5266 = ORIENTED_EDGE ( 'NONE', *, *, #1501, .T. ) ;
#5267 = CARTESIAN_POINT ( 'NONE',  ( 2.999999991999983795, 2.000000000000000888, 25.10000000000000142 ) ) ;
#5268 = CARTESIAN_POINT ( 'NONE',  ( -0.2249999999999731104, 88.55958441278082205, 0.000000000000000000 ) ) ;
#5269 = EDGE_CURVE ( 'NONE', #3481, #1062, #3229, .T. ) ;
#5270 = EDGE_LOOP ( 'NONE', ( #1362, #5244, #59, #4076 ) ) ;
#5271 = ORIENTED_EDGE ( 'NONE', *, *, #2469, .T. ) ;
#5272 = CARTESIAN_POINT ( 'NONE',  ( -7.689339828220195017, 3.000000000000000000, 4.336808689942017736E-16 ) ) ;
#5273 = CARTESIAN_POINT ( 'NONE',  ( 60.99999999999999289, 0.000000000000000000, 2.000000000000000000 ) ) ;
#5274 = CARTESIAN_POINT ( 'NONE',  ( -4.774999999999975486, 88.55958441278079363, 0.000000000000000000 ) ) ;
#5275 = EDGE_CURVE ( 'NONE', #4288, #1779, #2827, .T. ) ;
#5276 = ORIENTED_EDGE ( 'NONE', *, *, #27, .F. ) ;
#5277 = CARTESIAN_POINT ( 'NONE',  ( 0.000000000000000000, -7.250000000000000000, -0.000000000000000000 ) ) ;
#5278 = CARTESIAN_POINT ( 'NONE',  ( 65.77500000000004832, 1.440415587219181281, 6.000000000000000000 ) ) ;
ENDSEC;
END-ISO-10303-21;
