ISO-10303-21;
HEADER;
FILE_DESCRIPTION (( 'STEP AP203' ),
    '1' );
FILE_NAME ('PI_REM_BOTTOM_REVB.STEP',
    '2026-10-10T23:19:07',
    ( '' ),
    ( '' ),
    'SwSTEP 2.0',
    'SolidWorks 2026',
    '' );
FILE_SCHEMA (( 'CONFIG_CONTROL_DESIGN' ));
ENDSEC;

DATA;
#1 = CARTESIAN_POINT ( 'NONE',  ( 1.999999999999987121, 84.99999999999997158, 13.00000000000000178 ) ) ;
#2 = DIRECTION ( 'NONE',  ( 0.000000000000000000, -0.000000000000000000, 1.000000000000000000 ) ) ;
#3 = ORIENTED_EDGE ( 'NONE', *, *, #3350, .T. ) ;
#4 = CARTESIAN_POINT ( 'NONE',  ( 58.99999999999999289, 2.000000000000000000, 2.000000000000000000 ) ) ;
#5 = ORIENTED_EDGE ( 'NONE', *, *, #2107, .F. ) ;
#6 = CARTESIAN_POINT ( 'NONE',  ( 58.99999999999998579, 18.24999999999999289, 11.94999999999999751 ) ) ;
#7 = DIRECTION ( 'NONE',  ( 1.000000000000000000, -0.000000000000000000, -0.000000000000000000 ) ) ;
#8 = ORIENTED_EDGE ( 'NONE', *, *, #842, .T. ) ;
#9 = VECTOR ( 'NONE', #6159, 1000.000000000000114 ) ;
#10 = CARTESIAN_POINT ( 'NONE',  ( 60.99999999999997158, 84.99999999999998579, 2.000000000000000000 ) ) ;
#11 = AXIS2_PLACEMENT_3D ( 'NONE', #5976, #1526, #591 ) ;
#12 = AXIS2_PLACEMENT_3D ( 'NONE', #5323, #868, #1872 ) ;
#13 = CARTESIAN_POINT ( 'NONE',  ( -1.658829323902822770E-15, 9.000000000000003553, 2.000000000000000000 ) ) ;
#14 = ORIENTED_EDGE ( 'NONE', *, *, #1412, .F. ) ;
#15 = ORIENTED_EDGE ( 'NONE', *, *, #4114, .F. ) ;
#16 = VECTOR ( 'NONE', #4397, 1000.000000000000000 ) ;
#17 = CARTESIAN_POINT ( 'NONE',  ( 1.999999999999986677, 87.99999999999998579, 2.000000000000000000 ) ) ;
#18 = CARTESIAN_POINT ( 'NONE',  ( 57.99999999999998579, 87.00000000000000000, 43.48477631085023631 ) ) ;
#19 = EDGE_LOOP ( 'NONE', ( #4154, #2715, #2681, #3133, #4498, #658 ) ) ;
#20 = CARTESIAN_POINT ( 'NONE',  ( -0.8730562751871727700, 88.95000000000001705, 6.000000000000000000 ) ) ;
#21 = CARTESIAN_POINT ( 'NONE',  ( 60.99999999999998579, 37.99999999999999289, 8.250000000000000000 ) ) ;
#22 = EDGE_LOOP ( 'NONE', ( #1013, #884, #5340, #2064 ) ) ;
#23 = DIRECTION ( 'NONE',  ( 0.000000000000000000, -0.000000000000000000, 1.000000000000000000 ) ) ;
#24 = CARTESIAN_POINT ( 'NONE',  ( -9.249999999999998224, 87.00000000000000000, -18.38477631085023489 ) ) ;
#25 = ADVANCED_FACE ( 'NONE', ( #361 ), #1361, .T. ) ;
#26 = CARTESIAN_POINT ( 'NONE',  ( 29.71995838912544485, 0.000000000000000000, 16.00000000000000000 ) ) ;
#27 = DIRECTION ( 'NONE',  ( -0.5000000000000007772, 0.8660254037844381525, 0.000000000000000000 ) ) ;
#28 = CARTESIAN_POINT ( 'NONE',  ( 61.87305627518720286, 1.050000000000004485, 0.000000000000000000 ) ) ;
#29 = CARTESIAN_POINT ( 'NONE',  ( -4.770489558936219510E-15, 32.00000000000000000, 2.000000000000006661 ) ) ;
#30 = ORIENTED_EDGE ( 'NONE', *, *, #2134, .T. ) ;
#31 = AXIS2_PLACEMENT_3D ( 'NONE', #1164, #2690, #5703 ) ;
#32 = EDGE_CURVE ( 'NONE', #1752, #6002, #944, .T. ) ;
#33 = LINE ( 'NONE', #2533, #6308 ) ;
#34 = AXIS2_PLACEMENT_3D ( 'NONE', #4492, #2148, #1632 ) ;
#35 = CARTESIAN_POINT ( 'NONE',  ( 58.99999999999998579, 45.00000000000000000, 25.10000000000000142 ) ) ;
#36 = EDGE_LOOP ( 'NONE', ( #1229, #3528, #5922, #1870 ) ) ;
#37 = DIRECTION ( 'NONE',  ( 0.000000000000000000, -1.000000000000000000, 0.000000000000000000 ) ) ;
#38 = VERTEX_POINT ( 'NONE', #1852 ) ;
#39 = DATE_TIME_ROLE ( 'classification_date' ) ;
#40 = LINE ( 'NONE', #5909, #3652 ) ;
#41 = PLANE ( 'NONE',  #5940 ) ;
#42 = ORIENTED_EDGE ( 'NONE', *, *, #2849, .T. ) ;
#43 = AXIS2_PLACEMENT_3D ( 'NONE', #3577, #2986, #4063 ) ;
#44 = LINE ( 'NONE', #3031, #5560 ) ;
#45 = PLANE ( 'NONE',  #6423 ) ;
#46 = ORIENTED_EDGE ( 'NONE', *, *, #4871, .T. ) ;
#47 = ORIENTED_EDGE ( 'NONE', *, *, #375, .T. ) ;
#48 = ORIENTED_EDGE ( 'NONE', *, *, #334, .T. ) ;
#49 = LINE ( 'NONE', #3071, #118 ) ;
#50 = CARTESIAN_POINT ( 'NONE',  ( 60.99999999999998579, 31.49999999999999289, 11.95000000000000284 ) ) ;
#51 = ORIENTED_EDGE ( 'NONE', *, *, #64, .T. ) ;
#52 = DIRECTION ( 'NONE',  ( -1.000000000000000000, 0.000000000000000000, 0.000000000000000000 ) ) ;
#53 = CARTESIAN_POINT ( 'NONE',  ( 70.24999999999998579, 87.00000000000000000, 0.000000000000000000 ) ) ;
#54 = ORIENTED_EDGE ( 'NONE', *, *, #4592, .F. ) ;
#55 = CIRCLE ( 'NONE', #892, 6.000000000000005329 ) ;
#56 = CARTESIAN_POINT ( 'NONE',  ( 58.99999999999998579, 37.99999999999999289, 8.250000000000000000 ) ) ;
#57 = CARTESIAN_POINT ( 'NONE',  ( 58.99999999999997868, 49.99999999999999289, 12.99999999999999645 ) ) ;
#58 = EDGE_CURVE ( 'NONE', #5014, #38, #3447, .T. ) ;
#59 = CARTESIAN_POINT ( 'NONE',  ( -1.527864045000426385, 84.99999999999997158, 1.999999999999998224 ) ) ;
#60 = PLANE ( 'NONE',  #725 ) ;
#61 = DIRECTION ( 'NONE',  ( 1.000000000000000000, 0.000000000000000000, 0.000000000000000000 ) ) ;
#62 = LINE ( 'NONE', #5032, #350 ) ;
#63 = VERTEX_POINT ( 'NONE', #1943 ) ;
#64 = EDGE_CURVE ( 'NONE', #961, #2021, #3866, .T. ) ;
#65 = PLANE ( 'NONE',  #5885 ) ;
#66 = AXIS2_PLACEMENT_3D ( 'NONE', #4941, #6347, #1890 ) ;
#67 = DIRECTION ( 'NONE',  ( -1.000000000000000000, 0.000000000000000000, 0.000000000000000000 ) ) ;
#68 = ADVANCED_FACE ( 'NONE', ( #3838 ), #423, .F. ) ;
#69 = EDGE_LOOP ( 'NONE', ( #4979, #5874, #2607, #2747 ) ) ;
#70 = CARTESIAN_POINT ( 'NONE',  ( -1.527864045000369986, 5.000000000000060396, 2.000000000000001776 ) ) ;
#71 = ORIENTED_EDGE ( 'NONE', *, *, #3573, .T. ) ;
#72 = PLANE ( 'NONE',  #318 ) ;
#73 = CARTESIAN_POINT ( 'NONE',  ( 67.12694372481279004, 1.050000000000004485, 0.000000000000000000 ) ) ;
#74 = VERTEX_POINT ( 'NONE', #2405 ) ;
#75 = PLANE ( 'NONE',  #4421 ) ;
#76 = EDGE_CURVE ( 'NONE', #3069, #5496, #843, .T. ) ;
#77 = CARTESIAN_POINT ( 'NONE',  ( 58.99999999999998579, 45.00000000000000000, 25.10000000000000142 ) ) ;
#78 = VERTEX_POINT ( 'NONE', #1916 ) ;
#79 = ORIENTED_EDGE ( 'NONE', *, *, #3435, .T. ) ;
#80 = EDGE_CURVE ( 'NONE', #3321, #2295, #484, .T. ) ;
#81 = ORIENTED_EDGE ( 'NONE', *, *, #1489, .T. ) ;
#82 = CARTESIAN_POINT ( 'NONE',  ( 58.99999999999998579, 45.00000000000000000, 8.250000000000001776 ) ) ;
#83 = APPROVAL_PERSON_ORGANIZATION ( #1493, #1736, #6011 ) ;
#84 = DIRECTION ( 'NONE',  ( -0.000000000000000000, -1.000000000000000000, -0.000000000000000000 ) ) ;
#85 = ORIENTED_EDGE ( 'NONE', *, *, #4835, .T. ) ;
#86 = ADVANCED_FACE ( 'NONE', ( #5781 ), #5812, .F. ) ;
#87 = DIRECTION ( 'NONE',  ( 1.541976423090495633E-16, -1.000000000000000000, 1.284980352575413932E-16 ) ) ;
#88 = CARTESIAN_POINT ( 'NONE',  ( 2.999999991999983795, -3.061617095840134222E-17, 32.11556443806691874 ) ) ;
#89 = ORIENTED_EDGE ( 'NONE', *, *, #4603, .T. ) ;
#90 = VECTOR ( 'NONE', #5607, 1000.000000000000000 ) ;
#91 = VECTOR ( 'NONE', #5447, 1000.000000000000000 ) ;
#92 = CARTESIAN_POINT ( 'NONE',  ( 60.99999999999998579, 45.00000000000000000, 25.10000000000000142 ) ) ;
#93 = AXIS2_PLACEMENT_3D ( 'NONE', #2680, #3325, #696 ) ;
#94 = PLANE ( 'NONE',  #4678 ) ;
#95 = VERTEX_POINT ( 'NONE', #457 ) ;
#96 = VECTOR ( 'NONE', #4950, 1000.000000000000000 ) ;
#97 = DIRECTION ( 'NONE',  ( 0.000000000000000000, 0.000000000000000000, -1.000000000000000000 ) ) ;
#98 = CARTESIAN_POINT ( 'NONE',  ( 43.99999999999998579, 2.000000000000000000, 7.000000000000000000 ) ) ;
#99 = LINE ( 'NONE', #2035, #1566 ) ;
#100 = EDGE_CURVE ( 'NONE', #908, #2869, #973, .T. ) ;
#101 = CARTESIAN_POINT ( 'NONE',  ( 60.99999999999999289, 8.749999999999996447, 8.249999999999994671 ) ) ;
#102 = VERTEX_POINT ( 'NONE', #2892 ) ;
#103 = DIRECTION ( 'NONE',  ( 1.000000000000000000, 2.312964634635743450E-16, -0.000000000000000000 ) ) ;
#104 = CARTESIAN_POINT ( 'NONE',  ( 58.99999999999998579, 63.50000000000000000, 7.000000000000000000 ) ) ;
#105 = ORIENTED_EDGE ( 'NONE', *, *, #1705, .T. ) ;
#106 = DIRECTION ( 'NONE',  ( -0.000000000000000000, -1.000000000000000000, -0.000000000000000000 ) ) ;
#107 = ORIENTED_EDGE ( 'NONE', *, *, #112, .F. ) ;
#108 = FACE_OUTER_BOUND ( 'NONE', #36, .T. ) ;
#109 = CARTESIAN_POINT ( 'NONE',  ( 2.249999999999982236, -9.249999999999998224, 25.10000000000000142 ) ) ;
#110 = VERTEX_POINT ( 'NONE', #2823 ) ;
#111 = DIRECTION ( 'NONE',  ( -1.000000000000000000, -0.000000000000000000, -0.000000000000000000 ) ) ;
#112 = EDGE_CURVE ( 'NONE', #1404, #3746, #5362, .T. ) ;
#113 = PLANE ( 'NONE',  #4348 ) ;
#114 = VERTEX_POINT ( 'NONE', #1883 ) ;
#115 = ORIENTED_EDGE ( 'NONE', *, *, #2937, .T. ) ;
#116 = VERTEX_POINT ( 'NONE', #5847 ) ;
#117 = LINE ( 'NONE', #5170, #836 ) ;
#118 = VECTOR ( 'NONE', #1467, 1000.000000000000000 ) ;
#119 = CARTESIAN_POINT ( 'NONE',  ( 41.99999999999999289, 2.000000000000000000, 13.00000000000000355 ) ) ;
#120 = EDGE_LOOP ( 'NONE', ( #4503, #4668, #4595, #5232 ) ) ;
#121 = VECTOR ( 'NONE', #510, 1000.000000000000000 ) ;
#122 = VECTOR ( 'NONE', #2964, 1000.000000000000000 ) ;
#123 = VECTOR ( 'NONE', #6428, 1000.000000000000000 ) ;
#124 = LINE ( 'NONE', #3526, #5581 ) ;
#125 = EDGE_CURVE ( 'NONE', #3089, #487, #4357, .T. ) ;
#126 = CARTESIAN_POINT ( 'NONE',  ( 2.999999991999983795, -6.000000000000000000, 28.43333333333333357 ) ) ;
#127 = ORIENTED_EDGE ( 'NONE', *, *, #4997, .F. ) ;
#128 = AXIS2_PLACEMENT_3D ( 'NONE', #4362, #4398, #2863 ) ;
#129 = VECTOR ( 'NONE', #3756, 1000.000000000000000 ) ;
#130 = FACE_OUTER_BOUND ( 'NONE', #3681, .T. ) ;
#131 = AXIS2_PLACEMENT_3D ( 'NONE', #2753, #288, #1686 ) ;
#132 = DIRECTION ( 'NONE',  ( 0.000000000000000000, 1.000000000000000000, 0.000000000000000000 ) ) ;
#133 = ORIENTED_EDGE ( 'NONE', *, *, #3202, .F. ) ;
#134 = VECTOR ( 'NONE', #4966, 1000.000000000000000 ) ;
#135 = LINE ( 'NONE', #995, #3923 ) ;
#136 = DIRECTION ( 'NONE',  ( -0.8660254037844385966, 0.5000000000000003331, 0.000000000000000000 ) ) ;
#137 = CARTESIAN_POINT ( 'NONE',  ( 8.999999999999984013, -6.000000000000000000, 43.48477631085023631 ) ) ;
#138 = CARTESIAN_POINT ( 'NONE',  ( 1.999999999999987121, 84.99999999999997158, 5.000000000000000000 ) ) ;
#139 = CARTESIAN_POINT ( 'NONE',  ( 27.71995838912544485, 2.000000000000000000, 16.00000000000000355 ) ) ;
#140 = CYLINDRICAL_SURFACE ( 'NONE', #5410, 5.999999999999998224 ) ;
#141 = ORIENTED_EDGE ( 'NONE', *, *, #641, .F. ) ;
#142 = LINE ( 'NONE', #4488, #1382 ) ;
#143 = ORIENTED_EDGE ( 'NONE', *, *, #5120, .F. ) ;
#144 = CARTESIAN_POINT ( 'NONE',  ( 58.99999999999999289, 32.00000000000000000, 7.000000000000000000 ) ) ;
#145 = ORIENTED_EDGE ( 'NONE', *, *, #343, .T. ) ;
#146 = CARTESIAN_POINT ( 'NONE',  ( 69.75388744962558008, 93.49999999999998579, 6.000000000000000000 ) ) ;
#147 = EDGE_CURVE ( 'NONE', #1436, #1853, #1392, .T. ) ;
#148 = CARTESIAN_POINT ( 'NONE',  ( 60.99999999999998579, 24.49999999999998934, 8.250000000000000000 ) ) ;
#149 = ORIENTED_EDGE ( 'NONE', *, *, #4485, .T. ) ;
#150 = VERTEX_POINT ( 'NONE', #2466 ) ;
#151 = ORIENTED_EDGE ( 'NONE', *, *, #3044, .T. ) ;
#152 = EDGE_CURVE ( 'NONE', #5405, #6267, #907, .T. ) ;
#153 = CARTESIAN_POINT ( 'NONE',  ( -0.8730562751872177341, 1.050000000000000488, 6.000000000000000000 ) ) ;
#154 = VECTOR ( 'NONE', #263, 1000.000000000000000 ) ;
#155 = CARTESIAN_POINT ( 'NONE',  ( 58.99999999999998579, 63.50000000000000000, 7.000000000000000000 ) ) ;
#156 = ORIENTED_EDGE ( 'NONE', *, *, #1661, .F. ) ;
#157 = VECTOR ( 'NONE', #2697, 1000.000000000000000 ) ;
#158 = CYLINDRICAL_SURFACE ( 'NONE', #5880, 0.7500000000000000000 ) ;
#159 = EDGE_CURVE ( 'NONE', #5696, #5602, #4872, .T. ) ;
#160 = ORIENTED_EDGE ( 'NONE', *, *, #4367, .T. ) ;
#161 = EDGE_CURVE ( 'NONE', #2869, #3055, #3234, .T. ) ;
#162 = DIRECTION ( 'NONE',  ( -0.000000000000000000, -0.000000000000000000, 1.000000000000000000 ) ) ;
#163 = LINE ( 'NONE', #4213, #417 ) ;
#164 = EDGE_CURVE ( 'NONE', #5287, #4483, #2400, .T. ) ;
#165 = VERTEX_POINT ( 'NONE', #5004 ) ;
#166 = DIRECTION ( 'NONE',  ( -1.000000000000000000, -3.301790326894848328E-16, 0.000000000000000000 ) ) ;
#167 = EDGE_CURVE ( 'NONE', #4228, #674, #3024, .T. ) ;
#168 = PLANE ( 'NONE',  #422 ) ;
#169 = DIRECTION ( 'NONE',  ( 0.000000000000000000, 1.000000000000000000, -1.156482317317871725E-16 ) ) ;
#170 = DIRECTION ( 'NONE',  ( 1.000000000000000000, 2.312964634635743450E-16, -0.000000000000000000 ) ) ;
#171 = CARTESIAN_POINT ( 'NONE',  ( 22.50000000000000000, 2.000000000000000000, 13.00000000000000178 ) ) ;
#172 = ORIENTED_EDGE ( 'NONE', *, *, #3398, .T. ) ;
#173 = CARTESIAN_POINT ( 'NONE',  ( 58.99999999999999289, 2.000000000000000000, 2.000000000000000000 ) ) ;
#174 = LINE ( 'NONE', #5107, #667 ) ;
#175 = ORIENTED_EDGE ( 'NONE', *, *, #3799, .T. ) ;
#176 = FACE_OUTER_BOUND ( 'NONE', #3645, .T. ) ;
#177 = CIRCLE ( 'NONE', #5769, 6.000000000000005329 ) ;
#178 = LINE ( 'NONE', #5466, #708 ) ;
#179 = ORIENTED_EDGE ( 'NONE', *, *, #1132, .T. ) ;
#180 = ORIENTED_EDGE ( 'NONE', *, *, #4286, .T. ) ;
#181 = ORIENTED_EDGE ( 'NONE', *, *, #3704, .T. ) ;
#182 = CARTESIAN_POINT ( 'NONE',  ( 61.87305627518720286, 98.04999999999998295, 6.000000000000000000 ) ) ;
#183 = EDGE_CURVE ( 'NONE', #715, #3562, #4597, .T. ) ;
#184 = CARTESIAN_POINT ( 'NONE',  ( 70.24999999999998579, 99.24999999999997158, 0.7500000000000000000 ) ) ;
#185 = ORIENTED_EDGE ( 'NONE', *, *, #2937, .F. ) ;
#186 = EDGE_CURVE ( 'NONE', #110, #2673, #1978, .T. ) ;
#187 = DIRECTION ( 'NONE',  ( -1.000000000000000000, 0.000000000000000000, 0.000000000000000000 ) ) ;
#188 = CARTESIAN_POINT ( 'NONE',  ( 2.999999999999983569, -6.000000000000000000, 30.10000000000000142 ) ) ;
#189 = ORIENTED_EDGE ( 'NONE', *, *, #592, .F. ) ;
#190 = DIRECTION ( 'NONE',  ( -1.000000000000000000, 0.000000000000000000, 1.045014142154702998E-16 ) ) ;
#191 = EDGE_CURVE ( 'NONE', #3999, #956, #4030, .T. ) ;
#192 = DIRECTION ( 'NONE',  ( 0.000000000000000000, 0.000000000000000000, -1.000000000000000000 ) ) ;
#193 = EDGE_CURVE ( 'NONE', #252, #5406, #718, .T. ) ;
#194 = VERTEX_POINT ( 'NONE', #2116 ) ;
#195 = DIRECTION ( 'NONE',  ( -0.000000000000000000, -0.000000000000000000, -1.000000000000000000 ) ) ;
#196 = AXIS2_PLACEMENT_3D ( 'NONE', #88, #5055, #1614 ) ;
#197 = VECTOR ( 'NONE', #3307, 1000.000000000000000 ) ;
#198 = DIRECTION ( 'NONE',  ( -0.4999999999999943934, -0.8660254037844420383, 0.000000000000000000 ) ) ;
#199 = EDGE_CURVE ( 'NONE', #5308, #1725, #1554, .T. ) ;
#200 = VECTOR ( 'NONE', #2643, 1000.000000000000000 ) ;
#201 = DIRECTION ( 'NONE',  ( 1.000000000000000000, 0.000000000000000000, 0.000000000000000000 ) ) ;
#202 = VERTEX_POINT ( 'NONE', #5592 ) ;
#203 = LINE ( 'NONE', #772, #4093 ) ;
#204 = DIRECTION ( 'NONE',  ( -0.000000000000000000, -0.000000000000000000, 1.000000000000000000 ) ) ;
#205 = VERTEX_POINT ( 'NONE', #35 ) ;
#206 = CARTESIAN_POINT ( 'NONE',  ( 2.999999999999981792, -9.999999999999998224, 0.7500000000000006661 ) ) ;
#207 = CARTESIAN_POINT ( 'NONE',  ( 52.00000000000000000, 0.000000000000000000, 2.000000000000000000 ) ) ;
#208 = ORIENTED_EDGE ( 'NONE', *, *, #2324, .F. ) ;
#209 = EDGE_LOOP ( 'NONE', ( #1289, #2338, #5825, #5687, #2159, #71, #1773, #2538, #5079, #4064, #6051, #2241, #5902, #1314, #2085, #4419, #356, #2284, #3399, #554 ) ) ;
#210 = ORIENTED_EDGE ( 'NONE', *, *, #578, .F. ) ;
#211 = CARTESIAN_POINT ( 'NONE',  ( 1.999999999999990008, 65.00000000000000000, 5.000000000000001776 ) ) ;
#212 = DIRECTION ( 'NONE',  ( -0.000000000000000000, -0.000000000000000000, 1.000000000000000000 ) ) ;
#213 = EDGE_LOOP ( 'NONE', ( #4654, #467, #1371, #4661 ) ) ;
#214 = LINE ( 'NONE', #2799, #586 ) ;
#215 = DIRECTION ( 'NONE',  ( -1.000000000000000000, 0.000000000000000000, 0.000000000000000000 ) ) ;
#216 = ORIENTED_EDGE ( 'NONE', *, *, #2001, .T. ) ;
#217 = CARTESIAN_POINT ( 'NONE',  ( 60.99999999999998579, 90.00000000000000000, 25.10000000000000142 ) ) ;
#218 = VECTOR ( 'NONE', #3200, 1000.000000000000000 ) ;
#219 = CARTESIAN_POINT ( 'NONE',  ( 60.99999999999997868, 49.99999999999999289, 12.99999999999999645 ) ) ;
#220 = AXIS2_PLACEMENT_3D ( 'NONE', #719, #1756, #848 ) ;
#221 = ORIENTED_EDGE ( 'NONE', *, *, #5349, .T. ) ;
#222 = AXIS2_PLACEMENT_3D ( 'NONE', #791, #3235, #2291 ) ;
#223 = FACE_OUTER_BOUND ( 'NONE', #4092, .T. ) ;
#224 = EDGE_CURVE ( 'NONE', #403, #2531, #618, .T. ) ;
#225 = CARTESIAN_POINT ( 'NONE',  ( 18.50000000000000000, 4.000000000000000000, 7.000000000000000000 ) ) ;
#226 = LINE ( 'NONE', #709, #3440 ) ;
#227 = ORIENTED_EDGE ( 'NONE', *, *, #1320, .T. ) ;
#228 = CARTESIAN_POINT ( 'NONE',  ( 10.00000000000000000, 0.000000000000000000, 20.00000000000000000 ) ) ;
#229 = EDGE_CURVE ( 'NONE', #6031, #5238, #5181, .T. ) ;
#230 = DIRECTION ( 'NONE',  ( -1.000000000000000000, 0.000000000000000000, 0.000000000000000000 ) ) ;
#231 = ORIENTED_EDGE ( 'NONE', *, *, #5629, .F. ) ;
#232 = CARTESIAN_POINT ( 'NONE',  ( 56.99999999999997868, 88.00000000000000000, 25.10000000000000142 ) ) ;
#233 = EDGE_CURVE ( 'NONE', #5510, #2689, #6078, .T. ) ;
#234 = ORIENTED_EDGE ( 'NONE', *, *, #1376, .F. ) ;
#235 = ORIENTED_EDGE ( 'NONE', *, *, #4997, .T. ) ;
#236 = CARTESIAN_POINT ( 'NONE',  ( -3.499999999999998224, 93.50000000000000000, 6.000000000000000000 ) ) ;
#237 = ADVANCED_FACE ( 'NONE', ( #5525 ), #4553, .F. ) ;
#238 = DIRECTION ( 'NONE',  ( 1.000000000000000000, 1.541976423090495633E-16, 0.000000000000000000 ) ) ;
#239 = VERTEX_POINT ( 'NONE', #104 ) ;
#240 = FACE_OUTER_BOUND ( 'NONE', #463, .T. ) ;
#241 = VECTOR ( 'NONE', #830, 1000.000000000000000 ) ;
#242 = CARTESIAN_POINT ( 'NONE',  ( 58.99999999999999289, 2.000000000000000000, 2.000000000000000000 ) ) ;
#243 = ORIENTED_EDGE ( 'NONE', *, *, #4608, .F. ) ;
#244 = VECTOR ( 'NONE', #7, 1000.000000000000000 ) ;
#245 = ORIENTED_EDGE ( 'NONE', *, *, #1612, .T. ) ;
#246 = CARTESIAN_POINT ( 'NONE',  ( 16.99999999999999645, 4.000000000000000000, 7.000000000000000000 ) ) ;
#247 = AXIS2_PLACEMENT_3D ( 'NONE', #5260, #802, #2787 ) ;
#248 = DIRECTION ( 'NONE',  ( 1.000000000000000000, -1.521687259628778569E-17, 0.000000000000000000 ) ) ;
#249 = VECTOR ( 'NONE', #5255, 1000.000000000000000 ) ;
#250 = EDGE_CURVE ( 'NONE', #2859, #2869, #3836, .T. ) ;
#251 = ORIENTED_EDGE ( 'NONE', *, *, #4772, .T. ) ;
#252 = VERTEX_POINT ( 'NONE', #3610 ) ;
#253 = CARTESIAN_POINT ( 'NONE',  ( 0.000000000000000000, 2.000000000000000000, 30.10000000000000142 ) ) ;
#254 = EDGE_CURVE ( 'NONE', #6200, #925, #2080, .T. ) ;
#255 = DIRECTION ( 'NONE',  ( 0.000000000000000000, 0.000000000000000000, 1.000000000000000000 ) ) ;
#256 = EDGE_CURVE ( 'NONE', #3261, #4143, #652, .T. ) ;
#257 = EDGE_CURVE ( 'NONE', #6233, #528, #1105, .T. ) ;
#258 = CARTESIAN_POINT ( 'NONE',  ( 57.99999999999999289, 2.000000000000000000, 25.10000000000000142 ) ) ;
#259 = ORIENTED_EDGE ( 'NONE', *, *, #5219, .F. ) ;
#260 = CARTESIAN_POINT ( 'NONE',  ( 1.999999999999999112, 5.000000000000000888, 13.00000000000001066 ) ) ;
#261 = VECTOR ( 'NONE', #6172, 1000.000000000000000 ) ;
#262 = ADVANCED_FACE ( 'NONE', ( #5073 ), #140, .F. ) ;
#263 = DIRECTION ( 'NONE',  ( -0.000000000000000000, -1.000000000000000000, -0.000000000000000000 ) ) ;
#264 = ORIENTED_EDGE ( 'NONE', *, *, #5261, .T. ) ;
#265 = LINE ( 'NONE', #4225, #1616 ) ;
#266 = EDGE_CURVE ( 'NONE', #2858, #3173, #1488, .T. ) ;
#267 = ORIENTED_EDGE ( 'NONE', *, *, #2744, .T. ) ;
#268 = ORIENTED_EDGE ( 'NONE', *, *, #1212, .F. ) ;
#269 = PLANE ( 'NONE',  #2191 ) ;
#270 = ORIENTED_EDGE ( 'NONE', *, *, #4871, .F. ) ;
#271 = EDGE_CURVE ( 'NONE', #4009, #6163, #4707, .T. ) ;
#272 = CARTESIAN_POINT ( 'NONE',  ( -3.500000000000017764, -3.499999999999999112, 25.10000000000000142 ) ) ;
#273 = DIRECTION ( 'NONE',  ( 1.000000000000000000, 0.000000000000000000, 0.000000000000000000 ) ) ;
#274 = EDGE_LOOP ( 'NONE', ( #2029, #5815, #1933, #5441 ) ) ;
#275 = ADVANCED_FACE ( 'NONE', ( #3672 ), #3153, .T. ) ;
#276 = VERTEX_POINT ( 'NONE', #4650 ) ;
#277 = LINE ( 'NONE', #5244, #4233 ) ;
#278 = CARTESIAN_POINT ( 'NONE',  ( -1.200000000000017497, -3.499999999999999112, 6.000000000000000000 ) ) ;
#279 = CARTESIAN_POINT ( 'NONE',  ( 56.99999999999997868, 33.50000000000000000, 7.000000000000000000 ) ) ;
#280 = CARTESIAN_POINT ( 'NONE',  ( 22.15000000000000213, 88.00000000000000000, 25.10000000000000497 ) ) ;
#281 = DIRECTION ( 'NONE',  ( -0.000000000000000000, -0.000000000000000000, -1.000000000000000000 ) ) ;
#282 = ORIENTED_EDGE ( 'NONE', *, *, #3729, .T. ) ;
#283 = ORIENTED_EDGE ( 'NONE', *, *, #3890, .T. ) ;
#284 = DIRECTION ( 'NONE',  ( -7.709882115452476934E-17, 1.000000000000000000, 0.000000000000000000 ) ) ;
#285 = VECTOR ( 'NONE', #2651, 1000.000000000000000 ) ;
#286 = CARTESIAN_POINT ( 'NONE',  ( 60.99999999999998579, 37.99999999999999289, 11.95000000000000462 ) ) ;
#287 = VECTOR ( 'NONE', #1313, 1000.000000000000000 ) ;
#288 = DIRECTION ( 'NONE',  ( -0.8660254037844384856, 0.5000000000000003331, 0.000000000000000000 ) ) ;
#289 = VECTOR ( 'NONE', #5483, 1000.000000000000000 ) ;
#290 = ORIENTED_EDGE ( 'NONE', *, *, #4267, .T. ) ;
#291 = LINE ( 'NONE', #1169, #1277 ) ;
#292 = LINE ( 'NONE', #1786, #1593 ) ;
#293 = EDGE_LOOP ( 'NONE', ( #2575, #795, #5460, #5884 ) ) ;
#294 = CIRCLE ( 'NONE', #2166, 6.000000000000000000 ) ;
#295 = LINE ( 'NONE', #6239, #3588 ) ;
#296 = ORIENTED_EDGE ( 'NONE', *, *, #5474, .F. ) ;
#297 = VERTEX_POINT ( 'NONE', #3273 ) ;
#298 = DIRECTION ( 'NONE',  ( -0.000000000000000000, -0.000000000000000000, 1.000000000000000000 ) ) ;
#299 = DIRECTION ( 'NONE',  ( -1.000000000000000000, 0.000000000000000000, 0.000000000000000000 ) ) ;
#300 = DIRECTION ( 'NONE',  ( 0.5000000000000000000, -0.8660254037844385966, 0.000000000000000000 ) ) ;
#301 = EDGE_CURVE ( 'NONE', #6157, #4404, #1167, .T. ) ;
#302 = ORIENTED_EDGE ( 'NONE', *, *, #4096, .T. ) ;
#303 = DIRECTION ( 'NONE',  ( -0.000000000000000000, 1.000000000000000000, -0.000000000000000000 ) ) ;
#304 = LINE ( 'NONE', #786, #2367 ) ;
#305 = VERTEX_POINT ( 'NONE', #3181 ) ;
#306 = ORIENTED_EDGE ( 'NONE', *, *, #1107, .T. ) ;
#307 = LINE ( 'NONE', #4725, #5274 ) ;
#308 = DIRECTION ( 'NONE',  ( 0.000000000000000000, 0.000000000000000000, -1.000000000000000000 ) ) ;
#309 = CARTESIAN_POINT ( 'NONE',  ( 57.99999999999999289, -9.249999999999998224, -18.38477631085023489 ) ) ;
#310 = EDGE_CURVE ( 'NONE', #881, #4566, #739, .T. ) ;
#311 = CARTESIAN_POINT ( 'NONE',  ( 1.999999999999987121, 84.99999999999997158, 16.00000000000000000 ) ) ;
#312 = FACE_OUTER_BOUND ( 'NONE', #1226, .T. ) ;
#313 = ORIENTED_EDGE ( 'NONE', *, *, #5375, .F. ) ;
#314 = ORIENTED_EDGE ( 'NONE', *, *, #890, .T. ) ;
#315 = CARTESIAN_POINT ( 'NONE',  ( 1.999999999999999112, 5.000000000000000888, 13.00000000000001066 ) ) ;
#316 = AXIS2_PLACEMENT_3D ( 'NONE', #6059, #4174, #666 ) ;
#317 = DIRECTION ( 'NONE',  ( 1.000000000000000000, 0.000000000000000000, 0.000000000000000000 ) ) ;
#318 = AXIS2_PLACEMENT_3D ( 'NONE', #4036, #4000, #3968 ) ;
#319 = AXIS2_PLACEMENT_3D ( 'NONE', #577, #5446, #6038 ) ;
#320 = FACE_BOUND ( 'NONE', #3623, .T. ) ;
#321 = ORIENTED_EDGE ( 'NONE', *, *, #1961, .F. ) ;
#322 = AXIS2_PLACEMENT_3D ( 'NONE', #4332, #3256, #4717 ) ;
#323 = DIRECTION ( 'NONE',  ( 0.000000000000000000, 0.000000000000000000, -1.000000000000000000 ) ) ;
#324 = DIRECTION ( 'NONE',  ( 0.000000000000000000, -1.000000000000000000, 0.000000000000000000 ) ) ;
#325 = VERTEX_POINT ( 'NONE', #3731 ) ;
#326 = LINE ( 'NONE', #3412, #6076 ) ;
#327 = ORIENTED_EDGE ( 'NONE', *, *, #3993, .F. ) ;
#328 = VERTEX_POINT ( 'NONE', #5160 ) ;
#329 = VERTEX_POINT ( 'NONE', #258 ) ;
#330 = CARTESIAN_POINT ( 'NONE',  ( 0.000000000000000000, 0.000000000000000000, 0.000000000000000000 ) ) ;
#331 = CARTESIAN_POINT ( 'NONE',  ( 69.75388744962558008, 93.49999999999998579, 0.000000000000000000 ) ) ;
#332 = DIRECTION ( 'NONE',  ( -1.000000000000000000, 0.000000000000000000, 0.000000000000000000 ) ) ;
#333 = ORIENTED_EDGE ( 'NONE', *, *, #2079, .T. ) ;
#334 = EDGE_CURVE ( 'NONE', #630, #5405, #2234, .T. ) ;
#335 = CARTESIAN_POINT ( 'NONE',  ( 58.99999999999999289, 2.000000000000000000, 25.10000000000000142 ) ) ;
#336 = CARTESIAN_POINT ( 'NONE',  ( 4.000000000000000000, 63.50000000000000000, 2.000000000000000000 ) ) ;
#337 = ORIENTED_EDGE ( 'NONE', *, *, #347, .T. ) ;
#338 = ORIENTED_EDGE ( 'NONE', *, *, #3488, .T. ) ;
#339 = CYLINDRICAL_SURFACE ( 'NONE', #4957, 2.299999999999996270 ) ;
#340 = CARTESIAN_POINT ( 'NONE',  ( -0.8730562751872177341, 1.050000000000000488, 6.000000000000000000 ) ) ;
#341 = CARTESIAN_POINT ( 'NONE',  ( 67.12694372481280425, -8.049999999999991829, 6.000000000000000000 ) ) ;
#342 = AXIS2_PLACEMENT_3D ( 'NONE', #3568, #506, #3436 ) ;
#343 = EDGE_CURVE ( 'NONE', #364, #3663, #226, .T. ) ;
#344 = DIRECTION ( 'NONE',  ( -0.000000000000000000, 1.000000000000000000, -0.000000000000000000 ) ) ;
#345 = VERTEX_POINT ( 'NONE', #799 ) ;
#346 = VECTOR ( 'NONE', #2757, 1000.000000000000000 ) ;
#347 = EDGE_CURVE ( 'NONE', #4265, #3571, #6166, .T. ) ;
#348 = ORIENTED_EDGE ( 'NONE', *, *, #5174, .T. ) ;
#349 = CARTESIAN_POINT ( 'NONE',  ( 58.99999999999999289, 8.749999999999996447, 8.249999999999994671 ) ) ;
#350 = VECTOR ( 'NONE', #5559, 1000.000000000000000 ) ;
#351 = LINE ( 'NONE', #895, #727 ) ;
#352 = ADVANCED_FACE ( 'NONE', ( #5223 ), #1225, .F. ) ;
#353 = VECTOR ( 'NONE', #357, 1000.000000000000000 ) ;
#354 = EDGE_CURVE ( 'NONE', #2117, #588, #5710, .T. ) ;
#355 = FACE_OUTER_BOUND ( 'NONE', #6044, .T. ) ;
#356 = ORIENTED_EDGE ( 'NONE', *, *, #4974, .F. ) ;
#357 = DIRECTION ( 'NONE',  ( 4.180056568618811498E-16, 0.000000000000000000, -1.000000000000000000 ) ) ;
#358 = CARTESIAN_POINT ( 'NONE',  ( 1.999999999999999112, 5.000000000000004441, 5.000000000000009770 ) ) ;
#359 = ORIENTED_EDGE ( 'NONE', *, *, #1056, .F. ) ;
#360 = CARTESIAN_POINT ( 'NONE',  ( 9.000000000000001776, 90.00000000000000000, 8.500000000000000000 ) ) ;
#361 = FACE_OUTER_BOUND ( 'NONE', #5075, .T. ) ;
#362 = VECTOR ( 'NONE', #1497, 1000.000000000000000 ) ;
#363 = ORIENTED_EDGE ( 'NONE', *, *, #2396, .T. ) ;
#364 = VERTEX_POINT ( 'NONE', #2173 ) ;
#365 = CARTESIAN_POINT ( 'NONE',  ( 2.999999999999999112, 99.68933982822018436, 8.127451321766318455E-16 ) ) ;
#366 = DIRECTION ( 'NONE',  ( -0.000000000000000000, -0.000000000000000000, -1.000000000000000000 ) ) ;
#367 = ORIENTED_EDGE ( 'NONE', *, *, #3131, .T. ) ;
#368 = CARTESIAN_POINT ( 'NONE',  ( 36.49999999999997868, 88.00000000000000000, 25.10000000000000142 ) ) ;
#369 = FACE_OUTER_BOUND ( 'NONE', #6259, .T. ) ;
#370 = EDGE_LOOP ( 'NONE', ( #2055, #5875, #4902, #1740, #2008, #3590 ) ) ;
#371 = ADVANCED_FACE ( 'NONE', ( #5744, #4734 ), #681, .T. ) ;
#372 = EDGE_LOOP ( 'NONE', ( #4489, #6290, #1832, #1232 ) ) ;
#373 = CARTESIAN_POINT ( 'NONE',  ( 60.99999999999998579, 24.49999999999998934, 11.94999999999999929 ) ) ;
#374 = CARTESIAN_POINT ( 'NONE',  ( -0.8730562751872168459, 98.04999999999999716, 6.000000000000000000 ) ) ;
#375 = EDGE_CURVE ( 'NONE', #1615, #1394, #6232, .T. ) ;
#376 = LINE ( 'NONE', #6106, #4993 ) ;
#377 = LINE ( 'NONE', #3884, #806 ) ;
#378 = PLANE ( 'NONE',  #1424 ) ;
#379 = VERTEX_POINT ( 'NONE', #3243 ) ;
#380 = VECTOR ( 'NONE', #4912, 1000.000000000000000 ) ;
#381 = EDGE_CURVE ( 'NONE', #3684, #3127, #769, .T. ) ;
#382 = ORIENTED_EDGE ( 'NONE', *, *, #4280, .T. ) ;
#383 = CARTESIAN_POINT ( 'NONE',  ( 52.00000000000000000, -6.000000000000000000, 30.10000000000000142 ) ) ;
#384 = DIRECTION ( 'NONE',  ( 0.000000000000000000, -1.000000000000000000, 0.000000000000000000 ) ) ;
#385 = ADVANCED_FACE ( 'NONE', ( #6140 ), #4160, .F. ) ;
#386 = CARTESIAN_POINT ( 'NONE',  ( 58.99999999999998579, 18.24999999999999289, 11.94999999999999751 ) ) ;
#387 = DIRECTION ( 'NONE',  ( -1.000000000000000000, 0.000000000000000000, 0.000000000000000000 ) ) ;
#388 = DIRECTION ( 'NONE',  ( -1.000000000000000000, -2.641432261515886157E-15, 0.000000000000000000 ) ) ;
#389 = ORIENTED_EDGE ( 'NONE', *, *, #250, .T. ) ;
#390 = EDGE_CURVE ( 'NONE', #5808, #4101, #4624, .T. ) ;
#391 = CARTESIAN_POINT ( 'NONE',  ( 57.99999999999905498, -5.999996627290109075, 30.10000000000000142 ) ) ;
#392 = DIRECTION ( 'NONE',  ( -1.334402673828313339E-16, -1.000000000000000000, -0.000000000000000000 ) ) ;
#393 = ORIENTED_EDGE ( 'NONE', *, *, #4858, .F. ) ;
#394 = ORIENTED_EDGE ( 'NONE', *, *, #641, .T. ) ;
#395 = DIRECTION ( 'NONE',  ( -0.000000000000000000, -0.000000000000000000, 1.000000000000000000 ) ) ;
#396 = AXIS2_PLACEMENT_3D ( 'NONE', #433, #2834, #4817 ) ;
#397 = CARTESIAN_POINT ( 'NONE',  ( -6.000000000000002665, 9.000000000000001776, 2.000000000000001776 ) ) ;
#398 = ORIENTED_EDGE ( 'NONE', *, *, #2404, .F. ) ;
#399 = PLANE ( 'NONE',  #3686 ) ;
#400 = FACE_OUTER_BOUND ( 'NONE', #1824, .T. ) ;
#401 = VERTEX_POINT ( 'NONE', #1288 ) ;
#402 = VECTOR ( 'NONE', #1986, 1000.000000000000000 ) ;
#403 = VERTEX_POINT ( 'NONE', #6111 ) ;
#404 = CARTESIAN_POINT ( 'NONE',  ( 61.87305627518719575, -8.049999999999993605, 0.000000000000000000 ) ) ;
#405 = CARTESIAN_POINT ( 'NONE',  ( 37.50000000000000000, 2.000000000000000000, 2.000000000000000000 ) ) ;
#406 = DIRECTION ( 'NONE',  ( 0.000000000000000000, -6.177056887751240565E-16, -1.000000000000000000 ) ) ;
#407 = CARTESIAN_POINT ( 'NONE',  ( 3.000000000000000444, 96.00000000000000000, 0.000000000000000000 ) ) ;
#408 = ORIENTED_EDGE ( 'NONE', *, *, #6218, .F. ) ;
#409 = VERTEX_POINT ( 'NONE', #1657 ) ;
#410 = LINE ( 'NONE', #2392, #3867 ) ;
#411 = DIRECTION ( 'NONE',  ( 1.000000000000000000, 1.084202172485503571E-16, -0.000000000000000000 ) ) ;
#412 = LINE ( 'NONE', #3892, #3096 ) ;
#413 = EDGE_CURVE ( 'NONE', #1187, #4593, #5679, .T. ) ;
#414 = CARTESIAN_POINT ( 'NONE',  ( 70.25000000000000000, 3.000000000000000000, 0.000000000000000000 ) ) ;
#415 = AXIS2_PLACEMENT_3D ( 'NONE', #3817, #3296, #5731 ) ;
#416 = VECTOR ( 'NONE', #4704, 1000.000000000000000 ) ;
#417 = VECTOR ( 'NONE', #4125, 1000.000000000000000 ) ;
#418 = DIRECTION ( 'NONE',  ( 1.000000000000000000, 0.000000000000000000, 0.000000000000000000 ) ) ;
#419 = VERTEX_POINT ( 'NONE', #1875 ) ;
#420 = LINE ( 'NONE', #5939, #5860 ) ;
#421 = CIRCLE ( 'NONE', #3330, 0.7500000000000000000 ) ;
#422 = AXIS2_PLACEMENT_3D ( 'NONE', #1836, #3818, #5797 ) ;
#423 = PLANE ( 'NONE',  #2102 ) ;
#424 = ORIENTED_EDGE ( 'NONE', *, *, #6096, .F. ) ;
#425 = EDGE_CURVE ( 'NONE', #2761, #605, #933, .T. ) ;
#426 = ORIENTED_EDGE ( 'NONE', *, *, #3759, .T. ) ;
#427 = VECTOR ( 'NONE', #5868, 1000.000000000000000 ) ;
#428 = CARTESIAN_POINT ( 'NONE',  ( 59.24611255037441282, -3.499999999999999556, 0.000000000000000000 ) ) ;
#429 = CARTESIAN_POINT ( 'NONE',  ( -10.00000000000001776, -9.249999999999998224, 0.7500000000000000000 ) ) ;
#430 = ORIENTED_EDGE ( 'NONE', *, *, #58, .T. ) ;
#431 = FACE_OUTER_BOUND ( 'NONE', #4723, .T. ) ;
#432 = EDGE_CURVE ( 'NONE', #2932, #645, #834, .T. ) ;
#433 = CARTESIAN_POINT ( 'NONE',  ( 64.50000000000000000, -3.500000000000000000, 25.10000000000000142 ) ) ;
#434 = VECTOR ( 'NONE', #1456, 1000.000000000000000 ) ;
#435 = ORIENTED_EDGE ( 'NONE', *, *, #3794, .F. ) ;
#436 = EDGE_CURVE ( 'NONE', #364, #4874, #1355, .T. ) ;
#437 = ORIENTED_EDGE ( 'NONE', *, *, #2756, .F. ) ;
#438 = CARTESIAN_POINT ( 'NONE',  ( 18.50000000000000355, 2.000000000000000000, 7.000000000000000000 ) ) ;
#439 = DIRECTION ( 'NONE',  ( 2.312964634635743450E-16, -1.000000000000000000, 0.000000000000000000 ) ) ;
#440 = PLANE ( 'NONE',  #1648 ) ;
#441 = DIRECTION ( 'NONE',  ( 1.541976423090495633E-16, -1.000000000000000000, 8.673617379884034239E-17 ) ) ;
#442 = VERTEX_POINT ( 'NONE', #897 ) ;
#443 = ORIENTED_EDGE ( 'NONE', *, *, #6037, .T. ) ;
#444 = CARTESIAN_POINT ( 'NONE',  ( -9.999999999999998224, 99.24999999999998579, 25.10000000000000142 ) ) ;
#445 = EDGE_CURVE ( 'NONE', #5296, #4952, #3861, .T. ) ;
#446 = PLANE ( 'NONE',  #637 ) ;
#447 = VECTOR ( 'NONE', #3109, 1000.000000000000000 ) ;
#448 = CARTESIAN_POINT ( 'NONE',  ( 58.75000000000000000, -9.999999999999998224, -18.38477631085023489 ) ) ;
#449 = CARTESIAN_POINT ( 'NONE',  ( 51.99999999999998579, 96.00000000000000000, 2.000000000000000000 ) ) ;
#450 = VECTOR ( 'NONE', #4166, 1000.000000000000000 ) ;
#451 = EDGE_CURVE ( 'NONE', #5683, #3372, #1322, .T. ) ;
#452 = ADVANCED_FACE ( 'NONE', ( #5417, #1446, #2427, #320, #355 ), #3407, .T. ) ;
#453 = VECTOR ( 'NONE', #1108, 1000.000000000000000 ) ;
#454 = DIRECTION ( 'NONE',  ( 0.000000000000000000, 0.000000000000000000, 1.000000000000000000 ) ) ;
#455 = VERTEX_POINT ( 'NONE', #4416 ) ;
#456 = DIRECTION ( 'NONE',  ( -0.4999999999999949485, -0.8660254037844415942, 0.000000000000000000 ) ) ;
#457 = CARTESIAN_POINT ( 'NONE',  ( 56.99999999999997868, 63.50000000000000000, 2.000000000000000000 ) ) ;
#458 = ORIENTED_EDGE ( 'NONE', *, *, #425, .T. ) ;
#459 = EDGE_CURVE ( 'NONE', #956, #305, #6395, .T. ) ;
#460 = ORIENTED_EDGE ( 'NONE', *, *, #1140, .F. ) ;
#461 = CARTESIAN_POINT ( 'NONE',  ( 1.999999999999990008, 64.99999999999997158, 13.00000000000000355 ) ) ;
#462 = LINE ( 'NONE', #3482, #2914 ) ;
#463 = EDGE_LOOP ( 'NONE', ( #4849, #2505, #2101, #4334 ) ) ;
#464 = PLANE ( 'NONE',  #4931 ) ;
#465 = EDGE_CURVE ( 'NONE', #202, #1644, #1937, .T. ) ;
#466 = LINE ( 'NONE', #2378, #502 ) ;
#467 = ORIENTED_EDGE ( 'NONE', *, *, #540, .T. ) ;
#468 = VERTEX_POINT ( 'NONE', #386 ) ;
#469 = CARTESIAN_POINT ( 'NONE',  ( 64.50000000000000000, -3.500000000000000000, 25.10000000000000142 ) ) ;
#470 = CARTESIAN_POINT ( 'NONE',  ( 60.99999999999998579, 45.00000000000000000, 25.10000000000000142 ) ) ;
#471 = VECTOR ( 'NONE', #6299, 1000.000000000000000 ) ;
#472 = DIRECTION ( 'NONE',  ( 0.000000000000000000, 0.000000000000000000, -1.000000000000000000 ) ) ;
#473 = EDGE_CURVE ( 'NONE', #1760, #4346, #5386, .T. ) ;
#474 = CARTESIAN_POINT ( 'NONE',  ( 58.99999999999997868, 49.99999999999999289, 15.99999999999999645 ) ) ;
#475 = ORIENTED_EDGE ( 'NONE', *, *, #628, .T. ) ;
#476 = FACE_OUTER_BOUND ( 'NONE', #2730, .T. ) ;
#477 = DIRECTION ( 'NONE',  ( -2.312964634635743450E-16, 1.000000000000000000, -9.376883653928686624E-16 ) ) ;
#478 = AXIS2_PLACEMENT_3D ( 'NONE', #3193, #1184, #5276 ) ;
#479 = LINE ( 'NONE', #2457, #906 ) ;
#480 = CARTESIAN_POINT ( 'NONE',  ( 1.059515723019681291E-13, 99.25000000000004263, 0.000000000000000000 ) ) ;
#481 = LINE ( 'NONE', #940, #2634 ) ;
#482 = ORIENTED_EDGE ( 'NONE', *, *, #1996, .F. ) ;
#483 = DIRECTION ( 'NONE',  ( 0.4999999999999997780, 0.8660254037844388186, 0.000000000000000000 ) ) ;
#484 = LINE ( 'NONE', #2370, #434 ) ;
#485 = ORIENTED_EDGE ( 'NONE', *, *, #4977, .F. ) ;
#486 = CARTESIAN_POINT ( 'NONE',  ( 51.00000000000000000, 2.000000000000000000, 20.00000000000000355 ) ) ;
#487 = VERTEX_POINT ( 'NONE', #3926 ) ;
#488 = DIRECTION ( 'NONE',  ( 1.000000000000000000, -1.521687259628778569E-17, 0.000000000000000000 ) ) ;
#489 = LINE ( 'NONE', #2472, #244 ) ;
#490 = ORIENTED_EDGE ( 'NONE', *, *, #2491, .T. ) ;
#491 = DIRECTION ( 'NONE',  ( -2.006177025403370771E-32, 8.673617379884034239E-17, -1.000000000000000000 ) ) ;
#492 = LINE ( 'NONE', #1464, #1221 ) ;
#493 = VERTEX_POINT ( 'NONE', #3344 ) ;
#494 = ORIENTED_EDGE ( 'NONE', *, *, #3918, .F. ) ;
#495 = VECTOR ( 'NONE', #1677, 1000.000000000000000 ) ;
#496 = VECTOR ( 'NONE', #4790, 1000.000000000000000 ) ;
#497 = ADVANCED_FACE ( 'NONE', ( #2331 ), #2885, .F. ) ;
#498 = DIRECTION ( 'NONE',  ( 1.000000000000000000, 1.512840240677448454E-16, -0.000000000000000000 ) ) ;
#499 = DIRECTION ( 'NONE',  ( -1.000000000000000000, -0.000000000000000000, -0.000000000000000000 ) ) ;
#500 = ORIENTED_EDGE ( 'NONE', *, *, #1927, .T. ) ;
#501 = CARTESIAN_POINT ( 'NONE',  ( 60.99999999999998579, 90.00000000000000000, 25.10000000000000142 ) ) ;
#502 = VECTOR ( 'NONE', #4942, 1000.000000000000000 ) ;
#503 = CYLINDRICAL_SURFACE ( 'NONE', #4546, 2.299999999999996270 ) ;
#504 = ORIENTED_EDGE ( 'NONE', *, *, #6257, .T. ) ;
#505 = EDGE_CURVE ( 'NONE', #5894, #2961, #5325, .T. ) ;
#506 = DIRECTION ( 'NONE',  ( 0.000000000000000000, 0.000000000000000000, 1.000000000000000000 ) ) ;
#507 = EDGE_CURVE ( 'NONE', #1120, #3735, #6294, .T. ) ;
#508 = DIRECTION ( 'NONE',  ( -1.000000000000000000, -2.312964634635743450E-16, 0.000000000000000000 ) ) ;
#509 = DIRECTION ( 'NONE',  ( 0.5000000000000002220, 0.8660254037844384856, 0.000000000000000000 ) ) ;
#510 = DIRECTION ( 'NONE',  ( -0.000000000000000000, 1.000000000000000000, -0.000000000000000000 ) ) ;
#511 = CARTESIAN_POINT ( 'NONE',  ( 1.999999999999999112, 5.000000000000004441, 5.000000000000009770 ) ) ;
#512 = LINE ( 'NONE', #4549, #1080 ) ;
#513 = ORIENTED_EDGE ( 'NONE', *, *, #3849, .F. ) ;
#514 = CARTESIAN_POINT ( 'NONE',  ( 61.87305627518719575, -8.049999999999993605, 0.000000000000000000 ) ) ;
#515 = DIRECTION ( 'NONE',  ( -1.000000000000000000, 0.000000000000000000, 0.000000000000000000 ) ) ;
#516 = EDGE_LOOP ( 'NONE', ( #2926, #4148, #2503, #5632, #2721 ) ) ;
#517 = DIRECTION ( 'NONE',  ( -0.000000000000000000, -0.000000000000000000, -1.000000000000000000 ) ) ;
#518 = VECTOR ( 'NONE', #248, 1000.000000000000000 ) ;
#519 = EDGE_LOOP ( 'NONE', ( #3974, #5538, #3622, #160 ) ) ;
#520 = CARTESIAN_POINT ( 'NONE',  ( 1.999999999999994893, 33.49999999999997158, 13.00000000000000888 ) ) ;
#521 = CYLINDRICAL_SURFACE ( 'NONE', #128, 0.7500000000000000000 ) ;
#522 = VERTEX_POINT ( 'NONE', #4319 ) ;
#523 = AXIS2_PLACEMENT_3D ( 'NONE', #5796, #1406, #3264 ) ;
#524 = DIRECTION ( 'NONE',  ( -1.981409407805800388E-32, 1.284980352575413685E-16, 1.000000000000000000 ) ) ;
#525 = VECTOR ( 'NONE', #1041, 1000.000000000000000 ) ;
#526 = VECTOR ( 'NONE', #6074, 1000.000000000000000 ) ;
#527 = PLANE ( 'NONE',  #3513 ) ;
#528 = VERTEX_POINT ( 'NONE', #2852 ) ;
#529 = VERTEX_POINT ( 'NONE', #1843 ) ;
#530 = ORIENTED_EDGE ( 'NONE', *, *, #2565, .T. ) ;
#531 = AXIS2_PLACEMENT_3D ( 'NONE', #600, #2243, #4263 ) ;
#532 = CARTESIAN_POINT ( 'NONE',  ( 2.249999999999982236, -9.249999999999998224, 43.48477631085023631 ) ) ;
#533 = EDGE_CURVE ( 'NONE', #409, #3684, #869, .T. ) ;
#534 = DIRECTION ( 'NONE',  ( 2.312964634635743450E-16, -1.000000000000000000, 0.000000000000000000 ) ) ;
#535 = EDGE_LOOP ( 'NONE', ( #5085, #79, #5049, #6207, #6189 ) ) ;
#536 = DIRECTION ( 'NONE',  ( -1.000000000000000000, -1.541976423090495633E-16, -0.000000000000000000 ) ) ;
#537 = CARTESIAN_POINT ( 'NONE',  ( 70.24999999999998579, 87.00000000000000000, 0.000000000000000000 ) ) ;
#538 = EDGE_LOOP ( 'NONE', ( #3188, #4381, #3585, #3741, #893 ) ) ;
#539 = CARTESIAN_POINT ( 'NONE',  ( -8.753887449625612049, -3.500000000000000444, 6.000000000000000000 ) ) ;
#540 = EDGE_CURVE ( 'NONE', #734, #6233, #5838, .T. ) ;
#541 = LINE ( 'NONE', #3601, #833 ) ;
#542 = EDGE_CURVE ( 'NONE', #4712, #1869, #412, .T. ) ;
#543 = FACE_OUTER_BOUND ( 'NONE', #3880, .T. ) ;
#544 = CARTESIAN_POINT ( 'NONE',  ( 1.999999999999995337, 32.00000000000000000, 7.000000000000000000 ) ) ;
#545 = CARTESIAN_POINT ( 'NONE',  ( 60.99999999999997158, 65.00000000000000000, 4.999999999999997335 ) ) ;
#546 = EDGE_CURVE ( 'NONE', #3518, #5091, #3015, .T. ) ;
#547 = CARTESIAN_POINT ( 'NONE',  ( 60.99999999999998579, 49.99999999999999289, 16.00000000000000000 ) ) ;
#548 = ORIENTED_EDGE ( 'NONE', *, *, #2642, .F. ) ;
#549 = VECTOR ( 'NONE', #4439, 1000.000000000000000 ) ;
#550 = CYLINDRICAL_SURFACE ( 'NONE', #4441, 0.7500000000000000000 ) ;
#551 = EDGE_CURVE ( 'NONE', #1621, #6081, #6430, .T. ) ;
#552 = CIRCLE ( 'NONE', #3874, 6.000000000000000888 ) ;
#553 = CARTESIAN_POINT ( 'NONE',  ( 43.99999999999998579, 4.000000000000000000, 7.000000000000000000 ) ) ;
#554 = ORIENTED_EDGE ( 'NONE', *, *, #5226, .T. ) ;
#555 = DIRECTION ( 'NONE',  ( -8.068481283613058260E-17, 1.000000000000000000, 0.000000000000000000 ) ) ;
#556 = ORIENTED_EDGE ( 'NONE', *, *, #3725, .F. ) ;
#557 = AXIS2_PLACEMENT_3D ( 'NONE', #2043, #2993, #620 ) ;
#558 = ADVANCED_FACE ( 'NONE', ( #4513 ), #4058, .T. ) ;
#559 = DIRECTION ( 'NONE',  ( 0.000000000000000000, 1.000000000000000000, 0.000000000000000000 ) ) ;
#560 = LINE ( 'NONE', #3158, #4911 ) ;
#561 = ORIENTED_EDGE ( 'NONE', *, *, #6383, .F. ) ;
#562 = CIRCLE ( 'NONE', #1908, 0.7500000000000000000 ) ;
#563 = DIRECTION ( 'NONE',  ( 0.000000000000000000, 1.000000000000000000, 0.000000000000000000 ) ) ;
#564 = CARTESIAN_POINT ( 'NONE',  ( -0.8730562751872168459, 98.04999999999999716, 6.000000000000000000 ) ) ;
#565 = VERTEX_POINT ( 'NONE', #5028 ) ;
#566 = ORIENTED_EDGE ( 'NONE', *, *, #1477, .F. ) ;
#567 = ORIENTED_EDGE ( 'NONE', *, *, #825, .F. ) ;
#568 = CARTESIAN_POINT ( 'NONE',  ( 1.999999999999986677, 87.99999999999998579, 8.599999999999999645 ) ) ;
#569 = DIRECTION ( 'NONE',  ( 0.000000000000000000, 0.000000000000000000, 1.000000000000000000 ) ) ;
#570 = EDGE_LOOP ( 'NONE', ( #6404, #337, #6408, #5242 ) ) ;
#571 = DIRECTION ( 'NONE',  ( -1.000000000000000000, 0.000000000000000000, 0.000000000000000000 ) ) ;
#572 = DIRECTION ( 'NONE',  ( -0.000000000000000000, -0.000000000000000000, -1.000000000000000000 ) ) ;
#573 = ORIENTED_EDGE ( 'NONE', *, *, #4088, .F. ) ;
#574 = ADVANCED_FACE ( 'NONE', ( #2526 ), #4998, .F. ) ;
#575 = VECTOR ( 'NONE', #5361, 1000.000000000000000 ) ;
#576 = CARTESIAN_POINT ( 'NONE',  ( 60.99999999999997868, 63.49999999999998579, 16.00000000000000000 ) ) ;
#577 = CARTESIAN_POINT ( 'NONE',  ( -9.250000000000017764, -9.249999999999998224, 43.48477631085023631 ) ) ;
#578 = EDGE_CURVE ( 'NONE', #1141, #1704, #1513, .T. ) ;
#579 = LINE ( 'NONE', #2560, #2779 ) ;
#580 = CARTESIAN_POINT ( 'NONE',  ( 59.24611255037439150, 93.49999999999995737, 6.000000000000000000 ) ) ;
#581 = EDGE_CURVE ( 'NONE', #4660, #5660, #1098, .T. ) ;
#582 = DIRECTION ( 'NONE',  ( -0.000000000000000000, -0.000000000000000000, -1.000000000000000000 ) ) ;
#583 = DIRECTION ( 'NONE',  ( -1.000000000000000000, 0.000000000000000000, 0.000000000000000000 ) ) ;
#584 = ORIENTED_EDGE ( 'NONE', *, *, #1661, .T. ) ;
#585 = LINE ( 'NONE', #2500, #5272 ) ;
#586 = VECTOR ( 'NONE', #6179, 1000.000000000000000 ) ;
#587 = DIRECTION ( 'NONE',  ( -0.000000000000000000, -0.000000000000000000, -1.000000000000000000 ) ) ;
#588 = VERTEX_POINT ( 'NONE', #2982 ) ;
#589 = CARTESIAN_POINT ( 'NONE',  ( -0.8730562751872168459, 98.04999999999999716, 6.000000000000000000 ) ) ;
#590 = ORIENTED_EDGE ( 'NONE', *, *, #266, .T. ) ;
#591 = DIRECTION ( 'NONE',  ( 0.000000000000000000, 0.000000000000000000, 1.000000000000000000 ) ) ;
#592 = EDGE_CURVE ( 'NONE', #522, #1838, #135, .T. ) ;
#593 = DIRECTION ( 'NONE',  ( 0.000000000000000000, 0.000000000000000000, 1.000000000000000000 ) ) ;
#594 = ORIENTED_EDGE ( 'NONE', *, *, #5826, .F. ) ;
#595 = LINE ( 'NONE', #2018, #3696 ) ;
#596 = DIRECTION ( 'NONE',  ( -0.000000000000000000, -0.000000000000000000, 1.000000000000000000 ) ) ;
#597 = ORIENTED_EDGE ( 'NONE', *, *, #6139, .F. ) ;
#598 = ORIENTED_EDGE ( 'NONE', *, *, #5261, .F. ) ;
#599 = VERTEX_POINT ( 'NONE', #3574 ) ;
#600 = CARTESIAN_POINT ( 'NONE',  ( -9.249999999999998224, 99.24999999999998579, 0.7500000000000000000 ) ) ;
#601 = DIRECTION ( 'NONE',  ( -1.843143693225358031E-16, 1.000000000000000000, 0.000000000000000000 ) ) ;
#602 = ORIENTED_EDGE ( 'NONE', *, *, #3656, .F. ) ;
#603 = CARTESIAN_POINT ( 'NONE',  ( 1.999999999999999556, 32.00000000000000000, 2.000000000000000000 ) ) ;
#604 = CARTESIAN_POINT ( 'NONE',  ( 4.000000000000000000, 33.50000000000000711, 7.000000000000000000 ) ) ;
#605 = VERTEX_POINT ( 'NONE', #59 ) ;
#606 = VECTOR ( 'NONE', #4450, 1000.000000000000114 ) ;
#607 = VECTOR ( 'NONE', #2917, 1000.000000000000000 ) ;
#608 = DIRECTION ( 'NONE',  ( 0.000000000000000000, 0.000000000000000000, -1.000000000000000000 ) ) ;
#609 = AXIS2_PLACEMENT_3D ( 'NONE', #5139, #4658, #2181 ) ;
#610 = PLANE ( 'NONE',  #3951 ) ;
#611 = ORIENTED_EDGE ( 'NONE', *, *, #100, .T. ) ;
#612 = CARTESIAN_POINT ( 'NONE',  ( 56.99999999999997868, 63.50000000000000000, 7.000000000000000000 ) ) ;
#613 = DIRECTION ( 'NONE',  ( 1.541976423090495633E-16, -1.000000000000000000, 0.000000000000000000 ) ) ;
#614 = LINE ( 'NONE', #3606, #3019 ) ;
#615 = FACE_OUTER_BOUND ( 'NONE', #5981, .T. ) ;
#616 = DIRECTION ( 'NONE',  ( 1.000000000000000000, 0.000000000000000000, -0.000000000000000000 ) ) ;
#617 = EDGE_CURVE ( 'NONE', #1250, #5088, #4960, .T. ) ;
#618 = LINE ( 'NONE', #1521, #2382 ) ;
#619 = ORIENTED_EDGE ( 'NONE', *, *, #808, .F. ) ;
#620 = DIRECTION ( 'NONE',  ( -1.000000000000000000, 0.000000000000000000, 0.000000000000000000 ) ) ;
#621 = ORIENTED_EDGE ( 'NONE', *, *, #2647, .T. ) ;
#622 = DIRECTION ( 'NONE',  ( 0.000000000000000000, -1.000000000000000000, 0.000000000000000000 ) ) ;
#623 = ORIENTED_EDGE ( 'NONE', *, *, #3704, .F. ) ;
#624 = FACE_OUTER_BOUND ( 'NONE', #5398, .T. ) ;
#625 = DIRECTION ( 'NONE',  ( 0.000000000000000000, 1.000000000000000000, 2.478176394252580648E-16 ) ) ;
#626 = EDGE_CURVE ( 'NONE', #95, #4636, #2033, .T. ) ;
#627 = ORIENTED_EDGE ( 'NONE', *, *, #1208, .F. ) ;
#628 = EDGE_CURVE ( 'NONE', #3868, #95, #5064, .T. ) ;
#629 = ORIENTED_EDGE ( 'NONE', *, *, #5027, .T. ) ;
#630 = VERTEX_POINT ( 'NONE', #2110 ) ;
#631 = CARTESIAN_POINT ( 'NONE',  ( 1.999999999999999556, 2.000000000000000888, 25.10000000000000142 ) ) ;
#632 = AXIS2_PLACEMENT_3D ( 'NONE', #438, #2939, #5920 ) ;
#633 = DIRECTION ( 'NONE',  ( 0.000000000000000000, -1.000000000000000000, -1.445602896647337931E-16 ) ) ;
#634 = ORIENTED_EDGE ( 'NONE', *, *, #2199, .F. ) ;
#635 = VECTOR ( 'NONE', #84, 1000.000000000000000 ) ;
#636 = EDGE_CURVE ( 'NONE', #5015, #5631, #1478, .T. ) ;
#637 = AXIS2_PLACEMENT_3D ( 'NONE', #6360, #1353, #4442 ) ;
#638 = CARTESIAN_POINT ( 'NONE',  ( 36.49999999999998579, 88.00000000000000000, 8.499999999999998224 ) ) ;
#639 = CARTESIAN_POINT ( 'NONE',  ( 59.24611255037440571, -3.500000000000002220, 6.000000000000000000 ) ) ;
#640 = VERTEX_POINT ( 'NONE', #5555 ) ;
#641 = EDGE_CURVE ( 'NONE', #999, #328, #579, .T. ) ;
#642 = VECTOR ( 'NONE', #2764, 1000.000000000000000 ) ;
#643 = FACE_BOUND ( 'NONE', #1190, .T. ) ;
#644 = DIRECTION ( 'NONE',  ( -2.312964634635743450E-16, 1.000000000000000000, 0.000000000000000000 ) ) ;
#645 = VERTEX_POINT ( 'NONE', #5963 ) ;
#646 = CARTESIAN_POINT ( 'NONE',  ( 58.99999999999998579, 24.49999999999998934, 8.250000000000000000 ) ) ;
#647 = LINE ( 'NONE', #1651, #1243 ) ;
#648 = CARTESIAN_POINT ( 'NONE',  ( -9.689339828220193240, 3.000000000000000000, 4.336808689942017736E-16 ) ) ;
#649 = PLANE ( 'NONE',  #5549 ) ;
#650 = CARTESIAN_POINT ( 'NONE',  ( 22.50000000000000000, 0.000000000000000000, 13.00000000000000178 ) ) ;
#651 = EDGE_CURVE ( 'NONE', #2673, #1203, #965, .T. ) ;
#652 = LINE ( 'NONE', #3580, #6015 ) ;
#653 = ORIENTED_EDGE ( 'NONE', *, *, #2947, .F. ) ;
#654 = CARTESIAN_POINT ( 'NONE',  ( 1.999999999999999556, 65.00000000000000000, 2.000000000000000000 ) ) ;
#655 = EDGE_CURVE ( 'NONE', #403, #3961, #4020, .T. ) ;
#656 = VECTOR ( 'NONE', #5739, 1000.000000000000000 ) ;
#657 = LINE ( 'NONE', #1110, #2727 ) ;
#658 = ORIENTED_EDGE ( 'NONE', *, *, #5359, .F. ) ;
#659 = CARTESIAN_POINT ( 'NONE',  ( 22.50000000000000000, 2.000000000000000000, 2.000000000000000000 ) ) ;
#660 = AXIS2_PLACEMENT_3D ( 'NONE', #1847, #454, #3928 ) ;
#661 = LINE ( 'NONE', #3556, #200 ) ;
#662 = ORIENTED_EDGE ( 'NONE', *, *, #161, .T. ) ;
#663 = EDGE_CURVE ( 'NONE', #1869, #3292, #2069, .T. ) ;
#664 = VERTEX_POINT ( 'NONE', #4926 ) ;
#665 = VERTEX_POINT ( 'NONE', #6040 ) ;
#666 = DIRECTION ( 'NONE',  ( -1.000000000000000000, 0.000000000000000000, 0.000000000000000000 ) ) ;
#667 = VECTOR ( 'NONE', #3552, 1000.000000000000000 ) ;
#668 = DIRECTION ( 'NONE',  ( 1.000000000000000000, 0.000000000000000000, 1.630376018710721586E-16 ) ) ;
#669 = EDGE_CURVE ( 'NONE', #194, #4483, #479, .T. ) ;
#670 = ORIENTED_EDGE ( 'NONE', *, *, #5749, .T. ) ;
#671 = VECTOR ( 'NONE', #4386, 1000.000000000000000 ) ;
#672 = DIRECTION ( 'NONE',  ( 0.000000000000000000, 1.000000000000000000, 2.668805347656627171E-16 ) ) ;
#673 = DIRECTION ( 'NONE',  ( -0.000000000000000000, 1.000000000000000000, -0.000000000000000000 ) ) ;
#674 = VERTEX_POINT ( 'NONE', #1967 ) ;
#675 = DIRECTION ( 'NONE',  ( -0.000000000000000000, -0.000000000000000000, 1.000000000000000000 ) ) ;
#676 = ADVANCED_FACE ( 'NONE', ( #543 ), #3956, .F. ) ;
#677 = DIRECTION ( 'NONE',  ( -1.541976423090495880E-16, 1.000000000000000000, -1.284980352575413685E-16 ) ) ;
#678 = ORIENTED_EDGE ( 'NONE', *, *, #2404, .T. ) ;
#679 = PLANE ( 'NONE',  #5706 ) ;
#680 = CARTESIAN_POINT ( 'NONE',  ( 58.99999999999998579, 37.99999999999999289, 8.250000000000000000 ) ) ;
#681 = PLANE ( 'NONE',  #2916 ) ;
#682 = ORIENTED_EDGE ( 'NONE', *, *, #3635, .T. ) ;
#683 = PLANE ( 'NONE',  #1598 ) ;
#684 = LINE ( 'NONE', #4598, #4290 ) ;
#685 = VERTEX_POINT ( 'NONE', #1133 ) ;
#686 = CARTESIAN_POINT ( 'NONE',  ( 58.99999999999997158, 84.99999999999998579, 2.000000000000000000 ) ) ;
#687 = VECTOR ( 'NONE', #6126, 1000.000000000000000 ) ;
#688 = LINE ( 'NONE', #3653, #5072 ) ;
#689 = EDGE_LOOP ( 'NONE', ( #3822, #2190, #5871, #1241, #1150 ) ) ;
#690 = ORIENTED_EDGE ( 'NONE', *, *, #1102, .T. ) ;
#691 = ORIENTED_EDGE ( 'NONE', *, *, #1915, .F. ) ;
#692 = CARTESIAN_POINT ( 'NONE',  ( 10.00000000000000000, 2.000000000000000000, 20.00000000000000000 ) ) ;
#693 = LINE ( 'NONE', #3136, #635 ) ;
#694 = ORIENTED_EDGE ( 'NONE', *, *, #5553, .T. ) ;
#695 = CARTESIAN_POINT ( 'NONE',  ( 60.99999999999997868, 64.99999999999998579, 15.99999999999999645 ) ) ;
#696 = DIRECTION ( 'NONE',  ( -1.000000000000000000, 0.000000000000000000, 0.000000000000000000 ) ) ;
#697 = ORIENTED_EDGE ( 'NONE', *, *, #6139, .T. ) ;
#698 = ADVANCED_FACE ( 'NONE', ( #3112 ), #5098, .T. ) ;
#699 = DIRECTION ( 'NONE',  ( 0.000000000000000000, 0.000000000000000000, 1.000000000000000000 ) ) ;
#700 = CARTESIAN_POINT ( 'NONE',  ( 61.87305627518717444, 88.94999999999998863, 0.000000000000000000 ) ) ;
#701 = VECTOR ( 'NONE', #4610, 1000.000000000000000 ) ;
#702 = ORIENTED_EDGE ( 'NONE', *, *, #3707, .T. ) ;
#703 = EDGE_CURVE ( 'NONE', #4404, #3293, #3816, .T. ) ;
#704 = CARTESIAN_POINT ( 'NONE',  ( 9.000000000000000000, 96.00000000000000000, 0.000000000000000000 ) ) ;
#705 = AXIS2_PLACEMENT_3D ( 'NONE', #4750, #5760, #754 ) ;
#706 = VECTOR ( 'NONE', #4765, 1000.000000000000000 ) ;
#707 = CARTESIAN_POINT ( 'NONE',  ( 70.99999999999998579, 87.75000000000000000, 0.7500000000000000000 ) ) ;
#708 = VECTOR ( 'NONE', #3098, 1000.000000000000000 ) ;
#709 = CARTESIAN_POINT ( 'NONE',  ( 57.99999999999999289, -9.999999999999998224, 25.10000000000000142 ) ) ;
#710 = ORIENTED_EDGE ( 'NONE', *, *, #3036, .F. ) ;
#711 = DIRECTION ( 'NONE',  ( -2.312964634635743450E-16, 1.000000000000000000, 0.000000000000000000 ) ) ;
#712 = DIRECTION ( 'NONE',  ( 0.000000000000000000, -0.000000000000000000, -1.000000000000000000 ) ) ;
#713 = ORIENTED_EDGE ( 'NONE', *, *, #5084, .F. ) ;
#714 = CARTESIAN_POINT ( 'NONE',  ( 1.999999999999990008, 65.00000000000000000, 7.000000000000000000 ) ) ;
#715 = VERTEX_POINT ( 'NONE', #1945 ) ;
#716 = EDGE_LOOP ( 'NONE', ( #3064, #234, #6415, #5942, #1636, #5972 ) ) ;
#717 = CARTESIAN_POINT ( 'NONE',  ( 67.00000000000000000, 3.000000000000000000, 25.10000000000000142 ) ) ;
#718 = CIRCLE ( 'NONE', #5497, 2.299999999999989608 ) ;
#719 = CARTESIAN_POINT ( 'NONE',  ( 4.250000000000000000, 88.00000000000000000, 25.10000000000000142 ) ) ;
#720 = ORIENTED_EDGE ( 'NONE', *, *, #936, .F. ) ;
#721 = LINE ( 'NONE', #6212, #3179 ) ;
#722 = LINE ( 'NONE', #242, #6316 ) ;
#723 = EDGE_LOOP ( 'NONE', ( #2325, #6142, #1011, #2155 ) ) ;
#724 = ADVANCED_FACE ( 'NONE', ( #1309 ), #3263, .T. ) ;
#725 = AXIS2_PLACEMENT_3D ( 'NONE', #580, #136, #4446 ) ;
#726 = CARTESIAN_POINT ( 'NONE',  ( 16.99999999999999289, 2.000000000000000000, 7.000000000000000000 ) ) ;
#727 = VECTOR ( 'NONE', #931, 1000.000000000000000 ) ;
#728 = EDGE_CURVE ( 'NONE', #3141, #95, #5795, .T. ) ;
#729 = DIRECTION ( 'NONE',  ( 0.000000000000000000, 0.000000000000000000, -1.000000000000000000 ) ) ;
#730 = CIRCLE ( 'NONE', #2288, 0.7500000000000006661 ) ;
#731 = ORIENTED_EDGE ( 'NONE', *, *, #1330, .T. ) ;
#732 = VECTOR ( 'NONE', #3395, 1000.000000000000000 ) ;
#733 = EDGE_CURVE ( 'NONE', #2531, #5108, #307, .T. ) ;
#734 = VERTEX_POINT ( 'NONE', #3783 ) ;
#735 = LINE ( 'NONE', #2232, #2909 ) ;
#736 = DIRECTION ( 'NONE',  ( 0.000000000000000000, 0.000000000000000000, -1.000000000000000000 ) ) ;
#737 = EDGE_CURVE ( 'NONE', #1893, #4566, #5282, .T. ) ;
#738 = VECTOR ( 'NONE', #392, 1000.000000000000000 ) ;
#739 = LINE ( 'NONE', #2205, #4588 ) ;
#740 = ORIENTED_EDGE ( 'NONE', *, *, #1376, .T. ) ;
#741 = EDGE_CURVE ( 'NONE', #5406, #4261, #277, .T. ) ;
#742 = DIRECTION ( 'NONE',  ( 0.8660254037844383745, 0.5000000000000005551, -0.000000000000000000 ) ) ;
#743 = CARTESIAN_POINT ( 'NONE',  ( 57.99999999999997868, 99.24999999999998579, 0.000000000000000000 ) ) ;
#744 = ORIENTED_EDGE ( 'NONE', *, *, #5671, .F. ) ;
#745 = ADVANCED_FACE ( 'NONE', ( #5907 ), #1458, .F. ) ;
#746 = LINE ( 'NONE', #2151, #875 ) ;
#747 = ORIENTED_EDGE ( 'NONE', *, *, #3924, .T. ) ;
#748 = ORIENTED_EDGE ( 'NONE', *, *, #1877, .F. ) ;
#749 = FACE_OUTER_BOUND ( 'NONE', #2391, .T. ) ;
#750 = CARTESIAN_POINT ( 'NONE',  ( 58.99999999999999289, 8.749999999999996447, 8.249999999999994671 ) ) ;
#751 = ORIENTED_EDGE ( 'NONE', *, *, #6337, .T. ) ;
#752 = DIRECTION ( 'NONE',  ( 1.000000000000000000, 2.312964634635743450E-16, -0.000000000000000000 ) ) ;
#753 = AXIS2_PLACEMENT_3D ( 'NONE', #1871, #3859, #3374 ) ;
#754 = DIRECTION ( 'NONE',  ( 0.000000000000000000, 0.000000000000000000, -1.000000000000000000 ) ) ;
#755 = VERTEX_POINT ( 'NONE', #2804 ) ;
#756 = AXIS2_PLACEMENT_3D ( 'NONE', #5596, #4001, #4528 ) ;
#757 = VERTEX_POINT ( 'NONE', #4273 ) ;
#758 = CARTESIAN_POINT ( 'NONE',  ( 1.999999999999995337, 31.99999999999997158, 13.00000000000000888 ) ) ;
#759 = CARTESIAN_POINT ( 'NONE',  ( 58.99999999999998579, 37.99999999999999289, 11.95000000000000462 ) ) ;
#760 = VECTOR ( 'NONE', #2537, 1000.000000000000000 ) ;
#761 = DIRECTION ( 'NONE',  ( 1.000000000000000000, 0.000000000000000000, 0.000000000000000000 ) ) ;
#762 = DIRECTION ( 'NONE',  ( 1.000000000000000000, 0.000000000000000000, 1.779203565104417868E-16 ) ) ;
#763 = PLANE ( 'NONE',  #1215 ) ;
#764 = VERTEX_POINT ( 'NONE', #3753 ) ;
#765 = ADVANCED_FACE ( 'NONE', ( #6283 ), #339, .F. ) ;
#766 = ORIENTED_EDGE ( 'NONE', *, *, #972, .F. ) ;
#767 = CARTESIAN_POINT ( 'NONE',  ( 58.74999999999998579, 99.99999999999998579, 0.7500000000000000000 ) ) ;
#768 = DIRECTION ( 'NONE',  ( -1.000000000000000000, -2.434699615406045218E-16, 0.000000000000000000 ) ) ;
#769 = LINE ( 'NONE', #171, #6342 ) ;
#770 = EDGE_CURVE ( 'NONE', #783, #3089, #1980, .T. ) ;
#771 = ORIENTED_EDGE ( 'NONE', *, *, #1381, .F. ) ;
#772 = CARTESIAN_POINT ( 'NONE',  ( 67.12694372481277583, 98.04999999999998295, 6.000000000000000000 ) ) ;
#773 = AXIS2_PLACEMENT_3D ( 'NONE', #1914, #4355, #903 ) ;
#774 = CARTESIAN_POINT ( 'NONE',  ( 51.99999999999998579, 0.000000000000000000, 30.10000000000000142 ) ) ;
#775 = ORIENTED_EDGE ( 'NONE', *, *, #6004, .F. ) ;
#776 = CARTESIAN_POINT ( 'NONE',  ( 18.25000000000000355, 88.00000000000000000, 25.10000000000000142 ) ) ;
#777 = ORIENTED_EDGE ( 'NONE', *, *, #551, .F. ) ;
#778 = EDGE_CURVE ( 'NONE', #5944, #4636, #975, .T. ) ;
#779 = ORIENTED_EDGE ( 'NONE', *, *, #507, .T. ) ;
#780 = APPROVAL_DATE_TIME ( #2277, #4525 ) ;
#781 = CARTESIAN_POINT ( 'NONE',  ( -3.499999999999998224, 93.50000000000000000, 25.10000000000000142 ) ) ;
#782 = CARTESIAN_POINT ( 'NONE',  ( 70.25000000000000000, -9.249999999999998224, -18.38477631085023489 ) ) ;
#783 = VERTEX_POINT ( 'NONE', #2960 ) ;
#784 = VECTOR ( 'NONE', #4530, 1000.000000000000000 ) ;
#785 = DIRECTION ( 'NONE',  ( -0.000000000000000000, -0.000000000000000000, 1.000000000000000000 ) ) ;
#786 = CARTESIAN_POINT ( 'NONE',  ( 27.71995838912544485, 0.000000000000000000, 20.00000000000000355 ) ) ;
#787 = VERTEX_POINT ( 'NONE', #373 ) ;
#788 = ORIENTED_EDGE ( 'NONE', *, *, #1782, .F. ) ;
#789 = DIRECTION ( 'NONE',  ( 0.000000000000000000, 1.000000000000000000, -1.284980352575413932E-16 ) ) ;
#790 = DIRECTION ( 'NONE',  ( -0.000000000000000000, 0.000000000000000000, 1.000000000000000000 ) ) ;
#791 = CARTESIAN_POINT ( 'NONE',  ( 1.999999999999987121, 84.99999999999997158, 5.000000000000000000 ) ) ;
#792 = LINE ( 'NONE', #4699, #5189 ) ;
#793 = CARTESIAN_POINT ( 'NONE',  ( 58.99999999999997868, 49.99999999999999289, 12.99999999999999645 ) ) ;
#794 = ORIENTED_EDGE ( 'NONE', *, *, #2483, .F. ) ;
#795 = ORIENTED_EDGE ( 'NONE', *, *, #1587, .T. ) ;
#796 = LINE ( 'NONE', #3889, #3042 ) ;
#797 = CARTESIAN_POINT ( 'NONE',  ( 66.79999999999996874, 93.49999999999998579, 25.10000000000000142 ) ) ;
#798 = VECTOR ( 'NONE', #5412, 1000.000000000000000 ) ;
#799 = CARTESIAN_POINT ( 'NONE',  ( 51.00000000000000000, 2.000000000000000000, 16.00000000000000355 ) ) ;
#800 = VECTOR ( 'NONE', #97, 1000.000000000000000 ) ;
#801 = ORIENTED_EDGE ( 'NONE', *, *, #1412, .T. ) ;
#802 = DIRECTION ( 'NONE',  ( -0.000000000000000000, 0.000000000000000000, 1.000000000000000000 ) ) ;
#803 = ADVANCED_FACE ( 'NONE', ( #2349 ), #4935, .F. ) ;
#804 = DIRECTION ( 'NONE',  ( -1.000000000000000000, 0.000000000000000000, 0.000000000000000000 ) ) ;
#805 = EDGE_LOOP ( 'NONE', ( #3997, #1368, #3708, #2261 ) ) ;
#806 = VECTOR ( 'NONE', #4436, 1000.000000000000000 ) ;
#807 = CARTESIAN_POINT ( 'NONE',  ( 58.99999999999998579, 24.49999999999998934, 8.250000000000000000 ) ) ;
#808 = EDGE_CURVE ( 'NONE', #419, #2486, #1275, .T. ) ;
#809 = ORIENTED_EDGE ( 'NONE', *, *, #1885, .T. ) ;
#810 = ORIENTED_EDGE ( 'NONE', *, *, #900, .F. ) ;
#811 = EDGE_CURVE ( 'NONE', #4449, #3727, #1802, .T. ) ;
#812 = ORIENTED_EDGE ( 'NONE', *, *, #3803, .F. ) ;
#813 = CARTESIAN_POINT ( 'NONE',  ( 60.99999999999998579, 90.00000000000000000, 25.10000000000000142 ) ) ;
#814 = DIRECTION ( 'NONE',  ( 0.000000000000000000, 0.000000000000000000, -1.000000000000000000 ) ) ;
#815 = ORIENTED_EDGE ( 'NONE', *, *, #5857, .F. ) ;
#816 = LINE ( 'NONE', #4666, #1625 ) ;
#817 = ADVANCED_FACE ( 'NONE', ( #6217 ), #5210, .F. ) ;
#818 = DIRECTION ( 'NONE',  ( 5.337610695313253357E-16, -1.000000000000000000, 0.000000000000000000 ) ) ;
#819 = ORIENTED_EDGE ( 'NONE', *, *, #1854, .T. ) ;
#820 = ORIENTED_EDGE ( 'NONE', *, *, #6180, .T. ) ;
#821 = DIRECTION ( 'NONE',  ( 0.000000000000000000, -0.000000000000000000, -1.000000000000000000 ) ) ;
#822 = EDGE_CURVE ( 'NONE', #3127, #5380, #2772, .T. ) ;
#823 = CARTESIAN_POINT ( 'NONE',  ( 61.87305627518720286, 98.04999999999998295, 6.000000000000000000 ) ) ;
#824 = CARTESIAN_POINT ( 'NONE',  ( 59.24611255037440571, -3.500000000000002220, 6.000000000000000000 ) ) ;
#825 = EDGE_CURVE ( 'NONE', #2535, #3270, #1074, .T. ) ;
#826 = CARTESIAN_POINT ( 'NONE',  ( 18.50000000000000355, 2.000000000000000444, 7.000000000000000000 ) ) ;
#827 = ORIENTED_EDGE ( 'NONE', *, *, #4596, .F. ) ;
#828 = VECTOR ( 'NONE', #5836, 1000.000000000000000 ) ;
#829 = ORIENTED_EDGE ( 'NONE', *, *, #5256, .T. ) ;
#830 = DIRECTION ( 'NONE',  ( 0.000000000000000000, 0.000000000000000000, -1.000000000000000000 ) ) ;
#831 = VECTOR ( 'NONE', #1504, 1000.000000000000000 ) ;
#832 = CARTESIAN_POINT ( 'NONE',  ( 1.999999999999990008, 64.99999999999997158, 13.00000000000000355 ) ) ;
#833 = VECTOR ( 'NONE', #3569, 1000.000000000000000 ) ;
#834 = LINE ( 'NONE', #4900, #947 ) ;
#835 = ORIENTED_EDGE ( 'NONE', *, *, #3716, .F. ) ;
#836 = VECTOR ( 'NONE', #1151, 1000.000000000000000 ) ;
#837 = CARTESIAN_POINT ( 'NONE',  ( 70.25000000000000000, 2.250000000000000444, 25.10000000000000142 ) ) ;
#838 = DIRECTION ( 'NONE',  ( -2.641432261515886157E-15, 1.000000000000000000, 0.000000000000000000 ) ) ;
#839 = ORIENTED_EDGE ( 'NONE', *, *, #2951, .T. ) ;
#840 = DIRECTION ( 'NONE',  ( -1.000000000000000000, -0.000000000000000000, -1.630376018710721586E-16 ) ) ;
#841 = EDGE_CURVE ( 'NONE', #3727, #3372, #2637, .T. ) ;
#842 = EDGE_CURVE ( 'NONE', #38, #1637, #1524, .T. ) ;
#843 = LINE ( 'NONE', #3898, #954 ) ;
#844 = ORIENTED_EDGE ( 'NONE', *, *, #2959, .F. ) ;
#845 = ORIENTED_EDGE ( 'NONE', *, *, #1282, .T. ) ;
#846 = PERSON_AND_ORGANIZATION ( #2078, #4953 ) ;
#847 = DIRECTION ( 'NONE',  ( -1.000000000000000000, 0.000000000000000000, 0.000000000000000000 ) ) ;
#848 = DIRECTION ( 'NONE',  ( -0.000000000000000000, 0.000000000000000000, 1.000000000000000000 ) ) ;
#849 = ORIENTED_EDGE ( 'NONE', *, *, #1877, .T. ) ;
#850 = LINE ( 'NONE', #5400, #2344 ) ;
#851 = EDGE_CURVE ( 'NONE', #205, #1669, #3548, .T. ) ;
#852 = CARTESIAN_POINT ( 'NONE',  ( 58.99999999999998579, 18.24999999999998934, 8.249999999999996447 ) ) ;
#853 = EDGE_LOOP ( 'NONE', ( #208, #945, #5652, #4628, #2654, #2226 ) ) ;
#854 = VERTEX_POINT ( 'NONE', #1596 ) ;
#855 = CARTESIAN_POINT ( 'NONE',  ( 67.12694372481277583, 88.94999999999998863, 6.000000000000000000 ) ) ;
#856 = EDGE_CURVE ( 'NONE', #5002, #5702, #4555, .T. ) ;
#857 = LINE ( 'NONE', #2289, #2188 ) ;
#858 = DIRECTION ( 'NONE',  ( -0.000000000000000000, -0.000000000000000000, 1.000000000000000000 ) ) ;
#859 = CIRCLE ( 'NONE', #2307, 6.000000000000000000 ) ;
#860 = PLANE ( 'NONE',  #2471 ) ;
#861 = DIRECTION ( 'NONE',  ( -1.541976423090495633E-16, 1.000000000000000000, -1.192622389734055124E-16 ) ) ;
#862 = ORIENTED_EDGE ( 'NONE', *, *, #343, .F. ) ;
#863 = AXIS2_PLACEMENT_3D ( 'NONE', #3768, #3701, #1327 ) ;
#864 = ORIENTED_EDGE ( 'NONE', *, *, #473, .F. ) ;
#865 = CARTESIAN_POINT ( 'NONE',  ( 51.99999999999998579, 96.00000000000000000, 0.000000000000000000 ) ) ;
#866 = ADVANCED_FACE ( 'NONE', ( #6080 ), #4102, .T. ) ;
#867 = VECTOR ( 'NONE', #1744, 1000.000000000000000 ) ;
#868 = DIRECTION ( 'NONE',  ( -0.000000000000000000, 0.000000000000000000, 1.000000000000000000 ) ) ;
#869 = LINE ( 'NONE', #4832, #5886 ) ;
#870 = CARTESIAN_POINT ( 'NONE',  ( 59.24611255037439150, 93.49999999999995737, 6.000000000000000000 ) ) ;
#871 = CARTESIAN_POINT ( 'NONE',  ( 4.000000000000000000, 33.50000000000000711, 2.000000000000000000 ) ) ;
#872 = VERTEX_POINT ( 'NONE', #4523 ) ;
#873 = FACE_OUTER_BOUND ( 'NONE', #22, .T. ) ;
#874 = CARTESIAN_POINT ( 'NONE',  ( -6.126943724812807801, 98.04999999999998295, 6.000000000000000000 ) ) ;
#875 = VECTOR ( 'NONE', #2726, 1000.000000000000000 ) ;
#876 = ORIENTED_EDGE ( 'NONE', *, *, #2611, .T. ) ;
#877 = ORIENTED_EDGE ( 'NONE', *, *, #2217, .F. ) ;
#878 = CARTESIAN_POINT ( 'NONE',  ( 70.25000000000000000, -9.249999999999998224, 0.7500000000000000000 ) ) ;
#879 = FACE_BOUND ( 'NONE', #3030, .T. ) ;
#880 = FACE_OUTER_BOUND ( 'NONE', #2146, .T. ) ;
#881 = VERTEX_POINT ( 'NONE', #3090 ) ;
#882 = DIRECTION ( 'NONE',  ( 5.135813185032630401E-31, -2.312964634635743450E-15, -1.000000000000000000 ) ) ;
#883 = CARTESIAN_POINT ( 'NONE',  ( 60.99999999999998579, 80.99999999999997158, 0.000000000000000000 ) ) ;
#884 = ORIENTED_EDGE ( 'NONE', *, *, #5266, .F. ) ;
#885 = VERTEX_POINT ( 'NONE', #4968 ) ;
#886 = LINE ( 'NONE', #404, #4990 ) ;
#887 = CARTESIAN_POINT ( 'NONE',  ( 58.99999999999998579, 24.49999999999998934, 11.94999999999999929 ) ) ;
#888 = PLANE ( 'NONE',  #5891 ) ;
#889 = PLANE ( 'NONE',  #5678 ) ;
#890 = EDGE_CURVE ( 'NONE', #4048, #1037, #4069, .T. ) ;
#891 = ORIENTED_EDGE ( 'NONE', *, *, #4552, .T. ) ;
#892 = AXIS2_PLACEMENT_3D ( 'NONE', #6016, #3065, #563 ) ;
#893 = ORIENTED_EDGE ( 'NONE', *, *, #5664, .T. ) ;
#894 = LINE ( 'NONE', #5289, #2520 ) ;
#895 = CARTESIAN_POINT ( 'NONE',  ( 3.000000000000001332, 87.99999999999998579, 25.10000000000000142 ) ) ;
#896 = EDGE_CURVE ( 'NONE', #2348, #419, #2118, .T. ) ;
#897 = CARTESIAN_POINT ( 'NONE',  ( 67.12694372481277583, 98.04999999999998295, 0.000000000000000000 ) ) ;
#898 = CARTESIAN_POINT ( 'NONE',  ( 22.15000000000000213, 88.00000000000000000, 25.10000000000000497 ) ) ;
#899 = CC_DESIGN_APPROVAL ( #1736, ( #2040 ) ) ;
#900 = EDGE_CURVE ( 'NONE', #2021, #2932, #5006, .T. ) ;
#901 = LINE ( 'NONE', #2887, #3148 ) ;
#902 = ORIENTED_EDGE ( 'NONE', *, *, #2557, .F. ) ;
#903 = DIRECTION ( 'NONE',  ( 0.000000000000000000, 1.000000000000000000, 2.891205793294678326E-16 ) ) ;
#904 = EDGE_CURVE ( 'NONE', #872, #5287, #4626, .T. ) ;
#905 = VECTOR ( 'NONE', #281, 1000.000000000000000 ) ;
#906 = VECTOR ( 'NONE', #4445, 1000.000000000000000 ) ;
#907 = LINE ( 'NONE', #6302, #4380 ) ;
#908 = VERTEX_POINT ( 'NONE', #3479 ) ;
#909 = ORIENTED_EDGE ( 'NONE', *, *, #3443, .F. ) ;
#910 = CARTESIAN_POINT ( 'NONE',  ( -9.974659986866640793E-15, 63.50000000000000000, 2.000000000000002665 ) ) ;
#911 = FACE_OUTER_BOUND ( 'NONE', #3099, .T. ) ;
#912 = AXIS2_PLACEMENT_3D ( 'NONE', #4336, #4459, #1499 ) ;
#913 = CARTESIAN_POINT ( 'NONE',  ( -6.126943724812814906, -8.050000000000000711, 6.000000000000000000 ) ) ;
#914 = ORIENTED_EDGE ( 'NONE', *, *, #2095, .T. ) ;
#915 = DIRECTION ( 'NONE',  ( -0.000000000000000000, 0.000000000000000000, 1.000000000000000000 ) ) ;
#916 = DIRECTION ( 'NONE',  ( -1.000000000000000000, 0.000000000000000000, -0.000000000000000000 ) ) ;
#917 = VERTEX_POINT ( 'NONE', #5594 ) ;
#918 = AXIS2_PLACEMENT_3D ( 'NONE', #6355, #3427, #3946 ) ;
#919 = EDGE_LOOP ( 'NONE', ( #426, #3454, #1163, #5757, #1294, #3732, #5718, #5201, #5953, #5668, #6352, #1008, #3187, #5984, #1383, #5834, #5, #2250, #4700, #3218, #3553, #6128, #987 ) ) ;
#920 = EDGE_CURVE ( 'NONE', #297, #3162, #1142, .T. ) ;
#921 = CARTESIAN_POINT ( 'NONE',  ( -9.250000000000015987, 3.000000000000000000, 43.48477631085023631 ) ) ;
#922 = DIRECTION ( 'NONE',  ( 1.000000000000000000, 2.312964634635743450E-16, 0.000000000000000000 ) ) ;
#923 = LINE ( 'NONE', #1346, #4558 ) ;
#924 = CARTESIAN_POINT ( 'NONE',  ( 57.99999999999998579, 87.00000000000000000, 0.000000000000000000 ) ) ;
#925 = VERTEX_POINT ( 'NONE', #70 ) ;
#926 = EDGE_CURVE ( 'NONE', #2295, #2512, #2150, .T. ) ;
#927 = EDGE_CURVE ( 'NONE', #3209, #6224, #2605, .T. ) ;
#928 = ADVANCED_FACE ( 'NONE', ( #5459 ), #4594, .T. ) ;
#929 = ORIENTED_EDGE ( 'NONE', *, *, #5532, .F. ) ;
#930 = DIRECTION ( 'NONE',  ( -0.000000000000000000, -0.000000000000000000, 1.000000000000000000 ) ) ;
#931 = DIRECTION ( 'NONE',  ( -1.084202172485503448E-16, 1.000000000000000000, 0.000000000000000000 ) ) ;
#932 = EDGE_CURVE ( 'NONE', #1711, #5088, #1004, .T. ) ;
#933 = LINE ( 'NONE', #6266, #2397 ) ;
#934 = DIRECTION ( 'NONE',  ( 1.000000000000000000, 0.000000000000000000, 0.000000000000000000 ) ) ;
#935 = VECTOR ( 'NONE', #1310, 1000.000000000000000 ) ;
#936 = EDGE_CURVE ( 'NONE', #4358, #4143, #142, .T. ) ;
#937 = VECTOR ( 'NONE', #6041, 1000.000000000000000 ) ;
#938 = AXIS2_PLACEMENT_3D ( 'NONE', #5604, #2649, #1153 ) ;
#939 = CIRCLE ( 'NONE', #4581, 5.999999999999998224 ) ;
#940 = CARTESIAN_POINT ( 'NONE',  ( 58.99999999999997868, 49.99999999999999289, 15.99999999999999645 ) ) ;
#941 = EDGE_LOOP ( 'NONE', ( #3699, #5855, #1265, #4534 ) ) ;
#942 = DIRECTION ( 'NONE',  ( -1.000000000000000000, 0.000000000000000000, 0.000000000000000000 ) ) ;
#943 = AXIS2_PLACEMENT_3D ( 'NONE', #236, #4606, #1607 ) ;
#944 = LINE ( 'NONE', #3351, #4895 ) ;
#945 = ORIENTED_EDGE ( 'NONE', *, *, #932, .F. ) ;
#946 = EDGE_LOOP ( 'NONE', ( #4748, #2075, #1198, #3543, #6178 ) ) ;
#947 = VECTOR ( 'NONE', #5773, 999.9999999999998863 ) ;
#948 = DIRECTION ( 'NONE',  ( -1.000000000000000000, 0.000000000000000000, 0.000000000000000000 ) ) ;
#949 = EDGE_CURVE ( 'NONE', #5296, #297, #3510, .T. ) ;
#950 = CARTESIAN_POINT ( 'NONE',  ( 60.99999999999998579, 18.24999999999998934, 8.249999999999996447 ) ) ;
#951 = VERTEX_POINT ( 'NONE', #260 ) ;
#952 = CARTESIAN_POINT ( 'NONE',  ( -9.974659986866640793E-15, 63.50000000000000000, 5.000000000000001776 ) ) ;
#953 = DIRECTION ( 'NONE',  ( 1.000000000000000000, 0.000000000000000000, 0.000000000000000000 ) ) ;
#954 = VECTOR ( 'NONE', #3414, 999.9999999999998863 ) ;
#955 = VERTEX_POINT ( 'NONE', #3647 ) ;
#956 = VERTEX_POINT ( 'NONE', #5681 ) ;
#957 = FACE_OUTER_BOUND ( 'NONE', #3393, .T. ) ;
#958 = FACE_OUTER_BOUND ( 'NONE', #1472, .T. ) ;
#959 = CARTESIAN_POINT ( 'NONE',  ( 57.99999999999999289, 0.000000000000000000, 30.10000000000000142 ) ) ;
#960 = PLANE ( 'NONE',  #5479 ) ;
#961 = VERTEX_POINT ( 'NONE', #4652 ) ;
#962 = DIRECTION ( 'NONE',  ( 1.000000000000000000, 3.301790326894848328E-16, 0.000000000000000000 ) ) ;
#963 = DIRECTION ( 'NONE',  ( -0.000000000000000000, -0.000000000000000000, -1.000000000000000000 ) ) ;
#964 = B_SPLINE_CURVE_WITH_KNOTS ( 'NONE', 3,
 ( #4838, #5391, #3802, #391 ),
 .UNSPECIFIED., .F., .F.,
 ( 4, 4 ),
 ( 0.000000000000000000, 1.000000000000000000 ),
 .UNSPECIFIED. ) ;
#965 = LINE ( 'NONE', #3499, #6196 ) ;
#966 = CARTESIAN_POINT ( 'NONE',  ( 42.49999999999998579, 2.000000000000000444, 7.000000000000000000 ) ) ;
#967 = VECTOR ( 'NONE', #5335, 1000.000000000000227 ) ;
#968 = VECTOR ( 'NONE', #3276, 1000.000000000000000 ) ;
#969 = CARTESIAN_POINT ( 'NONE',  ( -6.126943724812807801, 98.04999999999998295, 6.000000000000000000 ) ) ;
#970 = ORIENTED_EDGE ( 'NONE', *, *, #842, .F. ) ;
#971 = DIRECTION ( 'NONE',  ( -5.337610695313253357E-16, 1.000000000000000000, 0.000000000000000000 ) ) ;
#972 = EDGE_CURVE ( 'NONE', #5578, #442, #203, .T. ) ;
#973 = LINE ( 'NONE', #4839, #738 ) ;
#974 = ORIENTED_EDGE ( 'NONE', *, *, #1581, .F. ) ;
#975 = LINE ( 'NONE', #3329, #6105 ) ;
#976 = EDGE_LOOP ( 'NONE', ( #2659, #4399, #5394, #1568 ) ) ;
#977 = CARTESIAN_POINT ( 'NONE',  ( -3.499999999999998224, 93.50000000000000000, 6.000000000000000000 ) ) ;
#978 = LINE ( 'NONE', #1888, #5193 ) ;
#979 = ORIENTED_EDGE ( 'NONE', *, *, #3706, .T. ) ;
#980 = DIRECTION ( 'NONE',  ( -0.8660254037844385966, -0.5000000000000001110, 0.000000000000000000 ) ) ;
#981 = PLANE ( 'NONE',  #912 ) ;
#982 = ORIENTED_EDGE ( 'NONE', *, *, #3532, .F. ) ;
#983 = ADVANCED_FACE ( 'NONE', ( #4192 ), #4253, .F. ) ;
#984 = ORIENTED_EDGE ( 'NONE', *, *, #80, .F. ) ;
#985 = FACE_BOUND ( 'NONE', #1894, .T. ) ;
#986 = FACE_OUTER_BOUND ( 'NONE', #805, .T. ) ;
#987 = ORIENTED_EDGE ( 'NONE', *, *, #4570, .F. ) ;
#988 = CARTESIAN_POINT ( 'NONE',  ( 0.000000000000000000, 0.000000000000000000, 6.000000000000000000 ) ) ;
#989 =( BOUNDED_CURVE ( )  B_SPLINE_CURVE ( 3, ( #1543, #2132, #5148, #4572 ),
 .UNSPECIFIED., .F., .F. ) 
 B_SPLINE_CURVE_WITH_KNOTS ( ( 4, 4 ),
 ( 1.570796326794896780, 3.141592653589793116 ),
 .UNSPECIFIED. ) 
 CURVE ( )  GEOMETRIC_REPRESENTATION_ITEM ( )  RATIONAL_B_SPLINE_CURVE ( ( 1.000000000000000000, 0.8047378541243650485, 0.8047378541243650485, 1.000000000000000000 ) ) 
 REPRESENTATION_ITEM ( '' )  );
#990 = FACE_OUTER_BOUND ( 'NONE', #1984, .T. ) ;
#991 = ORIENTED_EDGE ( 'NONE', *, *, #1996, .T. ) ;
#992 = PLANE ( 'NONE',  #4702 ) ;
#993 = CARTESIAN_POINT ( 'NONE',  ( 2.999999999999982681, 3.000000000000000000, 43.48477631085023631 ) ) ;
#994 = AXIS2_PLACEMENT_3D ( 'NONE', #887, #439, #922 ) ;
#995 = CARTESIAN_POINT ( 'NONE',  ( 61.87305627518719575, -8.049999999999993605, 6.000000000000000000 ) ) ;
#996 = LINE ( 'NONE', #2493, #4366 ) ;
#997 = LINE ( 'NONE', #2529, #3333 ) ;
#998 = FACE_OUTER_BOUND ( 'NONE', #4762, .T. ) ;
#999 = VERTEX_POINT ( 'NONE', #6114 ) ;
#1000 = DIRECTION ( 'NONE',  ( -1.838995606619757339E-32, 1.192622389734055124E-16, 1.000000000000000000 ) ) ;
#1001 = EDGE_CURVE ( 'NONE', #2844, #305, #1659, .T. ) ;
#1002 = DIRECTION ( 'NONE',  ( 0.000000000000000000, 0.000000000000000000, -1.000000000000000000 ) ) ;
#1003 = ORIENTED_EDGE ( 'NONE', *, *, #1728, .F. ) ;
#1004 = LINE ( 'NONE', #2504, #2945 ) ;
#1005 = ORIENTED_EDGE ( 'NONE', *, *, #4271, .F. ) ;
#1006 = CARTESIAN_POINT ( 'NONE',  ( 1.999999999999999556, 2.000000000000000888, 2.000000000000000000 ) ) ;
#1007 = DIRECTION ( 'NONE',  ( 1.000000000000000000, 0.000000000000000000, 0.000000000000000000 ) ) ;
#1008 = ORIENTED_EDGE ( 'NONE', *, *, #6010, .T. ) ;
#1009 = FACE_OUTER_BOUND ( 'NONE', #3459, .T. ) ;
#1010 = CARTESIAN_POINT ( 'NONE',  ( -9.974659986866640793E-15, 65.00000000000000000, 5.000000000000001776 ) ) ;
#1011 = ORIENTED_EDGE ( 'NONE', *, *, #375, .F. ) ;
#1012 = EDGE_CURVE ( 'NONE', #1528, #3782, #3155, .T. ) ;
#1013 = ORIENTED_EDGE ( 'NONE', *, *, #3996, .T. ) ;
#1014 = ORIENTED_EDGE ( 'NONE', *, *, #669, .F. ) ;
#1015 = VECTOR ( 'NONE', #170, 1000.000000000000000 ) ;
#1016 = VECTOR ( 'NONE', #2251, 1000.000000000000000 ) ;
#1017 = DIRECTION ( 'NONE',  ( 1.000000000000000000, 0.000000000000000000, 0.000000000000000000 ) ) ;
#1018 = LINE ( 'NONE', #3006, #2447 ) ;
#1019 = ADVANCED_FACE ( 'NONE', ( #3700 ), #1227, .F. ) ;
#1020 = VERTEX_POINT ( 'NONE', #5133 ) ;
#1021 = PLANE ( 'NONE',  #5265 ) ;
#1022 = VECTOR ( 'NONE', #1831, 1000.000000000000000 ) ;
#1023 = DIRECTION ( 'NONE',  ( 1.000000000000000000, -1.650895163447427369E-16, 0.000000000000000000 ) ) ;
#1024 = ORIENTED_EDGE ( 'NONE', *, *, #3519, .F. ) ;
#1025 = EDGE_CURVE ( 'NONE', #1187, #2260, #291, .T. ) ;
#1026 = CARTESIAN_POINT ( 'NONE',  ( 56.99999999999997868, 65.00000000000000000, 7.000000000000000000 ) ) ;
#1027 = ADVANCED_FACE ( 'NONE', ( #3183 ), #683, .F. ) ;
#1028 = LINE ( 'NONE', #2489, #1156 ) ;
#1029 = EDGE_CURVE ( 'NONE', #4730, #4105, #4736, .T. ) ;
#1030 = DIRECTION ( 'NONE',  ( -0.000000000000000000, -1.000000000000000000, -0.000000000000000000 ) ) ;
#1031 = LINE ( 'NONE', #5029, #3572 ) ;
#1032 = DIRECTION ( 'NONE',  ( -0.000000000000000000, 0.000000000000000000, 1.000000000000000000 ) ) ;
#1033 = DIRECTION ( 'NONE',  ( -0.000000000000000000, -0.000000000000000000, -1.000000000000000000 ) ) ;
#1034 = VERTEX_POINT ( 'NONE', #5162 ) ;
#1035 = PLANE ( 'NONE',  #4231 ) ;
#1036 = CARTESIAN_POINT ( 'NONE',  ( -9.250000000000017764, -9.249999999999998224, 0.7500000000000000000 ) ) ;
#1037 = VERTEX_POINT ( 'NONE', #1688 ) ;
#1038 = DIRECTION ( 'NONE',  ( -1.000000000000000000, -0.000000000000000000, -0.000000000000000000 ) ) ;
#1039 = VECTOR ( 'NONE', #2816, 1000.000000000000000 ) ;
#1040 = ORIENTED_EDGE ( 'NONE', *, *, #2487, .F. ) ;
#1041 = DIRECTION ( 'NONE',  ( 1.000000000000000000, -0.000000000000000000, -0.000000000000000000 ) ) ;
#1042 = CARTESIAN_POINT ( 'NONE',  ( 58.99999999999998579, 24.49999999999998934, 8.250000000000000000 ) ) ;
#1043 = ORIENTED_EDGE ( 'NONE', *, *, #432, .F. ) ;
#1044 = ADVANCED_FACE ( 'NONE', ( #3674, #3210 ), #3767, .T. ) ;
#1045 = CARTESIAN_POINT ( 'NONE',  ( -5.165621017353156624E-15, 33.49999999999997158, 16.00000000000001066 ) ) ;
#1046 = VECTOR ( 'NONE', #1398, 1000.000000000000000 ) ;
#1047 = AXIS2_PLACEMENT_3D ( 'NONE', #4275, #858, #6253 ) ;
#1048 = ADVANCED_FACE ( 'NONE', ( #4710 ), #5746, .F. ) ;
#1049 = FACE_OUTER_BOUND ( 'NONE', #6215, .T. ) ;
#1050 = ORIENTED_EDGE ( 'NONE', *, *, #5749, .F. ) ;
#1051 = VERTEX_POINT ( 'NONE', #2236 ) ;
#1052 = ORIENTED_EDGE ( 'NONE', *, *, #2642, .T. ) ;
#1053 = DIRECTION ( 'NONE',  ( -1.541976423090495633E-16, 1.000000000000000000, 0.000000000000000000 ) ) ;
#1054 = PLANE ( 'NONE',  #5402 ) ;
#1055 = ORIENTED_EDGE ( 'NONE', *, *, #3986, .T. ) ;
#1056 = EDGE_CURVE ( 'NONE', #5727, #4660, #4683, .T. ) ;
#1057 = CARTESIAN_POINT ( 'NONE',  ( 58.99999999999999289, 3.000000000000000000, 25.10000000000000142 ) ) ;
#1058 = LINE ( 'NONE', #3140, #90 ) ;
#1059 = ORIENTED_EDGE ( 'NONE', *, *, #5057, .T. ) ;
#1060 = EDGE_CURVE ( 'NONE', #5894, #5626, #5021, .T. ) ;
#1061 = DIRECTION ( 'NONE',  ( 3.301790326894848328E-16, -1.000000000000000000, 0.000000000000000000 ) ) ;
#1062 = LINE ( 'NONE', #57, #3324 ) ;
#1063 = EDGE_CURVE ( 'NONE', #3782, #3203, #2755, .T. ) ;
#1064 = DIRECTION ( 'NONE',  ( -0.000000000000000000, -0.000000000000000000, -1.000000000000000000 ) ) ;
#1065 = CARTESIAN_POINT ( 'NONE',  ( 1.999999999999994893, 33.49999999999997158, 16.00000000000001066 ) ) ;
#1066 = CARTESIAN_POINT ( 'NONE',  ( 1.999999999999987121, 84.99999999999997158, 5.000000000000000000 ) ) ;
#1067 = DIRECTION ( 'NONE',  ( 1.000000000000000000, 0.000000000000000000, 0.000000000000000000 ) ) ;
#1068 = ORIENTED_EDGE ( 'NONE', *, *, #4773, .T. ) ;
#1069 = VECTOR ( 'NONE', #608, 1000.000000000000000 ) ;
#1070 = CARTESIAN_POINT ( 'NONE',  ( -1.249000902703301266E-14, 80.99999999999998579, 16.00000000000000000 ) ) ;
#1071 = CIRCLE ( 'NONE', #863, 2.299999999999996270 ) ;
#1072 = DIRECTION ( 'NONE',  ( 0.000000000000000000, 0.000000000000000000, 1.000000000000000000 ) ) ;
#1073 = ORIENTED_EDGE ( 'NONE', *, *, #1489, .F. ) ;
#1074 = LINE ( 'NONE', #173, #1425 ) ;
#1075 = EDGE_LOOP ( 'NONE', ( #133, #4110, #3480, #5350 ) ) ;
#1076 = AXIS2_PLACEMENT_3D ( 'NONE', #5387, #1388, #3379 ) ;
#1077 = CARTESIAN_POINT ( 'NONE',  ( 18.25000000000000355, 88.00000000000000000, 8.499999999999998224 ) ) ;
#1078 = DIRECTION ( 'NONE',  ( 0.000000000000000000, 0.000000000000000000, -1.000000000000000000 ) ) ;
#1079 = ORIENTED_EDGE ( 'NONE', *, *, #728, .F. ) ;
#1080 = VECTOR ( 'NONE', #2074, 1000.000000000000000 ) ;
#1081 = CARTESIAN_POINT ( 'NONE',  ( 62.52786404500040618, 84.99999999999998579, 2.000000000000000000 ) ) ;
#1082 = DIRECTION ( 'NONE',  ( 0.000000000000000000, 1.000000000000000000, 0.000000000000000000 ) ) ;
#1083 = EDGE_LOOP ( 'NONE', ( #6122, #5843, #2082, #2553, #1177 ) ) ;
#1084 = ORIENTED_EDGE ( 'NONE', *, *, #6096, .T. ) ;
#1085 = ORIENTED_EDGE ( 'NONE', *, *, #3249, .T. ) ;
#1086 = CARTESIAN_POINT ( 'NONE',  ( 1.999999999999987121, 84.99999999999997158, 13.00000000000000178 ) ) ;
#1087 = CARTESIAN_POINT ( 'NONE',  ( 0.000000000000000000, 0.000000000000000000, 2.000000000000000000 ) ) ;
#1088 = ORIENTED_EDGE ( 'NONE', *, *, #229, .F. ) ;
#1089 = FACE_OUTER_BOUND ( 'NONE', #1469, .T. ) ;
#1090 = DIRECTION ( 'NONE',  ( 0.5000000000000001110, 0.8660254037844385966, 0.000000000000000000 ) ) ;
#1091 = ORIENTED_EDGE ( 'NONE', *, *, #2918, .T. ) ;
#1092 = VECTOR ( 'NONE', #942, 1000.000000000000000 ) ;
#1093 = CARTESIAN_POINT ( 'NONE',  ( 29.71995838912544485, 2.000000000000000000, 20.00000000000000000 ) ) ;
#1094 = APPLICATION_CONTEXT ( 'configuration controlled 3d designs of mechanical parts and assemblies' ) ;
#1095 = CARTESIAN_POINT ( 'NONE',  ( 2.999999991999983795, 1.999999999999999556, 30.10000000000000142 ) ) ;
#1096 = EDGE_CURVE ( 'NONE', #5371, #6009, #5841, .T. ) ;
#1097 = ORIENTED_EDGE ( 'NONE', *, *, #3044, .F. ) ;
#1098 = LINE ( 'NONE', #3470, #91 ) ;
#1099 = CARTESIAN_POINT ( 'NONE',  ( 61.87305627518720286, 98.04999999999998295, 6.000000000000000000 ) ) ;
#1100 = FACE_OUTER_BOUND ( 'NONE', #689, .T. ) ;
#1101 = CARTESIAN_POINT ( 'NONE',  ( 52.00000000000000000, -6.000000000000000000, 0.000000000000000000 ) ) ;
#1102 = EDGE_CURVE ( 'NONE', #5626, #2859, #2147, .T. ) ;
#1103 = ADVANCED_FACE ( 'NONE', ( #3345 ), #5776, .T. ) ;
#1104 = CARTESIAN_POINT ( 'NONE',  ( -0.8730562751871727700, 88.95000000000001705, 0.000000000000000000 ) ) ;
#1105 = LINE ( 'NONE', #3088, #1252 ) ;
#1106 = ORIENTED_EDGE ( 'NONE', *, *, #5249, .F. ) ;
#1107 = EDGE_CURVE ( 'NONE', #3557, #3657, #2819, .T. ) ;
#1108 = DIRECTION ( 'NONE',  ( 1.000000000000000000, 0.000000000000000000, 0.000000000000000000 ) ) ;
#1109 = ORIENTED_EDGE ( 'NONE', *, *, #4440, .F. ) ;
#1110 = CARTESIAN_POINT ( 'NONE',  ( 1.999999999999987121, 84.99999999999997158, 5.000000000000000000 ) ) ;
#1111 = EDGE_LOOP ( 'NONE', ( #3448, #3515, #4390, #1413 ) ) ;
#1112 = EDGE_CURVE ( 'NONE', #1848, #1704, #1325, .T. ) ;
#1113 = LINE ( 'NONE', #10, #784 ) ;
#1114 = DIRECTION ( 'NONE',  ( -1.838995606619757339E-32, 1.192622389734055124E-16, 1.000000000000000000 ) ) ;
#1115 = VERTEX_POINT ( 'NONE', #870 ) ;
#1116 = VERTEX_POINT ( 'NONE', #2399 ) ;
#1117 = ORIENTED_EDGE ( 'NONE', *, *, #3398, .F. ) ;
#1118 = DIRECTION ( 'NONE',  ( 1.000000000000000000, -0.000000000000000000, 0.000000000000000000 ) ) ;
#1119 = DIRECTION ( 'NONE',  ( 0.000000000000000000, 0.000000000000000000, -1.000000000000000000 ) ) ;
#1120 = VERTEX_POINT ( 'NONE', #4289 ) ;
#1121 = DIRECTION ( 'NONE',  ( -1.000000000000000000, -0.000000000000000000, -0.000000000000000000 ) ) ;
#1122 = CARTESIAN_POINT ( 'NONE',  ( -9.249999999999998224, 87.75000000000000000, 25.10000000000000142 ) ) ;
#1123 = ORIENTED_EDGE ( 'NONE', *, *, #4193, .F. ) ;
#1124 = VECTOR ( 'NONE', #2353, 1000.000000000000000 ) ;
#1125 = EDGE_CURVE ( 'NONE', #239, #1120, #6396, .T. ) ;
#1126 = AXIS2_PLACEMENT_3D ( 'NONE', #2300, #6362, #3441 ) ;
#1127 = LINE ( 'NONE', #2712, #5119 ) ;
#1128 = VECTOR ( 'NONE', #625, 1000.000000000000000 ) ;
#1129 = FACE_OUTER_BOUND ( 'NONE', #2326, .T. ) ;
#1130 = EDGE_CURVE ( 'NONE', #3557, #1729, #1911, .T. ) ;
#1131 = ORIENTED_EDGE ( 'NONE', *, *, #3424, .F. ) ;
#1132 = EDGE_CURVE ( 'NONE', #2673, #4730, #2950, .T. ) ;
#1133 = CARTESIAN_POINT ( 'NONE',  ( -0.8730562751872202876, -8.050000000000000711, 6.000000000000000000 ) ) ;
#1134 = CARTESIAN_POINT ( 'NONE',  ( 61.87305627518720286, 1.050000000000004485, 0.000000000000000000 ) ) ;
#1135 = DIRECTION ( 'NONE',  ( 0.000000000000000000, 0.000000000000000000, 1.000000000000000000 ) ) ;
#1136 = LINE ( 'NONE', #6043, #2836 ) ;
#1137 = ADVANCED_FACE ( 'NONE', ( #3408 ), #3442, .F. ) ;
#1138 = CARTESIAN_POINT ( 'NONE',  ( 1.999999999999987121, 84.99999999999997158, 5.000000000000000000 ) ) ;
#1139 = DIRECTION ( 'NONE',  ( 1.982541115402065356E-16, -1.000000000000000000, -1.239088197126290817E-16 ) ) ;
#1140 = EDGE_CURVE ( 'NONE', #665, #5792, #4865, .T. ) ;
#1141 = VERTEX_POINT ( 'NONE', #4321 ) ;
#1142 = LINE ( 'NONE', #654, #3362 ) ;
#1143 = DIRECTION ( 'NONE',  ( 0.000000000000000000, 1.000000000000000000, 0.000000000000000000 ) ) ;
#1144 = ORIENTED_EDGE ( 'NONE', *, *, #167, .T. ) ;
#1145 = CARTESIAN_POINT ( 'NONE',  ( 58.99999999999998579, 33.50000000000000000, 2.000000000000000000 ) ) ;
#1146 = PLANE ( 'NONE',  #5591 ) ;
#1147 = ORIENTED_EDGE ( 'NONE', *, *, #4991, .T. ) ;
#1148 = EDGE_LOOP ( 'NONE', ( #4134, #3384, #6304, #5269 ) ) ;
#1149 = EDGE_CURVE ( 'NONE', #2402, #3778, #6263, .T. ) ;
#1150 = ORIENTED_EDGE ( 'NONE', *, *, #5707, .T. ) ;
#1151 = DIRECTION ( 'NONE',  ( 1.000000000000000000, -0.000000000000000000, -0.000000000000000000 ) ) ;
#1152 = AXIS2_PLACEMENT_3D ( 'NONE', #532, #3522, #3943 ) ;
#1153 = DIRECTION ( 'NONE',  ( 0.000000000000000000, 0.000000000000000000, 1.000000000000000000 ) ) ;
#1154 = VERTEX_POINT ( 'NONE', #1846 ) ;
#1155 = AXIS2_PLACEMENT_3D ( 'NONE', #1268, #3257, #3221 ) ;
#1156 = VECTOR ( 'NONE', #3533, 1000.000000000000000 ) ;
#1157 = DIRECTION ( 'NONE',  ( -1.208866533781748882E-16, 0.000000000000000000, -1.000000000000000000 ) ) ;
#1158 = DIRECTION ( 'NONE',  ( 1.000000000000000000, 0.000000000000000000, 0.000000000000000000 ) ) ;
#1159 = ORIENTED_EDGE ( 'NONE', *, *, #6037, .F. ) ;
#1160 = VECTOR ( 'NONE', #5721, 1000.000000000000000 ) ;
#1161 = CARTESIAN_POINT ( 'NONE',  ( -1.527864045000426385, 84.99999999999997158, 13.00000000000000178 ) ) ;
#1162 = LINE ( 'NONE', #2714, #5614 ) ;
#1163 = ORIENTED_EDGE ( 'NONE', *, *, #4477, .T. ) ;
#1164 = CARTESIAN_POINT ( 'NONE',  ( 58.99999999999998579, 18.24999999999999289, 11.94999999999999751 ) ) ;
#1165 = CARTESIAN_POINT ( 'NONE',  ( 58.99999999999997868, 65.00000000000000000, 4.999999999999997335 ) ) ;
#1166 = CARTESIAN_POINT ( 'NONE',  ( 58.99999999999998579, 31.49999999999999289, 8.250000000000001776 ) ) ;
#1167 = LINE ( 'NONE', #2145, #1569 ) ;
#1168 = ORIENTED_EDGE ( 'NONE', *, *, #4091, .F. ) ;
#1169 = CARTESIAN_POINT ( 'NONE',  ( 58.99999999999999289, 88.00000000000000000, 25.10000000000000142 ) ) ;
#1170 = AXIS2_PLACEMENT_3D ( 'NONE', #1093, #4053, #2030 ) ;
#1171 = CARTESIAN_POINT ( 'NONE',  ( 1.999999999999990452, 63.49999999999997158, 13.00000000000000533 ) ) ;
#1172 = ORIENTED_EDGE ( 'NONE', *, *, #436, .T. ) ;
#1173 = DIRECTION ( 'NONE',  ( 0.000000000000000000, 0.000000000000000000, 1.000000000000000000 ) ) ;
#1174 = EDGE_CURVE ( 'NONE', #3165, #872, #4352, .T. ) ;
#1175 = VECTOR ( 'NONE', #5328, 1000.000000000000000 ) ;
#1176 = LINE ( 'NONE', #207, #2783 ) ;
#1177 = ORIENTED_EDGE ( 'NONE', *, *, #5551, .F. ) ;
#1178 = ORIENTED_EDGE ( 'NONE', *, *, #3340, .F. ) ;
#1179 = ORIENTED_EDGE ( 'NONE', *, *, #5866, .F. ) ;
#1180 = PLANE ( 'NONE',  #4585 ) ;
#1181 = AXIS2_PLACEMENT_3D ( 'NONE', #2007, #3542, #1067 ) ;
#1182 = LINE ( 'NONE', #5505, #4579 ) ;
#1183 = ORIENTED_EDGE ( 'NONE', *, *, #5707, .F. ) ;
#1184 = DIRECTION ( 'NONE',  ( -0.000000000000000000, 0.000000000000000000, 1.000000000000000000 ) ) ;
#1185 = EDGE_CURVE ( 'NONE', #757, #5613, #1656, .T. ) ;
#1186 = DIRECTION ( 'NONE',  ( -0.000000000000000000, -0.000000000000000000, -1.000000000000000000 ) ) ;
#1187 = VERTEX_POINT ( 'NONE', #898 ) ;
#1188 = LINE ( 'NONE', #726, #447 ) ;
#1189 = DIRECTION ( 'NONE',  ( -0.000000000000000000, -1.000000000000000000, -0.000000000000000000 ) ) ;
#1190 = EDGE_LOOP ( 'NONE', ( #4788, #602 ) ) ;
#1191 = VECTOR ( 'NONE', #6084, 1000.000000000000000 ) ;
#1192 = CARTESIAN_POINT ( 'NONE',  ( -6.126943724812807801, 98.04999999999998295, 6.000000000000000000 ) ) ;
#1193 = PLANE ( 'NONE',  #6369 ) ;
#1194 = DIRECTION ( 'NONE',  ( -0.000000000000000000, -0.000000000000000000, 1.000000000000000000 ) ) ;
#1195 = ORIENTED_EDGE ( 'NONE', *, *, #3316, .F. ) ;
#1196 = DIRECTION ( 'NONE',  ( -0.5000000000000004441, 0.8660254037844382635, 0.000000000000000000 ) ) ;
#1197 = CARTESIAN_POINT ( 'NONE',  ( 56.99999999999997868, 65.00000000000000000, 2.000000000000000000 ) ) ;
#1198 = ORIENTED_EDGE ( 'NONE', *, *, #2449, .F. ) ;
#1199 = DIRECTION ( 'NONE',  ( -1.000000000000000000, 0.000000000000000000, 0.000000000000000000 ) ) ;
#1200 = VECTOR ( 'NONE', #5913, 1000.000000000000000 ) ;
#1201 = EDGE_CURVE ( 'NONE', #2587, #1436, #1357, .T. ) ;
#1202 = ORIENTED_EDGE ( 'NONE', *, *, #1935, .F. ) ;
#1203 = VERTEX_POINT ( 'NONE', #966 ) ;
#1204 = CARTESIAN_POINT ( 'NONE',  ( 70.99999999999998579, 87.00000000000000000, 25.10000000000000142 ) ) ;
#1205 = DIRECTION ( 'NONE',  ( -0.000000000000000000, -0.000000000000000000, -1.000000000000000000 ) ) ;
#1206 = ORIENTED_EDGE ( 'NONE', *, *, #5433, .F. ) ;
#1207 = DIRECTION ( 'NONE',  ( 0.000000000000000000, -1.000000000000000000, 0.000000000000000000 ) ) ;
#1208 = EDGE_CURVE ( 'NONE', #2052, #4730, #2363, .T. ) ;
#1209 = CARTESIAN_POINT ( 'NONE',  ( 57.99999999999999289, 2.000000000000000000, 25.10000000000000142 ) ) ;
#1210 = ORIENTED_EDGE ( 'NONE', *, *, #5449, .T. ) ;
#1211 = VECTOR ( 'NONE', #4637, 999.9999999999998863 ) ;
#1212 = EDGE_CURVE ( 'NONE', #4936, #493, #6330, .T. ) ;
#1213 = CARTESIAN_POINT ( 'NONE',  ( 71.00000000000000000, -9.249999999999998224, -18.38477631085023489 ) ) ;
#1214 = CARTESIAN_POINT ( 'NONE',  ( -1.310679959626920933E-14, 84.99999999999997158, 2.000000000000000000 ) ) ;
#1215 = AXIS2_PLACEMENT_3D ( 'NONE', #2633, #4312, #2743 ) ;
#1216 = ADVANCED_FACE ( 'NONE', ( #6268 ), #1419, .F. ) ;
#1217 = EDGE_LOOP ( 'NONE', ( #4227, #2513, #3373, #5686 ) ) ;
#1218 = VERTEX_POINT ( 'NONE', #1817 ) ;
#1219 = DIRECTION ( 'NONE',  ( -1.000000000000000000, -0.000000000000000000, -0.000000000000000000 ) ) ;
#1220 = EDGE_CURVE ( 'NONE', #4137, #2998, #3797, .T. ) ;
#1221 = VECTOR ( 'NONE', #1370, 1000.000000000000000 ) ;
#1222 = DIRECTION ( 'NONE',  ( -0.000000000000000000, -0.000000000000000000, 1.000000000000000000 ) ) ;
#1223 = EDGE_CURVE ( 'NONE', #114, #1141, #1031, .T. ) ;
#1224 = VECTOR ( 'NONE', #2941, 1000.000000000000000 ) ;
#1225 = PLANE ( 'NONE',  #4891 ) ;
#1226 = EDGE_LOOP ( 'NONE', ( #4612, #6281, #1700, #1753 ) ) ;
#1227 = PLANE ( 'NONE',  #4188 ) ;
#1228 = CARTESIAN_POINT ( 'NONE',  ( 8.999999999999982236, 0.000000000000000000, 0.000000000000000000 ) ) ;
#1229 = ORIENTED_EDGE ( 'NONE', *, *, #3725, .T. ) ;
#1230 = DIRECTION ( 'NONE',  ( 0.000000000000000000, 0.000000000000000000, -1.000000000000000000 ) ) ;
#1231 = VERTEX_POINT ( 'NONE', #2561 ) ;
#1232 = ORIENTED_EDGE ( 'NONE', *, *, #100, .F. ) ;
#1233 = LINE ( 'NONE', #5334, #3955 ) ;
#1234 = FACE_OUTER_BOUND ( 'NONE', #1262, .T. ) ;
#1235 = ORIENTED_EDGE ( 'NONE', *, *, #6180, .F. ) ;
#1236 = ADVANCED_FACE ( 'NONE', ( #3988 ), #3957, .F. ) ;
#1237 = CARTESIAN_POINT ( 'NONE',  ( 2.999999999999982681, 3.000000000000000000, 43.48477631085023631 ) ) ;
#1238 = CARTESIAN_POINT ( 'NONE',  ( 57.99999999999998579, 87.00000000000000000, 43.48477631085023631 ) ) ;
#1239 = VERTEX_POINT ( 'NONE', #544 ) ;
#1240 = AXIS2_PLACEMENT_3D ( 'NONE', #1437, #3490, #4918 ) ;
#1241 = ORIENTED_EDGE ( 'NONE', *, *, #4286, .F. ) ;
#1242 = DIRECTION ( 'NONE',  ( 0.000000000000000000, -1.000000000000000000, 0.000000000000000000 ) ) ;
#1243 = VECTOR ( 'NONE', #4620, 1000.000000000000000 ) ;
#1244 = CARTESIAN_POINT ( 'NONE',  ( 70.24999999999998579, 99.99999999999997158, 25.10000000000000142 ) ) ;
#1245 = VECTOR ( 'NONE', #384, 1000.000000000000000 ) ;
#1246 = DIRECTION ( 'NONE',  ( 0.000000000000000000, 0.000000000000000000, 1.000000000000000000 ) ) ;
#1247 = CARTESIAN_POINT ( 'NONE',  ( 4.000000000000000000, 63.50000000000000000, 2.000000000000000000 ) ) ;
#1248 = ADVANCED_FACE ( 'NONE', ( #5964 ), #1514, .F. ) ;
#1249 = VECTOR ( 'NONE', #1205, 1000.000000000000000 ) ;
#1250 = VERTEX_POINT ( 'NONE', #4545 ) ;
#1251 = VECTOR ( 'NONE', #6354, 1000.000000000000000 ) ;
#1252 = VECTOR ( 'NONE', #2635, 1000.000000000000000 ) ;
#1253 = ORIENTED_EDGE ( 'NONE', *, *, #4203, .T. ) ;
#1254 = DIRECTION ( 'NONE',  ( 0.000000000000000000, -1.000000000000000000, -2.569960705150826877E-16 ) ) ;
#1255 = CARTESIAN_POINT ( 'NONE',  ( 1.999999999999999556, 2.000000000000000888, 2.000000000000000000 ) ) ;
#1256 = VECTOR ( 'NONE', #3931, 1000.000000000000000 ) ;
#1257 = ADVANCED_FACE ( 'NONE', ( #2527 ), #60, .F. ) ;
#1258 = CARTESIAN_POINT ( 'NONE',  ( 0.000000000000000000, 0.000000000000000000, 6.000000000000000000 ) ) ;
#1259 = ORIENTED_EDGE ( 'NONE', *, *, #5437, .T. ) ;
#1260 = DIRECTION ( 'NONE',  ( 0.000000000000000000, 0.000000000000000000, -1.000000000000000000 ) ) ;
#1261 = PLANE ( 'NONE',  #1799 ) ;
#1262 = EDGE_LOOP ( 'NONE', ( #1987, #5630, #4569, #1399 ) ) ;
#1263 = FACE_OUTER_BOUND ( 'NONE', #5784, .T. ) ;
#1264 = ORIENTED_EDGE ( 'NONE', *, *, #4904, .T. ) ;
#1265 = ORIENTED_EDGE ( 'NONE', *, *, #5027, .F. ) ;
#1266 = CYLINDRICAL_SURFACE ( 'NONE', #3087, 2.299999999999996270 ) ;
#1267 = LINE ( 'NONE', #4842, #3129 ) ;
#1268 = CARTESIAN_POINT ( 'NONE',  ( 57.99999999999999289, -9.999999999999998224, -18.38477631085023489 ) ) ;
#1269 = ORIENTED_EDGE ( 'NONE', *, *, #3424, .T. ) ;
#1270 = DIRECTION ( 'NONE',  ( 0.000000000000000000, 0.000000000000000000, 1.000000000000000000 ) ) ;
#1271 = CARTESIAN_POINT ( 'NONE',  ( 58.99999999999998579, 65.00000000000000000, 2.000000000000000000 ) ) ;
#1272 = VERTEX_POINT ( 'NONE', #5484 ) ;
#1273 = VECTOR ( 'NONE', #1033, 1000.000000000000000 ) ;
#1274 = ORIENTED_EDGE ( 'NONE', *, *, #3678, .T. ) ;
#1275 = LINE ( 'NONE', #4, #2990 ) ;
#1276 = DIRECTION ( 'NONE',  ( -0.000000000000000000, -0.000000000000000000, -1.000000000000000000 ) ) ;
#1277 = VECTOR ( 'NONE', #3733, 1000.000000000000000 ) ;
#1278 = CARTESIAN_POINT ( 'NONE',  ( -9.250000000000015987, 3.000000000000000000, 0.000000000000000000 ) ) ;
#1279 = DIRECTION ( 'NONE',  ( 1.541976423090495633E-16, -1.000000000000000000, 1.246832498358330346E-16 ) ) ;
#1280 = DIRECTION ( 'NONE',  ( -0.5000000000000004441, -0.8660254037844383745, 0.000000000000000000 ) ) ;
#1281 = ORIENTED_EDGE ( 'NONE', *, *, #507, .F. ) ;
#1282 = EDGE_CURVE ( 'NONE', #3591, #5363, #1480, .T. ) ;
#1283 = ORIENTED_EDGE ( 'NONE', *, *, #3905, .F. ) ;
#1284 = DIRECTION ( 'NONE',  ( -1.000000000000000000, 0.000000000000000000, 0.000000000000000000 ) ) ;
#1285 = EDGE_CURVE ( 'NONE', #1020, #685, #3500, .T. ) ;
#1286 = CARTESIAN_POINT ( 'NONE',  ( 70.25000000000000000, -9.999999999999998224, 25.10000000000000142 ) ) ;
#1287 = EDGE_CURVE ( 'NONE', #1231, #110, #3016, .T. ) ;
#1288 = CARTESIAN_POINT ( 'NONE',  ( 57.99999999999999289, -9.249999999999998224, 25.10000000000000142 ) ) ;
#1289 = ORIENTED_EDGE ( 'NONE', *, *, #2453, .F. ) ;
#1290 = DIRECTION ( 'NONE',  ( -1.000000000000000000, -2.312964634635743450E-16, 0.000000000000000000 ) ) ;
#1291 = EDGE_CURVE ( 'NONE', #2901, #150, #2034, .T. ) ;
#1292 = VECTOR ( 'NONE', #2759, 1000.000000000000000 ) ;
#1293 = DIRECTION ( 'NONE',  ( 1.334402673828313339E-16, 1.000000000000000000, 0.000000000000000000 ) ) ;
#1294 = ORIENTED_EDGE ( 'NONE', *, *, #1652, .T. ) ;
#1295 = CARTESIAN_POINT ( 'NONE',  ( 58.99999999999997868, 63.49999999999998579, 12.99999999999999645 ) ) ;
#1296 = ADVANCED_FACE ( 'NONE', ( #5556 ), #2070, .F. ) ;
#1297 = ORIENTED_EDGE ( 'NONE', *, *, #2414, .F. ) ;
#1298 = VERTEX_POINT ( 'NONE', #1968 ) ;
#1299 = ORIENTED_EDGE ( 'NONE', *, *, #655, .T. ) ;
#1300 = LINE ( 'NONE', #6244, #1160 ) ;
#1301 = EDGE_CURVE ( 'NONE', #1853, #2048, #4961, .T. ) ;
#1302 = LINE ( 'NONE', #1495, #1046 ) ;
#1303 = ORIENTED_EDGE ( 'NONE', *, *, #626, .F. ) ;
#1304 = AXIS2_PLACEMENT_3D ( 'NONE', #4846, #2866, #6279 ) ;
#1305 = CARTESIAN_POINT ( 'NONE',  ( 58.99999999999998579, 24.49999999999998934, 8.250000000000000000 ) ) ;
#1306 = DIRECTION ( 'NONE',  ( -0.000000000000000000, -0.000000000000000000, 1.000000000000000000 ) ) ;
#1307 = ORIENTED_EDGE ( 'NONE', *, *, #2217, .T. ) ;
#1308 = VERTEX_POINT ( 'NONE', #4927 ) ;
#1309 = FACE_OUTER_BOUND ( 'NONE', #4457, .T. ) ;
#1310 = DIRECTION ( 'NONE',  ( 1.000000000000000000, -3.469446951953611033E-15, -0.000000000000000000 ) ) ;
#1311 = LINE ( 'NONE', #279, #2192 ) ;
#1312 = FACE_OUTER_BOUND ( 'NONE', #1533, .T. ) ;
#1313 = DIRECTION ( 'NONE',  ( 1.000000000000000000, 2.312964634635743450E-16, -0.000000000000000000 ) ) ;
#1314 = ORIENTED_EDGE ( 'NONE', *, *, #2201, .T. ) ;
#1315 = ORIENTED_EDGE ( 'NONE', *, *, #2273, .T. ) ;
#1316 = LINE ( 'NONE', #4797, #5013 ) ;
#1317 = EDGE_CURVE ( 'NONE', #4602, #2932, #5519, .T. ) ;
#1318 = AXIS2_PLACEMENT_3D ( 'NONE', #5508, #5546, #3139 ) ;
#1319 = LINE ( 'NONE', #3403, #3434 ) ;
#1320 = EDGE_CURVE ( 'NONE', #1906, #5578, #1586, .T. ) ;
#1321 = VECTOR ( 'NONE', #2451, 1000.000000000000000 ) ;
#1322 = LINE ( 'NONE', #1387, #4065 ) ;
#1323 = AXIS2_PLACEMENT_3D ( 'NONE', #4453, #4424, #5763 ) ;
#1324 = ORIENTED_EDGE ( 'NONE', *, *, #4614, .F. ) ;
#1325 = LINE ( 'NONE', #3309, #2638 ) ;
#1326 = EDGE_CURVE ( 'NONE', #2961, #908, #996, .T. ) ;
#1327 = DIRECTION ( 'NONE',  ( 1.000000000000000000, 0.000000000000000000, 0.000000000000000000 ) ) ;
#1328 = VERTEX_POINT ( 'NONE', #3082 ) ;
#1329 = PLANE ( 'NONE',  #4109 ) ;
#1330 = EDGE_CURVE ( 'NONE', #1893, #1115, #4479, .T. ) ;
#1331 = CARTESIAN_POINT ( 'NONE',  ( 1.999999999999990008, 63.49999999999997158, 13.00000000000000533 ) ) ;
#1332 = ORIENTED_EDGE ( 'NONE', *, *, #2692, .T. ) ;
#1333 = ORIENTED_EDGE ( 'NONE', *, *, #191, .T. ) ;
#1334 = DIRECTION ( 'NONE',  ( 1.000000000000000000, 0.000000000000000000, 0.000000000000000000 ) ) ;
#1335 = CARTESIAN_POINT ( 'NONE',  ( 2.689339828220178585, 99.99999999999998579, 0.3106601717798219142 ) ) ;
#1336 = CARTESIAN_POINT ( 'NONE',  ( -6.126943724812782932, 88.95000000000001705, 6.000000000000000000 ) ) ;
#1337 = EDGE_LOOP ( 'NONE', ( #3137, #3132, #5438, #306, #4639, #720 ) ) ;
#1338 = FACE_OUTER_BOUND ( 'NONE', #3594, .T. ) ;
#1339 = CARTESIAN_POINT ( 'NONE',  ( 60.99999999999998579, 18.24999999999999289, 11.94999999999999751 ) ) ;
#1340 = ORIENTED_EDGE ( 'NONE', *, *, #2175, .F. ) ;
#1341 = EDGE_CURVE ( 'NONE', #1272, #3209, #2111, .T. ) ;
#1342 = ORIENTED_EDGE ( 'NONE', *, *, #2934, .F. ) ;
#1343 = DIRECTION ( 'NONE',  ( -0.000000000000000000, -0.000000000000000000, 1.000000000000000000 ) ) ;
#1344 = LINE ( 'NONE', #921, #4159 ) ;
#1345 = CARTESIAN_POINT ( 'NONE',  ( 60.99999999999997158, 65.00000000000000000, 1.999999999999997335 ) ) ;
#1346 = CARTESIAN_POINT ( 'NONE',  ( 1.999999999999999556, 63.50000000000000000, 7.000000000000000000 ) ) ;
#1347 = CARTESIAN_POINT ( 'NONE',  ( -0.8730562751872177341, 1.050000000000000488, 6.000000000000000000 ) ) ;
#1348 = ORIENTED_EDGE ( 'NONE', *, *, #3197, .T. ) ;
#1349 = AXIS2_PLACEMENT_3D ( 'NONE', #2228, #1708, #3692 ) ;
#1350 = EDGE_LOOP ( 'NONE', ( #4689, #5056 ) ) ;
#1351 = DIRECTION ( 'NONE',  ( -0.000000000000000000, 1.000000000000000000, -0.000000000000000000 ) ) ;
#1352 = CIRCLE ( 'NONE', #5298, 5.999999999999998224 ) ;
#1353 = DIRECTION ( 'NONE',  ( 0.8660254037844391517, -0.4999999999999990563, 0.000000000000000000 ) ) ;
#1354 = VECTOR ( 'NONE', #1246, 1000.000000000000000 ) ;
#1355 = LINE ( 'NONE', #448, #6036 ) ;
#1356 = VECTOR ( 'NONE', #6123, 1000.000000000000000 ) ;
#1357 = LINE ( 'NONE', #4833, #6062 ) ;
#1358 = DIRECTION ( 'NONE',  ( 0.5000000000000004441, -0.8660254037844383745, 0.000000000000000000 ) ) ;
#1359 = ORIENTED_EDGE ( 'NONE', *, *, #4592, .T. ) ;
#1360 = DIRECTION ( 'NONE',  ( 0.5000000000000006661, -0.8660254037844381525, 0.000000000000000000 ) ) ;
#1361 = PLANE ( 'NONE',  #2713 ) ;
#1362 = VERTEX_POINT ( 'NONE', #1623 ) ;
#1363 = EDGE_LOOP ( 'NONE', ( #1005, #2645, #5761, #3068 ) ) ;
#1364 = FACE_OUTER_BOUND ( 'NONE', #4907, .T. ) ;
#1365 = CARTESIAN_POINT ( 'NONE',  ( 71.00000000000000000, 2.250000000000000444, 25.10000000000000142 ) ) ;
#1366 = DIRECTION ( 'NONE',  ( 0.5000000000000001110, 0.8660254037844384856, 0.000000000000000000 ) ) ;
#1367 = EDGE_CURVE ( 'NONE', #2267, #4228, #5584, .T. ) ;
#1368 = ORIENTED_EDGE ( 'NONE', *, *, #413, .T. ) ;
#1369 = DIRECTION ( 'NONE',  ( 1.000000000000000000, 0.000000000000000000, 0.000000000000000000 ) ) ;
#1370 = DIRECTION ( 'NONE',  ( 1.334402673828313339E-16, 1.000000000000000000, 0.000000000000000000 ) ) ;
#1371 = ORIENTED_EDGE ( 'NONE', *, *, #257, .T. ) ;
#1372 = ORIENTED_EDGE ( 'NONE', *, *, #5433, .T. ) ;
#1373 = CARTESIAN_POINT ( 'NONE',  ( -6.000000000000015987, 80.99999999999998579, 0.000000000000000000 ) ) ;
#1374 = CARTESIAN_POINT ( 'NONE',  ( 57.99999999999997868, 99.24999999999998579, 43.48477631085023631 ) ) ;
#1375 = VECTOR ( 'NONE', #4897, 1000.000000000000114 ) ;
#1376 = EDGE_CURVE ( 'NONE', #3182, #5303, #735, .T. ) ;
#1377 = DIRECTION ( 'NONE',  ( 0.000000000000000000, 0.000000000000000000, 1.000000000000000000 ) ) ;
#1378 = DIRECTION ( 'NONE',  ( 0.000000000000000000, 0.000000000000000000, 1.000000000000000000 ) ) ;
#1379 = ORIENTED_EDGE ( 'NONE', *, *, #3905, .T. ) ;
#1380 = AXIS2_PLACEMENT_3D ( 'NONE', #5566, #1143, #593 ) ;
#1381 = EDGE_CURVE ( 'NONE', #2928, #3518, #5129, .T. ) ;
#1382 = VECTOR ( 'NONE', #3998, 1000.000000000000000 ) ;
#1383 = ORIENTED_EDGE ( 'NONE', *, *, #3566, .F. ) ;
#1384 = DIRECTION ( 'NONE',  ( 0.5000000000000001110, 0.8660254037844384856, 0.000000000000000000 ) ) ;
#1385 = VECTOR ( 'NONE', #6138, 1000.000000000000000 ) ;
#1386 = CARTESIAN_POINT ( 'NONE',  ( 29.71995838912544485, 2.000000000000000000, 16.00000000000000000 ) ) ;
#1387 = CARTESIAN_POINT ( 'NONE',  ( 4.000000000000000000, 33.50000000000000711, 7.000000000000000000 ) ) ;
#1388 = DIRECTION ( 'NONE',  ( 0.000000000000000000, -0.000000000000000000, 1.000000000000000000 ) ) ;
#1389 = CARTESIAN_POINT ( 'NONE',  ( -9.250000000000015987, 3.000000000000000000, 0.000000000000000000 ) ) ;
#1390 = ORIENTED_EDGE ( 'NONE', *, *, #1285, .F. ) ;
#1391 = DIRECTION ( 'NONE',  ( 0.000000000000000000, 0.000000000000000000, -1.000000000000000000 ) ) ;
#1392 = LINE ( 'NONE', #5905, #2920 ) ;
#1393 = VECTOR ( 'NONE', #4869, 1000.000000000000000 ) ;
#1394 = VERTEX_POINT ( 'NONE', #6103 ) ;
#1395 = VERTEX_POINT ( 'NONE', #767 ) ;
#1396 = PERSON_AND_ORGANIZATION ( #2078, #4953 ) ;
#1397 = DIRECTION ( 'NONE',  ( -1.000000000000000000, -1.541976423090495633E-16, -0.000000000000000000 ) ) ;
#1398 = DIRECTION ( 'NONE',  ( -0.000000000000000000, 1.000000000000000000, -0.000000000000000000 ) ) ;
#1399 = ORIENTED_EDGE ( 'NONE', *, *, #147, .F. ) ;
#1400 = EDGE_CURVE ( 'NONE', #3676, #3353, #2748, .T. ) ;
#1401 = LINE ( 'NONE', #5432, #3389 ) ;
#1402 = ADVANCED_FACE ( 'NONE', ( #4675 ), #679, .F. ) ;
#1403 = DIRECTION ( 'NONE',  ( -0.000000000000000000, -0.000000000000000000, -1.000000000000000000 ) ) ;
#1404 = VERTEX_POINT ( 'NONE', #2170 ) ;
#1405 = ORIENTED_EDGE ( 'NONE', *, *, #3707, .F. ) ;
#1406 = DIRECTION ( 'NONE',  ( 2.865967179147672687E-32, -1.239088197126291063E-16, 1.000000000000000000 ) ) ;
#1407 = PLANE ( 'NONE',  #994 ) ;
#1408 = EDGE_CURVE ( 'NONE', #5702, #5879, #3147, .T. ) ;
#1409 = CARTESIAN_POINT ( 'NONE',  ( -1.002284675008821649E-14, 64.99999999999997158, 13.00000000000000355 ) ) ;
#1410 = FACE_OUTER_BOUND ( 'NONE', #5048, .T. ) ;
#1411 = ORIENTED_EDGE ( 'NONE', *, *, #1915, .T. ) ;
#1412 = EDGE_CURVE ( 'NONE', #345, #5091, #647, .T. ) ;
#1413 = ORIENTED_EDGE ( 'NONE', *, *, #6188, .F. ) ;
#1414 = CARTESIAN_POINT ( 'NONE',  ( 60.99999999999997868, 49.99999999999999289, 4.999999999999995559 ) ) ;
#1415 = CARTESIAN_POINT ( 'NONE',  ( 58.99999999999997868, 63.49999999999998579, 12.99999999999999645 ) ) ;
#1416 = EDGE_CURVE ( 'NONE', #3559, #455, #6164, .T. ) ;
#1417 = EDGE_CURVE ( 'NONE', #2154, #2235, #2602, .T. ) ;
#1418 = DIRECTION ( 'NONE',  ( -0.000000000000000000, -0.000000000000000000, -1.000000000000000000 ) ) ;
#1419 = CYLINDRICAL_SURFACE ( 'NONE', #3157, 5.999999999999998224 ) ;
#1420 = PRODUCT_DEFINITION_FORMATION_WITH_SPECIFIED_SOURCE ( 'ANY', '', #4209, .NOT_KNOWN. ) ;
#1421 = CARTESIAN_POINT ( 'NONE',  ( 41.99999999999999289, 0.000000000000000000, 2.500000000000002220 ) ) ;
#1422 = ORIENTED_EDGE ( 'NONE', *, *, #703, .F. ) ;
#1423 = DIRECTION ( 'NONE',  ( -0.8660254037844382635, -0.5000000000000007772, 0.000000000000000000 ) ) ;
#1424 = AXIS2_PLACEMENT_3D ( 'NONE', #3758, #4760, #6077 ) ;
#1425 = VECTOR ( 'NONE', #555, 1000.000000000000000 ) ;
#1426 = DIRECTION ( 'NONE',  ( 0.8660254037844383745, -0.5000000000000005551, 0.000000000000000000 ) ) ;
#1427 = VERTEX_POINT ( 'NONE', #6191 ) ;
#1428 = VERTEX_POINT ( 'NONE', #1683 ) ;
#1429 = CARTESIAN_POINT ( 'NONE',  ( 58.99999999999999289, 33.50000000000000000, 2.000000000000000000 ) ) ;
#1430 = VECTOR ( 'NONE', #6280, 1000.000000000000000 ) ;
#1431 = CARTESIAN_POINT ( 'NONE',  ( 16.99999999999999645, 4.000000000000000000, 7.000000000000000000 ) ) ;
#1432 = EDGE_LOOP ( 'NONE', ( #1863, #3565, #3660, #180, #2339, #5173 ) ) ;
#1433 = DIRECTION ( 'NONE',  ( 0.5000000000000001110, -0.8660254037844385966, 0.000000000000000000 ) ) ;
#1434 = DIRECTION ( 'NONE',  ( -0.000000000000000000, -0.000000000000000000, 1.000000000000000000 ) ) ;
#1435 = ORIENTED_EDGE ( 'NONE', *, *, #1132, .F. ) ;
#1436 = VERTEX_POINT ( 'NONE', #4249 ) ;
#1437 = CARTESIAN_POINT ( 'NONE',  ( 58.99999999999997868, 49.99999999999999289, 15.99999999999999645 ) ) ;
#1438 = DIRECTION ( 'NONE',  ( -0.000000000000000000, 0.000000000000000000, 1.000000000000000000 ) ) ;
#1439 = FACE_OUTER_BOUND ( 'NONE', #4815, .T. ) ;
#1440 =( BOUNDED_CURVE ( )  B_SPLINE_CURVE ( 3, ( #3637, #3369, #648, #1278 ),
 .UNSPECIFIED., .F., .F. ) 
 B_SPLINE_CURVE_WITH_KNOTS ( ( 4, 4 ),
 ( 4.712388980384689674, 6.283185307179586232 ),
 .UNSPECIFIED. ) 
 CURVE ( )  GEOMETRIC_REPRESENTATION_ITEM ( )  RATIONAL_B_SPLINE_CURVE ( ( 1.000000000000000000, 0.8047378541243649375, 0.8047378541243649375, 1.000000000000000000 ) ) 
 REPRESENTATION_ITEM ( '' )  );
#1441 = FACE_OUTER_BOUND ( 'NONE', #538, .T. ) ;
#1442 = ORIENTED_EDGE ( 'NONE', *, *, #2266, .T. ) ;
#1443 = LINE ( 'NONE', #2554, #1069 ) ;
#1444 = CARTESIAN_POINT ( 'NONE',  ( 70.24999999999998579, 0.000000000000000000, 0.000000000000000000 ) ) ;
#1445 = EDGE_CURVE ( 'NONE', #5096, #3900, #4184, .T. ) ;
#1446 = FACE_BOUND ( 'NONE', #2044, .T. ) ;
#1447 = CARTESIAN_POINT ( 'NONE',  ( 58.99999999999998579, 63.50000000000000000, 7.000000000000000000 ) ) ;
#1448 = VECTOR ( 'NONE', #3135, 1000.000000000000000 ) ;
#1449 = AXIS2_PLACEMENT_3D ( 'NONE', #1699, #4264, #332 ) ;
#1450 = VECTOR ( 'NONE', #3013, 1000.000000000000000 ) ;
#1451 = LINE ( 'NONE', #6433, #3251 ) ;
#1452 = ORIENTED_EDGE ( 'NONE', *, *, #354, .T. ) ;
#1453 = EDGE_CURVE ( 'NONE', #2627, #114, #5156, .T. ) ;
#1454 = DIRECTION ( 'NONE',  ( -0.000000000000000000, -0.000000000000000000, -1.000000000000000000 ) ) ;
#1455 = AXIS2_PLACEMENT_3D ( 'NONE', #2373, #3319, #3842 ) ;
#1456 = DIRECTION ( 'NONE',  ( 0.000000000000000000, 0.000000000000000000, -1.000000000000000000 ) ) ;
#1457 = VERTEX_POINT ( 'NONE', #5185 ) ;
#1458 = PLANE ( 'NONE',  #2465 ) ;
#1459 = ORIENTED_EDGE ( 'NONE', *, *, #4086, .F. ) ;
#1460 = LINE ( 'NONE', #520, #1970 ) ;
#1461 = CARTESIAN_POINT ( 'NONE',  ( -1.527864045000423054, 5.000000000000000888, 13.00000000000001066 ) ) ;
#1462 = ORIENTED_EDGE ( 'NONE', *, *, #1895, .F. ) ;
#1463 = FACE_OUTER_BOUND ( 'NONE', #4082, .T. ) ;
#1464 = CARTESIAN_POINT ( 'NONE',  ( -9.250000000000015987, 1.234322473291191848E-15, 0.000000000000000000 ) ) ;
#1465 = ORIENTED_EDGE ( 'NONE', *, *, #5418, .F. ) ;
#1466 = EDGE_LOOP ( 'NONE', ( #5161, #864, #2130, #156 ) ) ;
#1467 = DIRECTION ( 'NONE',  ( -6.672013369141566696E-17, -1.000000000000000000, 0.000000000000000000 ) ) ;
#1468 = CARTESIAN_POINT ( 'NONE',  ( 58.99999999999998579, 33.50000000000000000, 7.000000000000000000 ) ) ;
#1469 = EDGE_LOOP ( 'NONE', ( #4167, #5302, #2699, #621 ) ) ;
#1470 = CARTESIAN_POINT ( 'NONE',  ( 1.999999999999999112, 5.000000000000004441, 5.000000000000009770 ) ) ;
#1471 = FACE_OUTER_BOUND ( 'NONE', #6371, .T. ) ;
#1472 = EDGE_LOOP ( 'NONE', ( #2356, #6367, #3195, #314 ) ) ;
#1473 = CIRCLE ( 'NONE', #5938, 5.999999999999998224 ) ;
#1474 = FACE_BOUND ( 'NONE', #1953, .T. ) ;
#1475 = CARTESIAN_POINT ( 'NONE',  ( 1.999999999999994893, 33.49999999999997158, 16.00000000000001066 ) ) ;
#1476 = CIRCLE ( 'NONE', #756, 2.299999999999996270 ) ;
#1477 = EDGE_CURVE ( 'NONE', #605, #4712, #1689, .T. ) ;
#1478 = LINE ( 'NONE', #4094, #4747 ) ;
#1479 = EDGE_CURVE ( 'NONE', #961, #4602, #5647, .T. ) ;
#1480 = LINE ( 'NONE', #480, #1555 ) ;
#1481 = VECTOR ( 'NONE', #4587, 1000.000000000000000 ) ;
#1482 = DIRECTION ( 'NONE',  ( -1.000000000000000000, 0.000000000000000000, 0.000000000000000000 ) ) ;
#1483 = VECTOR ( 'NONE', #3613, 1000.000000000000000 ) ;
#1484 = CARTESIAN_POINT ( 'NONE',  ( 1.999999999999990008, 63.49999999999997158, 13.00000000000000533 ) ) ;
#1485 = ORIENTED_EDGE ( 'NONE', *, *, #5236, .F. ) ;
#1486 = EDGE_CURVE ( 'NONE', #1711, #5602, #859, .T. ) ;
#1487 = DIRECTION ( 'NONE',  ( 0.000000000000000000, -0.000000000000000000, 1.000000000000000000 ) ) ;
#1488 = LINE ( 'NONE', #3477, #4376 ) ;
#1489 = EDGE_CURVE ( 'NONE', #165, #5727, #1712, .T. ) ;
#1490 = ORIENTED_EDGE ( 'NONE', *, *, #6195, .T. ) ;
#1491 = CARTESIAN_POINT ( 'NONE',  ( 60.99999999999999289, 9.000000000000001776, 2.000000000000000000 ) ) ;
#1492 = ORIENTED_EDGE ( 'NONE', *, *, #5227, .T. ) ;
#1493 = PERSON_AND_ORGANIZATION ( #2078, #4953 ) ;
#1494 = CARTESIAN_POINT ( 'NONE',  ( 58.99999999999997868, 64.99999999999998579, 12.99999999999999645 ) ) ;
#1495 = CARTESIAN_POINT ( 'NONE',  ( 36.49999999999998579, 88.00000000000000000, 8.499999999999998224 ) ) ;
#1496 = ORIENTED_EDGE ( 'NONE', *, *, #822, .T. ) ;
#1497 = DIRECTION ( 'NONE',  ( -1.000000000000000000, -1.541976423090495633E-16, -0.000000000000000000 ) ) ;
#1498 = ADVANCED_FACE ( 'NONE', ( #3204 ), #3113, .F. ) ;
#1499 = DIRECTION ( 'NONE',  ( -1.334402673828313339E-16, -1.000000000000000000, 0.000000000000000000 ) ) ;
#1500 = VECTOR ( 'NONE', #5790, 1000.000000000000000 ) ;
#1501 = ORIENTED_EDGE ( 'NONE', *, *, #3168, .F. ) ;
#1502 = ADVANCED_FACE ( 'NONE', ( #223 ), #4647, .F. ) ;
#1503 = EDGE_LOOP ( 'NONE', ( #5333, #3154, #2541, #3462, #4714, #2671, #2249, #2902, #815, #2938, #2665, #2813 ) ) ;
#1504 = DIRECTION ( 'NONE',  ( -1.000000000000000000, 0.000000000000000000, 1.208866533781748882E-16 ) ) ;
#1505 = CARTESIAN_POINT ( 'NONE',  ( 1.999999999999986677, 87.99999999999998579, 8.599999999999999645 ) ) ;
#1506 = ORIENTED_EDGE ( 'NONE', *, *, #3507, .F. ) ;
#1507 = CARTESIAN_POINT ( 'NONE',  ( -0.8730562751872202876, -8.050000000000000711, 6.000000000000000000 ) ) ;
#1508 = CARTESIAN_POINT ( 'NONE',  ( 1.999999999999995337, 31.99999999999997868, 16.00000000000000711 ) ) ;
#1509 = ORIENTED_EDGE ( 'NONE', *, *, #581, .F. ) ;
#1510 = FACE_OUTER_BOUND ( 'NONE', #1944, .T. ) ;
#1511 = CARTESIAN_POINT ( 'NONE',  ( -1.198043400596482242E-14, 64.99999999999997158, 13.00000000000000355 ) ) ;
#1512 = VECTOR ( 'NONE', #2246, 1000.000000000000000 ) ;
#1513 = LINE ( 'NONE', #5998, #5373 ) ;
#1514 = PLANE ( 'NONE',  #6027 ) ;
#1515 = EDGE_CURVE ( 'NONE', #2859, #3055, #3667, .T. ) ;
#1516 = FACE_OUTER_BOUND ( 'NONE', #3458, .T. ) ;
#1517 = EDGE_CURVE ( 'NONE', #2869, #5894, #1316, .T. ) ;
#1518 = CARTESIAN_POINT ( 'NONE',  ( 58.99999999999998579, 18.24999999999999289, 11.94999999999999751 ) ) ;
#1519 = EDGE_LOOP ( 'NONE', ( #5023, #2275, #3415, #2583 ) ) ;
#1520 = LINE ( 'NONE', #3994, #3067 ) ;
#1521 = CARTESIAN_POINT ( 'NONE',  ( 56.99999999999997868, 90.00000000000000000, 8.500000000000000000 ) ) ;
#1522 = VERTEX_POINT ( 'NONE', #4382 ) ;
#1523 = EDGE_CURVE ( 'NONE', #3999, #2844, #2425, .T. ) ;
#1524 = LINE ( 'NONE', #3966, #6310 ) ;
#1525 = VERTEX_POINT ( 'NONE', #4860 ) ;
#1526 = DIRECTION ( 'NONE',  ( -1.000000000000000000, 0.000000000000000000, 0.000000000000000000 ) ) ;
#1527 = PLANE ( 'NONE',  #34 ) ;
#1528 = VERTEX_POINT ( 'NONE', #444 ) ;
#1529 = LOCAL_TIME ( 19, 19, 7.000000000000000000, #2794 ) ;
#1530 = CARTESIAN_POINT ( 'NONE',  ( 64.50000000000000000, -3.500000000000000000, 6.000000000000000000 ) ) ;
#1531 = EDGE_CURVE ( 'NONE', #951, #885, #5835, .T. ) ;
#1532 = LINE ( 'NONE', #5111, #6201 ) ;
#1533 = EDGE_LOOP ( 'NONE', ( #4739, #5208, #3970, #2830 ) ) ;
#1534 = EDGE_LOOP ( 'NONE', ( #2729, #810, #1732, #1535 ) ) ;
#1535 = ORIENTED_EDGE ( 'NONE', *, *, #1479, .T. ) ;
#1536 = AXIS2_PLACEMENT_3D ( 'NONE', #3641, #3820, #5798 ) ;
#1537 = PLANE ( 'NONE',  #1762 ) ;
#1538 = LINE ( 'NONE', #470, #2865 ) ;
#1539 = VERTEX_POINT ( 'NONE', #6291 ) ;
#1540 = LINE ( 'NONE', #2588, #6100 ) ;
#1541 = ADVANCED_FACE ( 'NONE', ( #3342 ), #2297, .F. ) ;
#1542 = CIRCLE ( 'NONE', #609, 0.7500000000000006661 ) ;
#1543 = CARTESIAN_POINT ( 'NONE',  ( 58.75000000000000000, -9.999999999999998224, 0.7500000000000006661 ) ) ;
#1544 = EDGE_LOOP ( 'NONE', ( #4039, #4017, #2381, #3312, #500, #4742, #627, #1340, #4818, #2745, #1342, #1777, #4182, #4428, #530, #2545, #1303, #1079, #3864, #1264, #819, #2516, #5259, #2387, #5168, #4034, #3073, #2335, #1816, #1050, #5288, #849, #1506, #3693, #4522, #4360, #839, #2435, #4262, #3, #5436, #2274, #812 ) ) ;
#1545 = CARTESIAN_POINT ( 'NONE',  ( 58.99999999999998579, 63.50000000000000000, 7.000000000000000000 ) ) ;
#1546 = CARTESIAN_POINT ( 'NONE',  ( 70.24999999999998579, 99.24999999999997158, 0.7500000000000000000 ) ) ;
#1547 = DIRECTION ( 'NONE',  ( -0.000000000000000000, -0.000000000000000000, 1.000000000000000000 ) ) ;
#1548 = CARTESIAN_POINT ( 'NONE',  ( 4.250000000000000000, 88.00000000000000000, 25.10000000000000142 ) ) ;
#1549 = DIRECTION ( 'NONE',  ( -0.000000000000000000, -0.000000000000000000, 1.000000000000000000 ) ) ;
#1550 = LINE ( 'NONE', #101, #5845 ) ;
#1551 = ORIENTED_EDGE ( 'NONE', *, *, #3996, .F. ) ;
#1552 = LINE ( 'NONE', #1104, #3095 ) ;
#1553 = AXIS2_PLACEMENT_3D ( 'NONE', #568, #498, #1928 ) ;
#1554 = LINE ( 'NONE', #2601, #4356 ) ;
#1555 = VECTOR ( 'NONE', #2983, 1000.000000000000000 ) ;
#1556 = VERTEX_POINT ( 'NONE', #4282 ) ;
#1557 = CARTESIAN_POINT ( 'NONE',  ( 2.999999999999981792, -9.249999999999998224, 0.000000000000000000 ) ) ;
#1558 = VECTOR ( 'NONE', #729, 1000.000000000000000 ) ;
#1559 = ORIENTED_EDGE ( 'NONE', *, *, #4527, .T. ) ;
#1560 = APPROVAL_DATE_TIME ( #6405, #1736 ) ;
#1561 = CARTESIAN_POINT ( 'NONE',  ( 43.99999999999998579, 2.000000000000000444, 2.000000000000000000 ) ) ;
#1562 = CYLINDRICAL_SURFACE ( 'NONE', #5540, 0.7500000000000006661 ) ;
#1563 = ORIENTED_EDGE ( 'NONE', *, *, #2256, .T. ) ;
#1564 = CARTESIAN_POINT ( 'NONE',  ( 37.50000000000000000, 0.000000000000000000, 0.000000000000000000 ) ) ;
#1565 = VECTOR ( 'NONE', #6345, 1000.000000000000000 ) ;
#1566 = VECTOR ( 'NONE', #2073, 1000.000000000000000 ) ;
#1567 = DIRECTION ( 'NONE',  ( 0.5000000000000063283, -0.8660254037844350439, 0.000000000000000000 ) ) ;
#1568 = ORIENTED_EDGE ( 'NONE', *, *, #2855, .T. ) ;
#1569 = VECTOR ( 'NONE', #1194, 1000.000000000000000 ) ;
#1570 = ORIENTED_EDGE ( 'NONE', *, *, #3803, .T. ) ;
#1571 = ORIENTED_EDGE ( 'NONE', *, *, #2432, .T. ) ;
#1572 = ADVANCED_FACE ( 'NONE', ( #6260 ), #5351, .F. ) ;
#1573 = DIRECTION ( 'NONE',  ( 1.000000000000000000, 0.000000000000000000, 0.000000000000000000 ) ) ;
#1574 = DIRECTION ( 'NONE',  ( 1.000000000000000000, 1.843143693225358031E-16, -0.000000000000000000 ) ) ;
#1575 = ORIENTED_EDGE ( 'NONE', *, *, #112, .T. ) ;
#1576 = AXIS2_PLACEMENT_3D ( 'NONE', #1036, #5037, #1002 ) ;
#1577 = FACE_OUTER_BOUND ( 'NONE', #3934, .T. ) ;
#1578 = CARTESIAN_POINT ( 'NONE',  ( 70.99999999999998579, 87.75000000000000000, 0.7500000000000000000 ) ) ;
#1579 = ORIENTED_EDGE ( 'NONE', *, *, #5110, .F. ) ;
#1580 = CARTESIAN_POINT ( 'NONE',  ( -9.999999999999998224, 87.00000000000000000, 25.10000000000000142 ) ) ;
#1581 = EDGE_CURVE ( 'NONE', #5808, #3961, #4183, .T. ) ;
#1582 = DIRECTION ( 'NONE',  ( 0.000000000000000000, 1.000000000000000000, 0.000000000000000000 ) ) ;
#1583 = EDGE_CURVE ( 'NONE', #6081, #328, #5801, .T. ) ;
#1584 = ORIENTED_EDGE ( 'NONE', *, *, #5354, .F. ) ;
#1585 = CARTESIAN_POINT ( 'NONE',  ( 58.99999999999998579, 37.99999999999999289, 11.95000000000000462 ) ) ;
#1586 = LINE ( 'NONE', #1099, #4578 ) ;
#1587 = EDGE_CURVE ( 'NONE', #3303, #4631, #796, .T. ) ;
#1588 = DIRECTION ( 'NONE',  ( 1.000000000000000000, 2.312964634635743450E-16, -0.000000000000000000 ) ) ;
#1589 = CARTESIAN_POINT ( 'NONE',  ( 67.12694372481277583, 88.94999999999998863, 6.000000000000000000 ) ) ;
#1590 = ORIENTED_EDGE ( 'NONE', *, *, #1326, .F. ) ;
#1591 = VECTOR ( 'NONE', #3011, 1000.000000000000000 ) ;
#1592 = CARTESIAN_POINT ( 'NONE',  ( 60.99999999999997868, 63.49999999999998579, 12.99999999999999645 ) ) ;
#1593 = VECTOR ( 'NONE', #6144, 1000.000000000000000 ) ;
#1594 = CARTESIAN_POINT ( 'NONE',  ( -6.000000000000015987, 80.99999999999998579, -18.38477631085023489 ) ) ;
#1595 = ORIENTED_EDGE ( 'NONE', *, *, #4359, .T. ) ;
#1596 = CARTESIAN_POINT ( 'NONE',  ( 1.999999999999994893, 33.50000000000000711, 7.000000000000000000 ) ) ;
#1597 = ORIENTED_EDGE ( 'NONE', *, *, #856, .T. ) ;
#1598 = AXIS2_PLACEMENT_3D ( 'NONE', #2176, #4767, #6143 ) ;
#1599 = DIRECTION ( 'NONE',  ( 1.000000000000000000, 0.000000000000000000, 0.000000000000000000 ) ) ;
#1600 = ORIENTED_EDGE ( 'NONE', *, *, #5063, .F. ) ;
#1601 = EDGE_CURVE ( 'NONE', #3159, #3873, #1473, .T. ) ;
#1602 = DIRECTION ( 'NONE',  ( -0.000000000000000000, -0.000000000000000000, 1.000000000000000000 ) ) ;
#1603 = DIRECTION ( 'NONE',  ( 1.000000000000000000, 1.541976423090495633E-16, 1.783268467025148642E-33 ) ) ;
#1604 = ORIENTED_EDGE ( 'NONE', *, *, #1341, .T. ) ;
#1605 = ORIENTED_EDGE ( 'NONE', *, *, #546, .T. ) ;
#1606 = ORIENTED_EDGE ( 'NONE', *, *, #451, .T. ) ;
#1607 = DIRECTION ( 'NONE',  ( -1.000000000000000000, 0.000000000000000000, 0.000000000000000000 ) ) ;
#1608 = EDGE_CURVE ( 'NONE', #1615, #2998, #4347, .T. ) ;
#1609 = LINE ( 'NONE', #3659, #3646 ) ;
#1610 = ORIENTED_EDGE ( 'NONE', *, *, #5888, .T. ) ;
#1611 = EDGE_CURVE ( 'NONE', #1115, #1906, #894, .T. ) ;
#1612 = EDGE_CURVE ( 'NONE', #3145, #5132, #2879, .T. ) ;
#1613 = LINE ( 'NONE', #2160, #1734 ) ;
#1614 = DIRECTION ( 'NONE',  ( 0.000000000000000000, 0.000000000000000000, -1.000000000000000000 ) ) ;
#1615 = VERTEX_POINT ( 'NONE', #2815 ) ;
#1616 = VECTOR ( 'NONE', #4140, 1000.000000000000000 ) ;
#1617 = DIRECTION ( 'NONE',  ( -0.000000000000000000, 1.000000000000000000, 2.668805347656626678E-16 ) ) ;
#1618 = EDGE_CURVE ( 'NONE', #4235, #3182, #2912, .T. ) ;
#1619 = CYLINDRICAL_SURFACE ( 'NONE', #319, 0.7500000000000006661 ) ;
#1620 = EDGE_CURVE ( 'NONE', #5782, #5770, #410, .T. ) ;
#1621 = VERTEX_POINT ( 'NONE', #4316 ) ;
#1622 = DIRECTION ( 'NONE',  ( -0.5000000000000001110, 0.8660254037844385966, 0.000000000000000000 ) ) ;
#1623 = CARTESIAN_POINT ( 'NONE',  ( 18.50000000000000355, 2.000000000000000444, 2.000000000000000000 ) ) ;
#1624 = LINE ( 'NONE', #2496, #2606 ) ;
#1625 = VECTOR ( 'NONE', #3685, 1000.000000000000000 ) ;
#1626 = PLANE ( 'NONE',  #43 ) ;
#1627 = DIRECTION ( 'NONE',  ( 0.000000000000000000, 0.000000000000000000, 1.000000000000000000 ) ) ;
#1628 = ADVANCED_FACE ( 'NONE', ( #6391 ), #6325, .F. ) ;
#1629 = CARTESIAN_POINT ( 'NONE',  ( -9.250000000000017764, -9.249999999999998224, 0.7500000000000000000 ) ) ;
#1630 = VERTEX_POINT ( 'NONE', #1934 ) ;
#1631 = DIRECTION ( 'NONE',  ( 0.000000000000000000, 1.000000000000000000, 0.000000000000000000 ) ) ;
#1632 = DIRECTION ( 'NONE',  ( 0.000000000000000000, -1.000000000000000000, -1.239088197126291063E-16 ) ) ;
#1633 = ORIENTED_EDGE ( 'NONE', *, *, #1782, .T. ) ;
#1634 = CARTESIAN_POINT ( 'NONE',  ( 58.75000000000000000, -9.999999999999998224, 0.7500000000000006661 ) ) ;
#1635 = LINE ( 'NONE', #3620, #5378 ) ;
#1636 = ORIENTED_EDGE ( 'NONE', *, *, #1220, .F. ) ;
#1637 = VERTEX_POINT ( 'NONE', #5865 ) ;
#1638 = ORIENTED_EDGE ( 'NONE', *, *, #3206, .T. ) ;
#1639 = VECTOR ( 'NONE', #187, 1000.000000000000000 ) ;
#1640 = CARTESIAN_POINT ( 'NONE',  ( 43.99999999999998579, 4.000000000000000000, 7.000000000000000000 ) ) ;
#1641 = ORIENTED_EDGE ( 'NONE', *, *, #4858, .T. ) ;
#1642 = DIRECTION ( 'NONE',  ( 1.000000000000000000, 0.000000000000000000, 0.000000000000000000 ) ) ;
#1643 = CARTESIAN_POINT ( 'NONE',  ( 58.99999999999997868, 63.49999999999998579, 16.00000000000000000 ) ) ;
#1644 = VERTEX_POINT ( 'NONE', #1414 ) ;
#1645 = VECTOR ( 'NONE', #3963, 1000.000000000000000 ) ;
#1646 = AXIS2_PLACEMENT_3D ( 'NONE', #646, #2629, #5583 ) ;
#1647 = CARTESIAN_POINT ( 'NONE',  ( 4.250000000000000000, 88.00000000000000000, 25.10000000000000142 ) ) ;
#1648 = AXIS2_PLACEMENT_3D ( 'NONE', #3335, #5890, #4853 ) ;
#1649 = DIRECTION ( 'NONE',  ( 0.000000000000000000, -1.000000000000000000, 1.445602896647337931E-16 ) ) ;
#1650 = EDGE_LOOP ( 'NONE', ( #1052, #259, #3611, #3801 ) ) ;
#1651 = CARTESIAN_POINT ( 'NONE',  ( 51.00000000000000000, 2.000000000000000000, 16.00000000000000355 ) ) ;
#1652 = EDGE_CURVE ( 'NONE', #1528, #6087, #3401, .T. ) ;
#1653 = LINE ( 'NONE', #5765, #6034 ) ;
#1654 = PLANE ( 'NONE',  #1698 ) ;
#1655 = CARTESIAN_POINT ( 'NONE',  ( -9.974659986866640793E-15, 63.50000000000000000, 2.000000000000002665 ) ) ;
#1656 =( BOUNDED_CURVE ( )  B_SPLINE_CURVE ( 3, ( #414, #5804, #2853, #3830 ),
 .UNSPECIFIED., .F., .F. ) 
 B_SPLINE_CURVE_WITH_KNOTS ( ( 4, 4 ),
 ( 3.141592653589793116, 4.712388980384689674 ),
 .UNSPECIFIED. ) 
 CURVE ( )  GEOMETRIC_REPRESENTATION_ITEM ( )  RATIONAL_B_SPLINE_CURVE ( ( 1.000000000000000000, 0.8047378541243649375, 0.8047378541243649375, 1.000000000000000000 ) ) 
 REPRESENTATION_ITEM ( '' )  );
#1657 = CARTESIAN_POINT ( 'NONE',  ( 41.99999999999999289, 2.000000000000000000, 2.500000000000002220 ) ) ;
#1658 = ORIENTED_EDGE ( 'NONE', *, *, #4234, .T. ) ;
#1659 = LINE ( 'NONE', #6168, #4913 ) ;
#1660 = PRODUCT_DEFINITION ( 'UNKNOWN', '', #1420, #6073 ) ;
#1661 = EDGE_CURVE ( 'NONE', #1886, #2231, #1443, .T. ) ;
#1662 = CARTESIAN_POINT ( 'NONE',  ( -1.387778780781446859E-15, 9.000000000000007105, 2.000000000000009770 ) ) ;
#1663 = ORIENTED_EDGE ( 'NONE', *, *, #5084, .T. ) ;
#1664 = CARTESIAN_POINT ( 'NONE',  ( 62.20000000000000995, -3.499999999999999556, 25.10000000000000142 ) ) ;
#1665 = DIRECTION ( 'NONE',  ( 0.000000000000000000, -0.000000000000000000, 1.000000000000000000 ) ) ;
#1666 = ORIENTED_EDGE ( 'NONE', *, *, #465, .F. ) ;
#1667 = VECTOR ( 'NONE', #6098, 1000.000000000000000 ) ;
#1668 = VERTEX_POINT ( 'NONE', #4542 ) ;
#1669 = VERTEX_POINT ( 'NONE', #92 ) ;
#1670 = CARTESIAN_POINT ( 'NONE',  ( 56.99999999999997868, 88.00000000000000000, 8.500000000000000000 ) ) ;
#1671 = VECTOR ( 'NONE', #4046, 1000.000000000000000 ) ;
#1672 = FACE_BOUND ( 'NONE', #4879, .T. ) ;
#1673 = EDGE_LOOP ( 'NONE', ( #4411, #5463, #3603, #267 ) ) ;
#1674 = AXIS2_PLACEMENT_3D ( 'NONE', #3062, #5042, #3551 ) ;
#1675 = VECTOR ( 'NONE', #4621, 1000.000000000000000 ) ;
#1676 = CARTESIAN_POINT ( 'NONE',  ( 42.49999999999998579, 2.000000000000000000, 7.000000000000000000 ) ) ;
#1677 = DIRECTION ( 'NONE',  ( -1.000000000000000000, -1.982541115402065356E-16, -0.000000000000000000 ) ) ;
#1678 = EDGE_LOOP ( 'NONE', ( #3888, #2547, #744, #6190 ) ) ;
#1679 = CIRCLE ( 'NONE', #5309, 6.000000000000000000 ) ;
#1680 = LINE ( 'NONE', #4211, #6227 ) ;
#1681 = DIRECTION ( 'NONE',  ( -1.838995606619757339E-32, 1.192622389734055124E-16, 1.000000000000000000 ) ) ;
#1682 = EDGE_LOOP ( 'NONE', ( #1605, #14, #5751, #4795 ) ) ;
#1683 = CARTESIAN_POINT ( 'NONE',  ( -1.200000000000001954, 93.50000000000000000, 6.000000000000000000 ) ) ;
#1684 = EDGE_CURVE ( 'NONE', #6174, #1848, #4473, .T. ) ;
#1685 = LINE ( 'NONE', #3241, #5024 ) ;
#1686 = DIRECTION ( 'NONE',  ( -0.5000000000000003331, -0.8660254037844384856, 0.000000000000000000 ) ) ;
#1687 = ORIENTED_EDGE ( 'NONE', *, *, #2723, .F. ) ;
#1688 = CARTESIAN_POINT ( 'NONE',  ( 66.99999999999998579, 87.00000000000000000, 0.000000000000000000 ) ) ;
#1689 = CIRCLE ( 'NONE', #6055, 6.000000000000000000 ) ;
#1690 = EDGE_CURVE ( 'NONE', #674, #605, #2979, .T. ) ;
#1691 = ORIENTED_EDGE ( 'NONE', *, *, #4463, .T. ) ;
#1692 = DIRECTION ( 'NONE',  ( -0.000000000000000000, -0.000000000000000000, 1.000000000000000000 ) ) ;
#1693 = ADVANCED_FACE ( 'NONE', ( #2066 ), #4923, .F. ) ;
#1694 = EDGE_LOOP ( 'NONE', ( #4709, #5526, #2182, #2218 ) ) ;
#1695 = ORIENTED_EDGE ( 'NONE', *, *, #4835, .F. ) ;
#1696 = ORIENTED_EDGE ( 'NONE', *, *, #6226, .T. ) ;
#1697 = LINE ( 'NONE', #4567, #4257 ) ;
#1698 = AXIS2_PLACEMENT_3D ( 'NONE', #4098, #3607, #6075 ) ;
#1699 = CARTESIAN_POINT ( 'NONE',  ( 70.24999999999998579, 99.24999999999997158, 43.48477631085023631 ) ) ;
#1700 = ORIENTED_EDGE ( 'NONE', *, *, #1705, .F. ) ;
#1701 = ADVANCED_FACE ( 'NONE', ( #476 ), #5550, .T. ) ;
#1702 = DIRECTION ( 'NONE',  ( 0.000000000000000000, -0.000000000000000000, -1.000000000000000000 ) ) ;
#1703 = DIRECTION ( 'NONE',  ( 1.000000000000000000, 0.000000000000000000, 0.000000000000000000 ) ) ;
#1704 = VERTEX_POINT ( 'NONE', #2454 ) ;
#1705 = EDGE_CURVE ( 'NONE', #3673, #2117, #2946, .T. ) ;
#1706 = CARTESIAN_POINT ( 'NONE',  ( -1.492946391512539606E-14, 80.99999999999997158, 0.000000000000000000 ) ) ;
#1707 = ADVANCED_FACE ( 'NONE', ( #4018 ), #4575, .F. ) ;
#1708 = DIRECTION ( 'NONE',  ( 1.000000000000000000, -0.000000000000000000, 0.000000000000000000 ) ) ;
#1709 = ORIENTED_EDGE ( 'NONE', *, *, #4096, .F. ) ;
#1710 = VECTOR ( 'NONE', #3736, 1000.000000000000000 ) ;
#1711 = VERTEX_POINT ( 'NONE', #5414 ) ;
#1712 = LINE ( 'NONE', #3695, #6254 ) ;
#1713 = PRODUCT_DEFINITION_SHAPE ( 'NONE', 'NONE',  #1660 ) ;
#1714 = CARTESIAN_POINT ( 'NONE',  ( 0.000000000000000000, 0.000000000000000000, 0.000000000000000000 ) ) ;
#1715 = CARTESIAN_POINT ( 'NONE',  ( 70.99999999999998579, 87.75000000000000000, 43.48477631085023631 ) ) ;
#1716 = ORIENTED_EDGE ( 'NONE', *, *, #733, .F. ) ;
#1717 = CARTESIAN_POINT ( 'NONE',  ( 58.99999999999998579, 31.49999999999999289, 11.95000000000000284 ) ) ;
#1718 = EDGE_CURVE ( 'NONE', #1884, #3162, #6035, .T. ) ;
#1719 = CARTESIAN_POINT ( 'NONE',  ( 43.99999999999998579, 2.000000000000000000, 7.000000000000000000 ) ) ;
#1720 = ORIENTED_EDGE ( 'NONE', *, *, #5774, .F. ) ;
#1721 = PLANE ( 'NONE',  #4721 ) ;
#1722 = CIRCLE ( 'NONE', #2746, 2.299999999999989608 ) ;
#1723 = ADVANCED_FACE ( 'NONE', ( #130 ), #3078, .F. ) ;
#1724 = ORIENTED_EDGE ( 'NONE', *, *, #1445, .F. ) ;
#1725 = VERTEX_POINT ( 'NONE', #576 ) ;
#1726 = CARTESIAN_POINT ( 'NONE',  ( 2.250000000000000000, 99.99999999999998579, -18.38477631085023489 ) ) ;
#1727 = PLANE ( 'NONE',  #5612 ) ;
#1728 = EDGE_CURVE ( 'NONE', #1668, #3061, #5895, .T. ) ;
#1729 = VERTEX_POINT ( 'NONE', #1026 ) ;
#1730 = PLANE ( 'NONE',  #6183 ) ;
#1731 = CARTESIAN_POINT ( 'NONE',  ( 61.87305627518720286, 1.050000000000004485, 6.000000000000000000 ) ) ;
#1732 = ORIENTED_EDGE ( 'NONE', *, *, #64, .F. ) ;
#1733 = ORIENTED_EDGE ( 'NONE', *, *, #2728, .F. ) ;
#1734 = VECTOR ( 'NONE', #4119, 1000.000000000000000 ) ;
#1735 = CARTESIAN_POINT ( 'NONE',  ( 61.87305627518717444, 88.94999999999998863, 6.000000000000000000 ) ) ;
#1736 = APPROVAL ( #4035, 'UNSPECIFIED' ) ;
#1737 = ADVANCED_FACE ( 'NONE', ( #1474, #3468, #5445 ), #992, .F. ) ;
#1738 = CARTESIAN_POINT ( 'NONE',  ( 70.25000000000000000, -9.249999999999998224, 0.7500000000000006661 ) ) ;
#1739 = VECTOR ( 'NONE', #1280, 1000.000000000000000 ) ;
#1740 = ORIENTED_EDGE ( 'NONE', *, *, #4773, .F. ) ;
#1741 = ORIENTED_EDGE ( 'NONE', *, *, #2272, .T. ) ;
#1742 = DIRECTION ( 'NONE',  ( -1.000000000000000000, -0.000000000000000000, -1.957931771489248420E-16 ) ) ;
#1743 = CIRCLE ( 'NONE', #4662, 0.7500000000000006661 ) ;
#1744 = DIRECTION ( 'NONE',  ( 1.512840240677448454E-16, -1.000000000000000000, 0.000000000000000000 ) ) ;
#1745 = VECTOR ( 'NONE', #87, 1000.000000000000000 ) ;
#1746 = DIRECTION ( 'NONE',  ( -1.541976423090495633E-16, 1.000000000000000000, -1.192622389734055124E-16 ) ) ;
#1747 = ORIENTED_EDGE ( 'NONE', *, *, #4690, .F. ) ;
#1748 = CARTESIAN_POINT ( 'NONE',  ( -9.250000000000017764, -9.249999999999998224, 25.10000000000000142 ) ) ;
#1749 = CARTESIAN_POINT ( 'NONE',  ( 10.00000000000000000, 2.000000000000000000, 16.00000000000000000 ) ) ;
#1750 = ORIENTED_EDGE ( 'NONE', *, *, #3721, .T. ) ;
#1751 = CARTESIAN_POINT ( 'NONE',  ( 58.99999999999997868, 63.49999999999998579, 16.00000000000000000 ) ) ;
#1752 = VERTEX_POINT ( 'NONE', #5994 ) ;
#1753 = ORIENTED_EDGE ( 'NONE', *, *, #1761, .T. ) ;
#1754 = CALENDAR_DATE ( 2026, 10, 10 ) ;
#1755 = LINE ( 'NONE', #3744, #642 ) ;
#1756 = DIRECTION ( 'NONE',  ( -1.000000000000000000, 0.000000000000000000, -0.000000000000000000 ) ) ;
#1757 = VERTEX_POINT ( 'NONE', #1998 ) ;
#1758 = CARTESIAN_POINT ( 'NONE',  ( 40.39999999999997726, 88.00000000000000000, 25.10000000000000853 ) ) ;
#1759 = LINE ( 'NONE', #3227, #4854 ) ;
#1760 = VERTEX_POINT ( 'NONE', #3984 ) ;
#1761 = EDGE_CURVE ( 'NONE', #3673, #5523, #5961, .T. ) ;
#1762 = AXIS2_PLACEMENT_3D ( 'NONE', #1086, #1053, #2480 ) ;
#1763 = ORIENTED_EDGE ( 'NONE', *, *, #5926, .T. ) ;
#1764 = DIRECTION ( 'NONE',  ( 0.000000000000000000, 0.000000000000000000, -1.000000000000000000 ) ) ;
#1765 = VECTOR ( 'NONE', #2003, 1000.000000000000000 ) ;
#1766 = AXIS2_PLACEMENT_3D ( 'NONE', #6152, #4047, #6124 ) ;
#1767 = CARTESIAN_POINT ( 'NONE',  ( 29.71995838912544485, 0.000000000000000000, 20.00000000000000000 ) ) ;
#1768 = VECTOR ( 'NONE', #2562, 1000.000000000000000 ) ;
#1769 = CARTESIAN_POINT ( 'NONE',  ( 4.000000000000000000, 32.00000000000000000, 7.000000000000000000 ) ) ;
#1770 = CARTESIAN_POINT ( 'NONE',  ( 51.99999999999998579, 96.00000000000000000, 8.500000000000000000 ) ) ;
#1771 = CARTESIAN_POINT ( 'NONE',  ( 66.79999999999999716, -3.500000000000000000, 6.000000000000000000 ) ) ;
#1772 = VECTOR ( 'NONE', #2618, 1000.000000000000000 ) ;
#1773 = ORIENTED_EDGE ( 'NONE', *, *, #5900, .F. ) ;
#1774 = ADVANCED_FACE ( 'NONE', ( #1510 ), #3497, .F. ) ;
#1775 = EDGE_CURVE ( 'NONE', #78, #1962, #6129, .T. ) ;
#1776 = VECTOR ( 'NONE', #3698, 1000.000000000000227 ) ;
#1777 = ORIENTED_EDGE ( 'NONE', *, *, #3220, .F. ) ;
#1778 = DIRECTION ( 'NONE',  ( -0.000000000000000000, -0.000000000000000000, -1.000000000000000000 ) ) ;
#1779 = LINE ( 'NONE', #3638, #4808 ) ;
#1780 = EDGE_CURVE ( 'NONE', #1828, #3655, #1188, .T. ) ;
#1781 = AXIS2_PLACEMENT_3D ( 'NONE', #2502, #5563, #5489 ) ;
#1782 = EDGE_CURVE ( 'NONE', #2312, #881, #5092, .T. ) ;
#1783 = DIRECTION ( 'NONE',  ( -1.000000000000000000, -0.000000000000000000, -8.896017825522089339E-17 ) ) ;
#1784 = ORIENTED_EDGE ( 'NONE', *, *, #4165, .T. ) ;
#1785 = DIRECTION ( 'NONE',  ( 0.000000000000000000, 1.000000000000000000, 0.000000000000000000 ) ) ;
#1786 = CARTESIAN_POINT ( 'NONE',  ( 1.753887449625599837, 93.50000000000004263, 6.000000000000000000 ) ) ;
#1787 = VERTEX_POINT ( 'NONE', #278 ) ;
#1788 = CARTESIAN_POINT ( 'NONE',  ( -0.8730562751872177341, 1.050000000000000488, 0.000000000000000000 ) ) ;
#1789 = ORIENTED_EDGE ( 'NONE', *, *, #2330, .F. ) ;
#1790 = VERTEX_POINT ( 'NONE', #5211 ) ;
#1791 = ORIENTED_EDGE ( 'NONE', *, *, #3555, .T. ) ;
#1792 = DATE_AND_TIME ( #6243, #2876 ) ;
#1793 = LINE ( 'NONE', #4300, #3023 ) ;
#1794 = DIRECTION ( 'NONE',  ( 0.000000000000000000, 2.312964634635743450E-15, 1.000000000000000000 ) ) ;
#1795 = VERTEX_POINT ( 'NONE', #1161 ) ;
#1796 = DIRECTION ( 'NONE',  ( 1.000000000000000000, -6.672013369141566696E-17, 0.000000000000000000 ) ) ;
#1797 = PLANE ( 'NONE',  #705 ) ;
#1798 = EDGE_LOOP ( 'NONE', ( #4307, #2105, #3445, #5500 ) ) ;
#1799 = AXIS2_PLACEMENT_3D ( 'NONE', #2210, #324, #712 ) ;
#1800 = EDGE_CURVE ( 'NONE', #4593, #5738, #5178, .T. ) ;
#1801 = ORIENTED_EDGE ( 'NONE', *, *, #3907, .T. ) ;
#1802 = LINE ( 'NONE', #3231, #1016 ) ;
#1803 = LINE ( 'NONE', #3784, #935 ) ;
#1804 = EDGE_CURVE ( 'NONE', #528, #4423, #2741, .T. ) ;
#1805 = VECTOR ( 'NONE', #5040, 1000.000000000000000 ) ;
#1806 = CARTESIAN_POINT ( 'NONE',  ( 69.75388744962559429, -3.499999999999999556, 6.000000000000000000 ) ) ;
#1807 = LINE ( 'NONE', #2776, #2084 ) ;
#1808 = FACE_OUTER_BOUND ( 'NONE', #4841, .T. ) ;
#1809 = ORIENTED_EDGE ( 'NONE', *, *, #2728, .T. ) ;
#1810 = EDGE_CURVE ( 'NONE', #1725, #3496, #1127, .T. ) ;
#1811 = EDGE_LOOP ( 'NONE', ( #54, #4281, #5967, #3823 ) ) ;
#1812 = DIRECTION ( 'NONE',  ( -1.541976423090495633E-16, 1.000000000000000000, 0.000000000000000000 ) ) ;
#1813 = LINE ( 'NONE', #1444, #1245 ) ;
#1814 = ADVANCED_FACE ( 'NONE', ( #5670, #6097, #643 ), #5643, .T. ) ;
#1815 = DIRECTION ( 'NONE',  ( -0.000000000000000000, -0.000000000000000000, -1.000000000000000000 ) ) ;
#1816 = ORIENTED_EDGE ( 'NONE', *, *, #920, .F. ) ;
#1817 = CARTESIAN_POINT ( 'NONE',  ( 66.79999999999996874, 93.49999999999998579, 6.000000000000000000 ) ) ;
#1818 = LINE ( 'NONE', #4291, #450 ) ;
#1819 = EDGE_LOOP ( 'NONE', ( #4305, #5992, #4451, #1147 ) ) ;
#1820 = ADVANCED_FACE ( 'NONE', ( #3232 ), #3664, .F. ) ;
#1821 = CARTESIAN_POINT ( 'NONE',  ( 51.00000000000000000, 2.000000000000000000, 20.00000000000000355 ) ) ;
#1822 = DIRECTION ( 'NONE',  ( 1.000000000000000000, 1.541976423090495633E-16, 1.783268467025148642E-33 ) ) ;
#1823 = EDGE_LOOP ( 'NONE', ( #4248, #1097, #5301, #2316 ) ) ;
#1824 = EDGE_LOOP ( 'NONE', ( #2936, #5794, #4176, #4298 ) ) ;
#1825 = APPROVAL_DATE_TIME ( #1792, #3959 ) ;
#1826 = CARTESIAN_POINT ( 'NONE',  ( 9.000000000000000000, 96.00000000000000000, 8.499999999999996447 ) ) ;
#1827 = FACE_OUTER_BOUND ( 'NONE', #3718, .T. ) ;
#1828 = VERTEX_POINT ( 'NONE', #246 ) ;
#1829 = AXIS2_PLACEMENT_3D ( 'NONE', #4976, #524, #2509 ) ;
#1830 = CARTESIAN_POINT ( 'NONE',  ( 42.49999999999998579, 4.000000000000000000, 2.000000000000000000 ) ) ;
#1831 = DIRECTION ( 'NONE',  ( 1.000000000000000000, 0.000000000000000000, 0.000000000000000000 ) ) ;
#1832 = ORIENTED_EDGE ( 'NONE', *, *, #161, .F. ) ;
#1833 = ORIENTED_EDGE ( 'NONE', *, *, #2967, .T. ) ;
#1834 = DIRECTION ( 'NONE',  ( -0.000000000000000000, -0.000000000000000000, 1.000000000000000000 ) ) ;
#1835 = CARTESIAN_POINT ( 'NONE',  ( 58.99999999999997868, 49.99999999999999289, 1.999999999999995781 ) ) ;
#1836 = CARTESIAN_POINT ( 'NONE',  ( -6.126943724812813130, 1.050000000000001377, 6.000000000000000000 ) ) ;
#1837 = CARTESIAN_POINT ( 'NONE',  ( -4.770489558936219510E-15, 32.00000000000000000, 5.000000000000001776 ) ) ;
#1838 = VERTEX_POINT ( 'NONE', #2197 ) ;
#1839 = VERTEX_POINT ( 'NONE', #4123 ) ;
#1840 = CARTESIAN_POINT ( 'NONE',  ( 1.999999999999990008, 63.49999999999997158, 16.00000000000000355 ) ) ;
#1841 = DIRECTION ( 'NONE',  ( -0.000000000000000000, -0.000000000000000000, -1.000000000000000000 ) ) ;
#1842 = AXIS2_PLACEMENT_3D ( 'NONE', #5475, #5831, #1378 ) ;
#1843 = CARTESIAN_POINT ( 'NONE',  ( 1.999999999999995337, 31.99999999999997868, 16.00000000000000711 ) ) ;
#1844 = VECTOR ( 'NONE', #4864, 1000.000000000000000 ) ;
#1845 = EDGE_CURVE ( 'NONE', #5567, #5360, #3174, .T. ) ;
#1846 = CARTESIAN_POINT ( 'NONE',  ( -0.8730562751871727700, 88.95000000000001705, 0.000000000000000000 ) ) ;
#1847 = CARTESIAN_POINT ( 'NONE',  ( 66.99999999999998579, 80.99999999999998579, 15.99999999999999645 ) ) ;
#1848 = VERTEX_POINT ( 'NONE', #5152 ) ;
#1849 = VECTOR ( 'NONE', #1567, 999.9999999999998863 ) ;
#1850 = CARTESIAN_POINT ( 'NONE',  ( 29.71995838912544485, 2.000000000000000000, 20.00000000000000000 ) ) ;
#1851 = CC_DESIGN_PERSON_AND_ORGANIZATION_ASSIGNMENT ( #2045, #2962, ( #2040 ) ) ;
#1852 = CARTESIAN_POINT ( 'NONE',  ( 60.99999999999997868, 64.99999999999998579, 12.99999999999999645 ) ) ;
#1853 = VERTEX_POINT ( 'NONE', #1647 ) ;
#1854 = EDGE_CURVE ( 'NONE', #3844, #2846, #1352, .T. ) ;
#1855 = ORIENTED_EDGE ( 'NONE', *, *, #2185, .F. ) ;
#1856 = COORDINATED_UNIVERSAL_TIME_OFFSET ( 5, 0, .BEHIND. ) ;
#1857 = CARTESIAN_POINT ( 'NONE',  ( 58.99999999999999289, 2.000000000000000000, 25.10000000000000142 ) ) ;
#1858 = CARTESIAN_POINT ( 'NONE',  ( 59.24611255037439150, 93.49999999999995737, 0.000000000000000000 ) ) ;
#1859 = EDGE_LOOP ( 'NONE', ( #8, #2766, #2519, #5959, #430 ) ) ;
#1860 = FACE_OUTER_BOUND ( 'NONE', #4220, .T. ) ;
#1861 = DIRECTION ( 'NONE',  ( -1.000000000000000000, 0.000000000000000000, 0.000000000000000000 ) ) ;
#1862 = VERTEX_POINT ( 'NONE', #5609 ) ;
#1863 = ORIENTED_EDGE ( 'NONE', *, *, #6293, .F. ) ;
#1864 = AXIS2_PLACEMENT_3D ( 'NONE', #5104, #3995, #5971 ) ;
#1865 = LINE ( 'NONE', #4756, #1969 ) ;
#1866 = DIRECTION ( 'NONE',  ( -0.4999999999999990563, -0.8660254037844391517, 0.000000000000000000 ) ) ;
#1867 = CARTESIAN_POINT ( 'NONE',  ( 1.999999999999995337, 31.99999999999997158, 13.00000000000000888 ) ) ;
#1868 = PLANE ( 'NONE',  #2049 ) ;
#1869 = VERTEX_POINT ( 'NONE', #1706 ) ;
#1870 = ORIENTED_EDGE ( 'NONE', *, *, #1900, .T. ) ;
#1871 = CARTESIAN_POINT ( 'NONE',  ( 40.39999999999997726, 88.00000000000000000, 25.10000000000000853 ) ) ;
#1872 = DIRECTION ( 'NONE',  ( 1.000000000000000000, 0.000000000000000000, 0.000000000000000000 ) ) ;
#1873 = CIRCLE ( 'NONE', #5511, 6.000000000000000888 ) ;
#1874 = AXIS2_PLACEMENT_3D ( 'NONE', #824, #4822, #3854 ) ;
#1875 = CARTESIAN_POINT ( 'NONE',  ( 58.99999999999999289, 2.000000000000000000, 2.000000000000000000 ) ) ;
#1876 = DIRECTION ( 'NONE',  ( -0.000000000000000000, -0.000000000000000000, -1.000000000000000000 ) ) ;
#1877 = EDGE_CURVE ( 'NONE', #6425, #3353, #6067, .T. ) ;
#1878 = EDGE_CURVE ( 'NONE', #1839, #325, #1680, .T. ) ;
#1879 = VECTOR ( 'NONE', #4100, 1000.000000000000000 ) ;
#1880 = LINE ( 'NONE', #3346, #3977 ) ;
#1881 = ORIENTED_EDGE ( 'NONE', *, *, #1140, .T. ) ;
#1882 = CARTESIAN_POINT ( 'NONE',  ( 61.87305627518720286, 1.050000000000004485, 6.000000000000000000 ) ) ;
#1883 = CARTESIAN_POINT ( 'NONE',  ( -6.126943724812814018, -8.050000000000000711, -0.000000000000000000 ) ) ;
#1884 = VERTEX_POINT ( 'NONE', #4613 ) ;
#1885 = EDGE_CURVE ( 'NONE', #2138, #4593, #6186, .T. ) ;
#1886 = VERTEX_POINT ( 'NONE', #1244 ) ;
#1887 = PLANE ( 'NONE',  #322 ) ;
#1888 = CARTESIAN_POINT ( 'NONE',  ( 1.999999999999986677, 87.00000000000000000, 25.10000000000000142 ) ) ;
#1889 = EDGE_LOOP ( 'NONE', ( #751, #2898, #5582, #3228, #1259, #3910 ) ) ;
#1890 = DIRECTION ( 'NONE',  ( -1.000000000000000000, 3.469446951953611033E-15, 0.000000000000000000 ) ) ;
#1891 = EDGE_CURVE ( 'NONE', #665, #1668, #3143, .T. ) ;
#1892 = FACE_OUTER_BOUND ( 'NONE', #1913, .T. ) ;
#1893 = VERTEX_POINT ( 'NONE', #1735 ) ;
#1894 = EDGE_LOOP ( 'NONE', ( #5005, #3941, #302, #282 ) ) ;
#1895 = EDGE_CURVE ( 'NONE', #2318, #6031, #3691, .T. ) ;
#1896 = FACE_OUTER_BOUND ( 'NONE', #2864, .T. ) ;
#1897 = DIRECTION ( 'NONE',  ( 1.000000000000000000, 0.000000000000000000, 0.000000000000000000 ) ) ;
#1898 = VECTOR ( 'NONE', #3043, 1000.000000000000000 ) ;
#1899 = CARTESIAN_POINT ( 'NONE',  ( 57.99999999999997868, 99.99999999999998579, 25.10000000000000142 ) ) ;
#1900 = EDGE_CURVE ( 'NONE', #2276, #4967, #6318, .T. ) ;
#1901 =( BOUNDED_CURVE ( )  B_SPLINE_CURVE ( 3, ( #1955, #5408, #1989, #5017 ),
 .UNSPECIFIED., .F., .F. ) 
 B_SPLINE_CURVE_WITH_KNOTS ( ( 4, 4 ),
 ( 3.141592653589793116, 4.712388980384689674 ),
 .UNSPECIFIED. ) 
 CURVE ( )  GEOMETRIC_REPRESENTATION_ITEM ( )  RATIONAL_B_SPLINE_CURVE ( ( 1.000000000000000000, 0.8047378541243649375, 0.8047378541243649375, 1.000000000000000000 ) ) 
 REPRESENTATION_ITEM ( '' )  );
#1902 = DIRECTION ( 'NONE',  ( 0.000000000000000000, 1.000000000000000000, 0.000000000000000000 ) ) ;
#1903 = VERTEX_POINT ( 'NONE', #5827 ) ;
#1904 = AXIS2_PLACEMENT_3D ( 'NONE', #4418, #2953, #418 ) ;
#1905 = VECTOR ( 'NONE', #6363, 1000.000000000000000 ) ;
#1906 = VERTEX_POINT ( 'NONE', #823 ) ;
#1907 = DIRECTION ( 'NONE',  ( 0.000000000000000000, 0.000000000000000000, -1.000000000000000000 ) ) ;
#1908 = AXIS2_PLACEMENT_3D ( 'NONE', #5001, #5102, #3990 ) ;
#1909 = DIRECTION ( 'NONE',  ( -1.000000000000000000, -1.541976423090495633E-16, -0.000000000000000000 ) ) ;
#1910 = DIRECTION ( 'NONE',  ( -0.000000000000000000, -0.000000000000000000, 1.000000000000000000 ) ) ;
#1911 = LINE ( 'NONE', #3862, #4619 ) ;
#1912 = CARTESIAN_POINT ( 'NONE',  ( 0.000000000000000000, -9.249999999999998224, -0.000000000000000000 ) ) ;
#1913 = EDGE_LOOP ( 'NONE', ( #4769, #3806, #3422, #5122 ) ) ;
#1914 = CARTESIAN_POINT ( 'NONE',  ( 66.99999999999998579, 9.000000000000001776, 8.249999999999996447 ) ) ;
#1915 = EDGE_CURVE ( 'NONE', #2844, #5952, #5858, .T. ) ;
#1916 = CARTESIAN_POINT ( 'NONE',  ( 58.99999999999998579, 31.49999999999999289, 11.95000000000000284 ) ) ;
#1917 = VECTOR ( 'NONE', #1692, 1000.000000000000000 ) ;
#1918 = ORIENTED_EDGE ( 'NONE', *, *, #2175, .T. ) ;
#1919 = ORIENTED_EDGE ( 'NONE', *, *, #224, .T. ) ;
#1920 = DIRECTION ( 'NONE',  ( -0.000000000000000000, 0.000000000000000000, 1.000000000000000000 ) ) ;
#1921 = CARTESIAN_POINT ( 'NONE',  ( 69.75388744962558008, 93.49999999999998579, 6.000000000000000000 ) ) ;
#1922 = ORIENTED_EDGE ( 'NONE', *, *, #164, .T. ) ;
#1923 = DIRECTION ( 'NONE',  ( -0.000000000000000000, -0.000000000000000000, -1.000000000000000000 ) ) ;
#1924 = FACE_OUTER_BOUND ( 'NONE', #2184, .T. ) ;
#1925 = ORIENTED_EDGE ( 'NONE', *, *, #1935, .T. ) ;
#1926 = ORIENTED_EDGE ( 'NONE', *, *, #1060, .F. ) ;
#1927 = EDGE_CURVE ( 'NONE', #4529, #4105, #1865, .T. ) ;
#1928 = DIRECTION ( 'NONE',  ( -1.512840240677448454E-16, 1.000000000000000000, 0.000000000000000000 ) ) ;
#1929 = DIRECTION ( 'NONE',  ( -1.000000000000000000, 0.000000000000000000, 0.000000000000000000 ) ) ;
#1930 = LINE ( 'NONE', #1470, #2890 ) ;
#1931 = DIRECTION ( 'NONE',  ( -1.000000000000000000, 0.000000000000000000, 1.239088197126290817E-16 ) ) ;
#1932 = ORIENTED_EDGE ( 'NONE', *, *, #1891, .T. ) ;
#1933 = ORIENTED_EDGE ( 'NONE', *, *, #2086, .T. ) ;
#1934 = CARTESIAN_POINT ( 'NONE',  ( 37.50000000000000000, 0.000000000000000000, 2.499999999999998668 ) ) ;
#1935 = EDGE_CURVE ( 'NONE', #3735, #3270, #2870, .T. ) ;
#1936 = FACE_BOUND ( 'NONE', #2125, .T. ) ;
#1937 = LINE ( 'NONE', #3829, #4443 ) ;
#1938 = DIRECTION ( 'NONE',  ( -0.000000000000000000, -0.000000000000000000, -1.000000000000000000 ) ) ;
#1939 = DIRECTION ( 'NONE',  ( 1.000000000000000000, 1.541976423090495633E-16, 1.783268467025148642E-33 ) ) ;
#1940 = VERTEX_POINT ( 'NONE', #4309 ) ;
#1941 = CARTESIAN_POINT ( 'NONE',  ( 60.99999999999998579, 24.49999999999998934, 11.94999999999999929 ) ) ;
#1942 = VECTOR ( 'NONE', #5423, 1000.000000000000000 ) ;
#1943 = CARTESIAN_POINT ( 'NONE',  ( 29.71995838912544485, 2.000000000000000000, 20.00000000000000000 ) ) ;
#1944 = EDGE_LOOP ( 'NONE', ( #2089, #1975, #2636, #5177, #3726, #475 ) ) ;
#1945 = CARTESIAN_POINT ( 'NONE',  ( 62.19999999999998153, 93.49999999999998579, 25.10000000000000142 ) ) ;
#1946 = VERTEX_POINT ( 'NONE', #4821 ) ;
#1947 = DIRECTION ( 'NONE',  ( -3.469446951953613696E-16, 1.000000000000000000, 8.673617379884034239E-17 ) ) ;
#1948 = VECTOR ( 'NONE', #4206, 1000.000000000000000 ) ;
#1949 = DIRECTION ( 'NONE',  ( 1.000000000000000000, -3.469446951953611033E-15, -0.000000000000000000 ) ) ;
#1950 = ORIENTED_EDGE ( 'NONE', *, *, #5451, .T. ) ;
#1951 = DIRECTION ( 'NONE',  ( -0.000000000000000000, -0.000000000000000000, 1.000000000000000000 ) ) ;
#1952 = CARTESIAN_POINT ( 'NONE',  ( -10.00000000000001776, -9.249999999999998224, 25.10000000000000142 ) ) ;
#1953 = EDGE_LOOP ( 'NONE', ( #1509, #359, #1073, #2738 ) ) ;
#1954 = EDGE_LOOP ( 'NONE', ( #4731, #5665, #5680, #1833 ) ) ;
#1955 = CARTESIAN_POINT ( 'NONE',  ( -9.249999999999998224, 87.00000000000000000, 0.000000000000000000 ) ) ;
#1956 = ADVANCED_FACE ( 'NONE', ( #1896 ), #3754, .F. ) ;
#1957 = CARTESIAN_POINT ( 'NONE',  ( 62.20000000000000995, -3.499999999999999556, 0.000000000000000000 ) ) ;
#1958 = VERTEX_POINT ( 'NONE', #6353 ) ;
#1959 = FACE_OUTER_BOUND ( 'NONE', #5608, .T. ) ;
#1960 = DIRECTION ( 'NONE',  ( -1.838995606619757339E-32, 1.192622389734055124E-16, 1.000000000000000000 ) ) ;
#1961 = EDGE_CURVE ( 'NONE', #276, #1869, #3737, .T. ) ;
#1962 = VERTEX_POINT ( 'NONE', #3881 ) ;
#1963 = CARTESIAN_POINT ( 'NONE',  ( 1.999999999999987121, 84.99999999999997158, 2.000000000000000000 ) ) ;
#1964 = ADVANCED_FACE ( 'NONE', ( #4274, #4851 ), #4888, .T. ) ;
#1965 = CARTESIAN_POINT ( 'NONE',  ( 41.99999999999999289, 2.000000000000000000, 13.00000000000000355 ) ) ;
#1966 = EDGE_CURVE ( 'NONE', #5303, #2452, #886, .T. ) ;
#1967 = CARTESIAN_POINT ( 'NONE',  ( 1.999999999999987121, 84.99999999999997158, 2.000000000000000000 ) ) ;
#1968 = CARTESIAN_POINT ( 'NONE',  ( 57.99999999999999289, -9.249999999999998224, 0.000000000000000000 ) ) ;
#1969 = VECTOR ( 'NONE', #5245, 1000.000000000000000 ) ;
#1970 = VECTOR ( 'NONE', #1397, 1000.000000000000000 ) ;
#1971 = CARTESIAN_POINT ( 'NONE',  ( -9.999999999999998224, 87.75000000000000000, -18.38477631085023489 ) ) ;
#1972 = ADVANCED_FACE ( 'NONE', ( #2383 ), #4373, .F. ) ;
#1973 = AXIS2_PLACEMENT_3D ( 'NONE', #280, #5213, #3144 ) ;
#1974 = CARTESIAN_POINT ( 'NONE',  ( 10.00000000000000000, 2.000000000000000000, 20.00000000000000000 ) ) ;
#1975 = ORIENTED_EDGE ( 'NONE', *, *, #3349, .F. ) ;
#1976 = CARTESIAN_POINT ( 'NONE',  ( 58.99999999999999289, 88.00000000000000000, 25.10000000000000142 ) ) ;
#1977 = ADVANCED_FACE ( 'NONE', ( #2806 ), #2774, .F. ) ;
#1978 = LINE ( 'NONE', #553, #2695 ) ;
#1979 = ORIENTED_EDGE ( 'NONE', *, *, #199, .T. ) ;
#1980 = LINE ( 'NONE', #6251, #4547 ) ;
#1981 = EDGE_LOOP ( 'NONE', ( #3751, #6014, #5329, #4438 ) ) ;
#1982 = LINE ( 'NONE', #6406, #5095 ) ;
#1983 = CARTESIAN_POINT ( 'NONE',  ( 29.71995838912544485, 2.000000000000000000, 16.00000000000000000 ) ) ;
#1984 = EDGE_LOOP ( 'NONE', ( #3815, #5426, #5243, #4915, #3339, #4112 ) ) ;
#1985 = LINE ( 'NONE', #1081, #4536 ) ;
#1986 = DIRECTION ( 'NONE',  ( 0.000000000000000000, -0.000000000000000000, 1.000000000000000000 ) ) ;
#1987 = ORIENTED_EDGE ( 'NONE', *, *, #3431, .T. ) ;
#1988 = EDGE_LOOP ( 'NONE', ( #2581, #4945, #4288, #747 ) ) ;
#1989 = CARTESIAN_POINT ( 'NONE',  ( -9.999999999999998224, 87.31066017177980143, 0.3106601717798219142 ) ) ;
#1990 = DIRECTION ( 'NONE',  ( -1.000000000000000000, 0.000000000000000000, 0.000000000000000000 ) ) ;
#1991 = EDGE_LOOP ( 'NONE', ( #748, #4599, #5917, #2162 ) ) ;
#1992 = DIRECTION ( 'NONE',  ( -1.000000000000000000, 0.000000000000000000, -0.000000000000000000 ) ) ;
#1993 = DIRECTION ( 'NONE',  ( 1.000000000000000000, 0.000000000000000000, 0.000000000000000000 ) ) ;
#1994 = EDGE_LOOP ( 'NONE', ( #809, #3904, #1159, #3262 ) ) ;
#1995 = EDGE_CURVE ( 'NONE', #3279, #3919, #1344, .T. ) ;
#1996 = EDGE_CURVE ( 'NONE', #1704, #4967, #2903, .T. ) ;
#1997 = VECTOR ( 'NONE', #675, 1000.000000000000000 ) ;
#1998 = CARTESIAN_POINT ( 'NONE',  ( 58.99999999999997158, 84.99999999999998579, 5.000000000000000000 ) ) ;
#1999 = DIRECTION ( 'NONE',  ( 7.709882115452478166E-17, -1.000000000000000000, 0.000000000000000000 ) ) ;
#2000 = VECTOR ( 'NONE', #3410, 1000.000000000000000 ) ;
#2001 = EDGE_CURVE ( 'NONE', #664, #3518, #2253, .T. ) ;
#2002 = DIRECTION ( 'NONE',  ( -0.000000000000000000, -0.000000000000000000, -1.000000000000000000 ) ) ;
#2003 = DIRECTION ( 'NONE',  ( -0.000000000000000000, -0.000000000000000000, -1.000000000000000000 ) ) ;
#2004 = AXIS2_PLACEMENT_3D ( 'NONE', #138, #2598, #4622 ) ;
#2005 = EDGE_CURVE ( 'NONE', #1308, #5380, #857, .T. ) ;
#2006 = CARTESIAN_POINT ( 'NONE',  ( 57.99999999999998579, 87.00000000000000000, 0.000000000000000000 ) ) ;
#2007 = CARTESIAN_POINT ( 'NONE',  ( 0.000000000000000000, 0.000000000000000000, 25.10000000000000142 ) ) ;
#2008 = ORIENTED_EDGE ( 'NONE', *, *, #445, .F. ) ;
#2009 = LINE ( 'NONE', #3056, #3921 ) ;
#2010 = DIRECTION ( 'NONE',  ( -0.000000000000000000, -0.000000000000000000, 1.000000000000000000 ) ) ;
#2011 = ORIENTED_EDGE ( 'NONE', *, *, #6314, .T. ) ;
#2012 = CARTESIAN_POINT ( 'NONE',  ( 2.999999999999981348, -9.689339828220177253, 4.336808689942017243E-16 ) ) ;
#2013 = EDGE_LOOP ( 'NONE', ( #5864, #731, #3059, #227, #5140, #6056 ) ) ;
#2014 = PLANE ( 'NONE',  #11 ) ;
#2015 = EDGE_CURVE ( 'NONE', #755, #3027, #1803, .T. ) ;
#2016 = LINE ( 'NONE', #4627, #6364 ) ;
#2017 = ORIENTED_EDGE ( 'NONE', *, *, #6265, .T. ) ;
#2018 = CARTESIAN_POINT ( 'NONE',  ( -1.658829323902821784E-14, 90.00000000000000000, 0.000000000000000000 ) ) ;
#2019 = CARTESIAN_POINT ( 'NONE',  ( 71.00000000000000000, -9.249999999999998224, 0.7500000000000006661 ) ) ;
#2020 = AXIS2_PLACEMENT_3D ( 'NONE', #1237, #1796, #3225 ) ;
#2021 = VERTEX_POINT ( 'NONE', #374 ) ;
#2022 = ORIENTED_EDGE ( 'NONE', *, *, #4306, .F. ) ;
#2023 = ORIENTED_EDGE ( 'NONE', *, *, #3555, .F. ) ;
#2024 = DIRECTION ( 'NONE',  ( -0.000000000000000000, 0.000000000000000000, 1.000000000000000000 ) ) ;
#2025 = PLANE ( 'NONE',  #4122 ) ;
#2026 = EDGE_LOOP ( 'NONE', ( #504, #584, #4856, #5531 ) ) ;
#2027 = FACE_BOUND ( 'NONE', #4068, .T. ) ;
#2028 = CARTESIAN_POINT ( 'NONE',  ( 1.753887449625579409, -3.499999999999998668, 6.000000000000000000 ) ) ;
#2029 = ORIENTED_EDGE ( 'NONE', *, *, #6289, .T. ) ;
#2030 = DIRECTION ( 'NONE',  ( 1.000000000000000000, 0.000000000000000000, 1.630376018710721586E-16 ) ) ;
#2031 = LINE ( 'NONE', #3045, #1450 ) ;
#2032 = VECTOR ( 'NONE', #1602, 1000.000000000000000 ) ;
#2033 = LINE ( 'NONE', #2492, #3618 ) ;
#2034 = LINE ( 'NONE', #4021, #2389 ) ;
#2035 = CARTESIAN_POINT ( 'NONE',  ( -8.753887449625585404, 93.49999999999995737, 6.000000000000000000 ) ) ;
#2036 = LINE ( 'NONE', #1518, #3983 ) ;
#2037 = VERTEX_POINT ( 'NONE', #5283 ) ;
#2038 = DIRECTION ( 'NONE',  ( 0.000000000000000000, 0.000000000000000000, -1.000000000000000000 ) ) ;
#2039 = ADVANCED_FACE ( 'NONE', ( #4792 ), #2350, .F. ) ;
#2040 = SECURITY_CLASSIFICATION ( '', '', #4970 ) ;
#2041 = CARTESIAN_POINT ( 'NONE',  ( -6.000000000000015987, 80.99999999999998579, 16.00000000000000355 ) ) ;
#2042 = ORIENTED_EDGE ( 'NONE', *, *, #3913, .F. ) ;
#2043 = CARTESIAN_POINT ( 'NONE',  ( 58.74999999999998579, 99.24999999999998579, 43.48477631085023631 ) ) ;
#2044 = EDGE_LOOP ( 'NONE', ( #1043, #2473, #5657, #4810, #6323, #5083 ) ) ;
#2045 = PERSON_AND_ORGANIZATION ( #2078, #4953 ) ;
#2046 = DIRECTION ( 'NONE',  ( 0.000000000000000000, -0.000000000000000000, -1.000000000000000000 ) ) ;
#2047 = CARTESIAN_POINT ( 'NONE',  ( 1.753887449625579409, -3.499999999999998668, 0.000000000000000000 ) ) ;
#2048 = VERTEX_POINT ( 'NONE', #5539 ) ;
#2049 = AXIS2_PLACEMENT_3D ( 'NONE', #3947, #3885, #1931 ) ;
#2050 = CARTESIAN_POINT ( 'NONE',  ( 58.99999999999999289, 88.00000000000000000, 2.000000000000000000 ) ) ;
#2051 = CARTESIAN_POINT ( 'NONE',  ( -6.000000000000015987, 80.99999999999998579, 25.10000000000000142 ) ) ;
#2052 = VERTEX_POINT ( 'NONE', #3560 ) ;
#2053 = ADVANCED_FACE ( 'NONE', ( #5504, #985, #6418, #4406 ), #4500, .T. ) ;
#2054 = ORIENTED_EDGE ( 'NONE', *, *, #5236, .T. ) ;
#2055 = ORIENTED_EDGE ( 'NONE', *, *, #920, .T. ) ;
#2056 = AXIS2_PLACEMENT_3D ( 'NONE', #2346, #1861, #2412 ) ;
#2057 = CYLINDRICAL_SURFACE ( 'NONE', #1152, 0.7500000000000000000 ) ;
#2058 = DIRECTION ( 'NONE',  ( 1.000000000000000000, -0.000000000000000000, 0.000000000000000000 ) ) ;
#2059 = ORIENTED_EDGE ( 'NONE', *, *, #1326, .T. ) ;
#2060 = ADVANCED_FACE ( 'NONE', ( #2971 ), #2057, .T. ) ;
#2061 = FACE_OUTER_BOUND ( 'NONE', #4345, .T. ) ;
#2062 = VECTOR ( 'NONE', #2905, 1000.000000000000000 ) ;
#2063 = CARTESIAN_POINT ( 'NONE',  ( 1.999999999999999556, 63.50000000000000000, 7.000000000000000000 ) ) ;
#2064 = ORIENTED_EDGE ( 'NONE', *, *, #737, .T. ) ;
#2065 = ADVANCED_FACE ( 'NONE', ( #3005 ), #1537, .F. ) ;
#2066 = FACE_OUTER_BOUND ( 'NONE', #4031, .T. ) ;
#2067 = CARTESIAN_POINT ( 'NONE',  ( 60.99999999999999289, 0.000000000000000000, 2.000000000000000000 ) ) ;
#2068 = EDGE_LOOP ( 'NONE', ( #2801, #4292, #6153, #1131, #6089, #6150, #566, #4077, #3385, #3111, #3025, #5082 ) ) ;
#2069 = LINE ( 'NONE', #2949, #3713 ) ;
#2070 = PLANE ( 'NONE',  #3215 ) ;
#2071 = ADVANCED_FACE ( 'NONE', ( #4010 ), #6381, .F. ) ;
#2072 = VECTOR ( 'NONE', #2534, 1000.000000000000000 ) ;
#2073 = DIRECTION ( 'NONE',  ( 0.4999999999999950040, 0.8660254037844415942, 0.000000000000000000 ) ) ;
#2074 = DIRECTION ( 'NONE',  ( -0.000000000000000000, -0.000000000000000000, 1.000000000000000000 ) ) ;
#2075 = ORIENTED_EDGE ( 'NONE', *, *, #5857, .T. ) ;
#2076 = LINE ( 'NONE', #4930, #606 ) ;
#2077 = AXIS2_PLACEMENT_3D ( 'NONE', #3394, #5374, #2320 ) ;
#2078 = PERSON ( 'UNSPECIFIED', 'UNSPECIFIED', 'UNSPECIFIED', ('UNSPECIFIED'), ('UNSPECIFIED'), ('UNSPECIFIED') ) ;
#2079 = EDGE_CURVE ( 'NONE', #4261, #4949, #4880, .T. ) ;
#2080 = LINE ( 'NONE', #4067, #4672 ) ;
#2081 = VECTOR ( 'NONE', #195, 1000.000000000000000 ) ;
#2082 = ORIENTED_EDGE ( 'NONE', *, *, #2139, .T. ) ;
#2083 = CARTESIAN_POINT ( 'NONE',  ( 70.24999999999998579, 0.000000000000000000, 0.7500000000000000000 ) ) ;
#2084 = VECTOR ( 'NONE', #5766, 1000.000000000000000 ) ;
#2085 = ORIENTED_EDGE ( 'NONE', *, *, #334, .F. ) ;
#2086 = EDGE_CURVE ( 'NONE', #2410, #5296, #5470, .T. ) ;
#2087 = CARTESIAN_POINT ( 'NONE',  ( 56.99999999999997868, 32.00000000000000711, 7.000000000000000000 ) ) ;
#2088 = CARTESIAN_POINT ( 'NONE',  ( 57.99999999999999289, -6.000000000000000000, 0.000000000000000000 ) ) ;
#2089 = ORIENTED_EDGE ( 'NONE', *, *, #626, .T. ) ;
#2090 = DIRECTION ( 'NONE',  ( 0.5000000000000054401, -0.8660254037844354880, 0.000000000000000000 ) ) ;
#2091 = AXIS2_PLACEMENT_3D ( 'NONE', #4909, #4878, #1007 ) ;
#2092 = VECTOR ( 'NONE', #582, 1000.000000000000000 ) ;
#2093 = DIRECTION ( 'NONE',  ( -0.000000000000000000, -0.000000000000000000, 1.000000000000000000 ) ) ;
#2094 = ORIENTED_EDGE ( 'NONE', *, *, #2976, .T. ) ;
#2095 = EDGE_CURVE ( 'NONE', #783, #4761, #4535, .T. ) ;
#2096 = EDGE_LOOP ( 'NONE', ( #4751, #5819, #2445, #4886 ) ) ;
#2097 = EDGE_LOOP ( 'NONE', ( #2646, #6211, #6101, #2992 ) ) ;
#2098 = CARTESIAN_POINT ( 'NONE',  ( 22.50000000000000000, 2.000000000000000000, 2.499999999999998668 ) ) ;
#2099 = CYLINDRICAL_SURFACE ( 'NONE', #3017, 0.7500000000000006661 ) ;
#2100 = EDGE_CURVE ( 'NONE', #4719, #3203, #1901, .T. ) ;
#2101 = ORIENTED_EDGE ( 'NONE', *, *, #4527, .F. ) ;
#2102 = AXIS2_PLACEMENT_3D ( 'NONE', #4328, #1426, #5424 ) ;
#2103 = DIRECTION ( 'NONE',  ( -0.000000000000000000, -0.000000000000000000, -1.000000000000000000 ) ) ;
#2104 = DIRECTION ( 'NONE',  ( -0.000000000000000000, -0.000000000000000000, -1.000000000000000000 ) ) ;
#2105 = ORIENTED_EDGE ( 'NONE', *, *, #2952, .F. ) ;
#2106 = DIRECTION ( 'NONE',  ( -0.000000000000000000, -1.000000000000000000, -0.000000000000000000 ) ) ;
#2107 = EDGE_CURVE ( 'NONE', #2786, #3321, #49, .T. ) ;
#2108 = DIRECTION ( 'NONE',  ( 0.000000000000000000, -0.000000000000000000, 1.000000000000000000 ) ) ;
#2109 = ORIENTED_EDGE ( 'NONE', *, *, #3439, .F. ) ;
#2110 = CARTESIAN_POINT ( 'NONE',  ( -1.387778780781446859E-15, 9.000000000000007105, 5.000000000000008882 ) ) ;
#2111 = LINE ( 'NONE', #4095, #1765 ) ;
#2112 = CARTESIAN_POINT ( 'NONE',  ( 1.999999999999990008, 63.49999999999997158, 16.00000000000000355 ) ) ;
#2113 = FACE_OUTER_BOUND ( 'NONE', #2296, .T. ) ;
#2114 = CARTESIAN_POINT ( 'NONE',  ( 4.000000000000000000, 65.00000000000000000, 7.000000000000000000 ) ) ;
#2115 = VECTOR ( 'NONE', #2667, 1000.000000000000000 ) ;
#2116 = CARTESIAN_POINT ( 'NONE',  ( 1.999999999999987121, 84.99999999999997158, 16.00000000000000000 ) ) ;
#2117 = VERTEX_POINT ( 'NONE', #82 ) ;
#2118 = LINE ( 'NONE', #5106, #1805 ) ;
#2119 = EDGE_LOOP ( 'NONE', ( #4686, #1206, #5753, #3702 ) ) ;
#2120 = VECTOR ( 'NONE', #6198, 1000.000000000000000 ) ;
#2121 = DIRECTION ( 'NONE',  ( 0.5000000000000004441, -0.8660254037844383745, 0.000000000000000000 ) ) ;
#2122 = EDGE_LOOP ( 'NONE', ( #991, #3080, #296, #5948 ) ) ;
#2123 = DIRECTION ( 'NONE',  ( 1.000000000000000000, -1.734723475976807094E-15, 0.000000000000000000 ) ) ;
#2124 = DIRECTION ( 'NONE',  ( 0.000000000000000000, -1.000000000000000000, 1.192622389734055124E-16 ) ) ;
#2125 = EDGE_LOOP ( 'NONE', ( #2791, #6069, #6341, #494 ) ) ;
#2126 = ORIENTED_EDGE ( 'NONE', *, *, #6149, .F. ) ;
#2127 = ORIENTED_EDGE ( 'NONE', *, *, #4508, .T. ) ;
#2128 = FACE_OUTER_BOUND ( 'NONE', #3212, .T. ) ;
#2129 = PLANE ( 'NONE',  #1766 ) ;
#2130 = ORIENTED_EDGE ( 'NONE', *, *, #4401, .F. ) ;
#2131 = LINE ( 'NONE', #603, #2773 ) ;
#2132 = CARTESIAN_POINT ( 'NONE',  ( 58.31066017177982275, -9.999999999999998224, 0.3106601717798219142 ) ) ;
#2133 = ORIENTED_EDGE ( 'NONE', *, *, #301, .T. ) ;
#2134 = EDGE_CURVE ( 'NONE', #4346, #1886, #5399, .T. ) ;
#2135 = VECTOR ( 'NONE', #5297, 1000.000000000000000 ) ;
#2136 = CARTESIAN_POINT ( 'NONE',  ( 37.50000000000000000, 4.000000000000000000, 2.499999999999998668 ) ) ;
#2137 = DIRECTION ( 'NONE',  ( 0.000000000000000000, 1.000000000000000000, 0.000000000000000000 ) ) ;
#2138 = VERTEX_POINT ( 'NONE', #3911 ) ;
#2139 = EDGE_CURVE ( 'NONE', #2965, #3909, #2548, .T. ) ;
#2140 = CARTESIAN_POINT ( 'NONE',  ( -6.000000000000002665, 9.000000000000001776, 25.10000000000000142 ) ) ;
#2141 = CARTESIAN_POINT ( 'NONE',  ( 0.000000000000000000, 0.000000000000000000, 7.000000000000000000 ) ) ;
#2142 = VECTOR ( 'NONE', #6382, 1000.000000000000000 ) ;
#2143 = CARTESIAN_POINT ( 'NONE',  ( 29.71995838912544485, 0.000000000000000000, 16.00000000000000000 ) ) ;
#2144 = PLANE ( 'NONE',  #3190 ) ;
#2145 = CARTESIAN_POINT ( 'NONE',  ( 60.99999999999998579, 31.49999999999999289, 11.95000000000000284 ) ) ;
#2146 = EDGE_LOOP ( 'NONE', ( #678, #2229, #5565, #5536 ) ) ;
#2147 = LINE ( 'NONE', #2333, #3876 ) ;
#2148 = DIRECTION ( 'NONE',  ( 2.865967179147672687E-32, -1.239088197126291063E-16, 1.000000000000000000 ) ) ;
#2149 = VERTEX_POINT ( 'NONE', #17 ) ;
#2150 =( BOUNDED_CURVE ( )  B_SPLINE_CURVE ( 3, ( #1557, #2012, #5076, #5527 ),
 .UNSPECIFIED., .F., .F. ) 
 B_SPLINE_CURVE_WITH_KNOTS ( ( 4, 4 ),
 ( 0.000000000000000000, 1.570796326794896336 ),
 .UNSPECIFIED. ) 
 CURVE ( )  GEOMETRIC_REPRESENTATION_ITEM ( )  RATIONAL_B_SPLINE_CURVE ( ( 1.000000000000000000, 0.8047378541243650485, 0.8047378541243650485, 1.000000000000000000 ) ) 
 REPRESENTATION_ITEM ( '' )  );
#2151 = CARTESIAN_POINT ( 'NONE',  ( -4.934324553889582082E-15, 31.99999999999997158, 13.00000000000000888 ) ) ;
#2152 = CARTESIAN_POINT ( 'NONE',  ( -9.250000000000015987, 2.250000000000000444, 25.10000000000000142 ) ) ;
#2153 = EDGE_LOOP ( 'NONE', ( #3899, #6414, #6021, #5593 ) ) ;
#2154 = VERTEX_POINT ( 'NONE', #5954 ) ;
#2155 = ORIENTED_EDGE ( 'NONE', *, *, #1608, .T. ) ;
#2156 = CARTESIAN_POINT ( 'NONE',  ( -4.770489558936219510E-15, 32.00000000000000000, 2.000000000000006661 ) ) ;
#2157 = VECTOR ( 'NONE', #4049, 1000.000000000000000 ) ;
#2158 = DIRECTION ( 'NONE',  ( 1.000000000000000000, 0.000000000000000000, 0.000000000000000000 ) ) ;
#2159 = ORIENTED_EDGE ( 'NONE', *, *, #2139, .F. ) ;
#2160 = CARTESIAN_POINT ( 'NONE',  ( 58.99999999999997158, 84.99999999999998579, 5.000000000000000000 ) ) ;
#2161 = FACE_OUTER_BOUND ( 'NONE', #5198, .T. ) ;
#2162 = ORIENTED_EDGE ( 'NONE', *, *, #1400, .T. ) ;
#2163 = VECTOR ( 'NONE', #3040, 1000.000000000000000 ) ;
#2164 = ADVANCED_FACE ( 'NONE', ( #957 ), #6022, .F. ) ;
#2165 = CARTESIAN_POINT ( 'NONE',  ( -6.126943724812782932, 88.95000000000001705, 6.000000000000000000 ) ) ;
#2166 = AXIS2_PLACEMENT_3D ( 'NONE', #2194, #3260, #6156 ) ;
#2167 = CARTESIAN_POINT ( 'NONE',  ( 1.999999999999982681, 2.000000000000000000, 2.000000000000000000 ) ) ;
#2168 = ORIENTED_EDGE ( 'NONE', *, *, #4387, .T. ) ;
#2169 = EDGE_CURVE ( 'NONE', #5792, #1034, #4434, .T. ) ;
#2170 = CARTESIAN_POINT ( 'NONE',  ( 1.999999999999994893, 33.49999999999997158, 16.00000000000001066 ) ) ;
#2171 = CARTESIAN_POINT ( 'NONE',  ( 1.999999999999999556, 32.00000000000000000, 7.000000000000000000 ) ) ;
#2172 = EDGE_CURVE ( 'NONE', #4423, #734, #5439, .T. ) ;
#2173 = CARTESIAN_POINT ( 'NONE',  ( 58.75000000000000000, -9.999999999999998224, 25.10000000000000142 ) ) ;
#2174 = ORIENTED_EDGE ( 'NONE', *, *, #1056, .T. ) ;
#2175 = EDGE_CURVE ( 'NONE', #2609, #2052, #1697, .T. ) ;
#2176 = CARTESIAN_POINT ( 'NONE',  ( 0.000000000000000000, 0.000000000000000000, 30.10000000000000142 ) ) ;
#2177 = CARTESIAN_POINT ( 'NONE',  ( 58.31066017177980854, 99.99999999999997158, 0.3106601717798275208 ) ) ;
#2178 = ORIENTED_EDGE ( 'NONE', *, *, #3887, .F. ) ;
#2179 = ADVANCED_FACE ( 'NONE', ( #4080 ), #5051, .F. ) ;
#2180 = CARTESIAN_POINT ( 'NONE',  ( 59.24611255037439150, 93.49999999999995737, 0.000000000000000000 ) ) ;
#2181 = DIRECTION ( 'NONE',  ( 1.000000000000000000, 0.000000000000000000, 0.000000000000000000 ) ) ;
#2182 = ORIENTED_EDGE ( 'NONE', *, *, #6053, .F. ) ;
#2183 = AXIS2_PLACEMENT_3D ( 'NONE', #6221, #1681, #1649 ) ;
#2184 = EDGE_LOOP ( 'NONE', ( #2978, #2059, #611, #6018 ) ) ;
#2185 = EDGE_CURVE ( 'NONE', #4346, #4265, #2585, .T. ) ;
#2186 = ORIENTED_EDGE ( 'NONE', *, *, #1652, .F. ) ;
#2187 = LINE ( 'NONE', #6151, #5407 ) ;
#2188 = VECTOR ( 'NONE', #2839, 1000.000000000000000 ) ;
#2189 = CARTESIAN_POINT ( 'NONE',  ( 70.24999999999998579, 87.00000000000000000, 25.10000000000000142 ) ) ;
#2190 = ORIENTED_EDGE ( 'NONE', *, *, #5418, .T. ) ;
#2191 = AXIS2_PLACEMENT_3D ( 'NONE', #6177, #2829, #300 ) ;
#2192 = VECTOR ( 'NONE', #2254, 1000.000000000000000 ) ;
#2193 = FACE_OUTER_BOUND ( 'NONE', #2958, .T. ) ;
#2194 = CARTESIAN_POINT ( 'NONE',  ( -6.000000000000002665, 9.000000000000001776, 13.00000000000001066 ) ) ;
#2195 = VERTEX_POINT ( 'NONE', #692 ) ;
#2196 = CIRCLE ( 'NONE', #6234, 2.299999999999996270 ) ;
#2197 = CARTESIAN_POINT ( 'NONE',  ( 59.24611255037440571, -3.500000000000002220, 6.000000000000000000 ) ) ;
#2198 = CARTESIAN_POINT ( 'NONE',  ( 66.99999999999998579, 80.99999999999998579, 12.99999999999999822 ) ) ;
#2199 = EDGE_CURVE ( 'NONE', #6031, #1427, #5912, .T. ) ;
#2200 = EDGE_LOOP ( 'NONE', ( #1297, #4207 ) ) ;
#2201 = EDGE_CURVE ( 'NONE', #3489, #5405, #4692, .T. ) ;
#2202 = CARTESIAN_POINT ( 'NONE',  ( 58.99999999999997868, 49.99999999999999289, 15.99999999999999645 ) ) ;
#2203 = LINE ( 'NONE', #6192, #5126 ) ;
#2204 = EDGE_CURVE ( 'NONE', #5363, #2231, #3642, .T. ) ;
#2205 = CARTESIAN_POINT ( 'NONE',  ( 67.12694372481277583, 88.94999999999998863, 0.000000000000000000 ) ) ;
#2206 = EDGE_CURVE ( 'NONE', #1428, #6007, #2294, .T. ) ;
#2207 = EDGE_LOOP ( 'NONE', ( #5476, #6390, #270, #2430 ) ) ;
#2208 = DIRECTION ( 'NONE',  ( 1.000000000000000000, 2.312964634635743450E-16, -0.000000000000000000 ) ) ;
#2209 = VECTOR ( 'NONE', #5322, 1000.000000000000000 ) ;
#2210 = CARTESIAN_POINT ( 'NONE',  ( 43.99999999999998579, 4.000000000000000000, 7.000000000000000000 ) ) ;
#2211 = ORIENTED_EDGE ( 'NONE', *, *, #4640, .T. ) ;
#2212 = DIRECTION ( 'NONE',  ( 1.000000000000000000, 2.312964634635743450E-16, -0.000000000000000000 ) ) ;
#2213 = CIRCLE ( 'NONE', #4501, 2.299999999999989608 ) ;
#2214 = AXIS2_PLACEMENT_3D ( 'NONE', #1748, #5713, #3245 ) ;
#2215 = PRODUCT_RELATED_PRODUCT_CATEGORY ( 'detail', '', ( #4209 ) ) ;
#2216 = EDGE_LOOP ( 'NONE', ( #6398, #2126, #268, #264 ) ) ;
#2217 = EDGE_CURVE ( 'NONE', #1906, #3858, #5115, .T. ) ;
#2218 = ORIENTED_EDGE ( 'NONE', *, *, #900, .T. ) ;
#2219 = CARTESIAN_POINT ( 'NONE',  ( 2.689405676075245993E-18, 9.000000000000035527, 25.10000000000000142 ) ) ;
#2220 = VECTOR ( 'NONE', #2750, 1000.000000000000000 ) ;
#2221 = CARTESIAN_POINT ( 'NONE',  ( 1.999999999999986677, 87.99999999999998579, 2.000000000000000000 ) ) ;
#2222 = ORIENTED_EDGE ( 'NONE', *, *, #1408, .F. ) ;
#2223 = SPHERICAL_SURFACE ( 'NONE', #5134, 0.7500000000000000000 ) ;
#2224 = DIRECTION ( 'NONE',  ( 0.000000000000000000, 0.000000000000000000, -1.000000000000000000 ) ) ;
#2225 = ORIENTED_EDGE ( 'NONE', *, *, #3206, .F. ) ;
#2226 = ORIENTED_EDGE ( 'NONE', *, *, #2685, .F. ) ;
#2227 = CARTESIAN_POINT ( 'NONE',  ( -1.310679959626920933E-14, 84.99999999999997158, 2.000000000000000000 ) ) ;
#2228 = CARTESIAN_POINT ( 'NONE',  ( 57.99999999999999289, -8.000000000000003553, 35.10000000000000142 ) ) ;
#2229 = ORIENTED_EDGE ( 'NONE', *, *, #2252, .F. ) ;
#2230 = AXIS2_PLACEMENT_3D ( 'NONE', #3651, #1199, #1173 ) ;
#2231 = VERTEX_POINT ( 'NONE', #5689 ) ;
#2232 = CARTESIAN_POINT ( 'NONE',  ( 67.12694372481280425, -8.049999999999991829, 0.000000000000000000 ) ) ;
#2233 = DIRECTION ( 'NONE',  ( 1.000000000000000000, 0.000000000000000000, 0.000000000000000000 ) ) ;
#2234 = LINE ( 'NONE', #2720, #3226 ) ;
#2235 = VERTEX_POINT ( 'NONE', #2219 ) ;
#2236 = CARTESIAN_POINT ( 'NONE',  ( 57.99999999999999289, -6.000000000000000000, 25.10000000000000142 ) ) ;
#2237 = CYLINDRICAL_SURFACE ( 'NONE', #5220, 0.7500000000000006661 ) ;
#2238 = ORIENTED_EDGE ( 'NONE', *, *, #6019, .F. ) ;
#2239 = CARTESIAN_POINT ( 'NONE',  ( 0.000000000000000000, 0.000000000000000000, 2.000000000000000000 ) ) ;
#2240 = EDGE_CURVE ( 'NONE', #1239, #4449, #4146, .T. ) ;
#2241 = ORIENTED_EDGE ( 'NONE', *, *, #5931, .T. ) ;
#2242 = ORIENTED_EDGE ( 'NONE', *, *, #125, .F. ) ;
#2243 = DIRECTION ( 'NONE',  ( 1.000000000000000000, 0.000000000000000000, 0.000000000000000000 ) ) ;
#2244 = CARTESIAN_POINT ( 'NONE',  ( 4.000000000000000000, 63.50000000000000000, 7.000000000000000000 ) ) ;
#2245 = VERTEX_POINT ( 'NONE', #717 ) ;
#2246 = DIRECTION ( 'NONE',  ( 0.000000000000000000, 1.000000000000000000, 0.000000000000000000 ) ) ;
#2247 = ADVANCED_FACE ( 'NONE', ( #5633, #5573 ), #1180, .T. ) ;
#2248 = CARTESIAN_POINT ( 'NONE',  ( 57.99999999999997868, 96.00000000000000000, 0.000000000000000000 ) ) ;
#2249 = ORIENTED_EDGE ( 'NONE', *, *, #3274, .F. ) ;
#2250 = ORIENTED_EDGE ( 'NONE', *, *, #4786, .F. ) ;
#2251 = DIRECTION ( 'NONE',  ( -0.000000000000000000, -0.000000000000000000, -1.000000000000000000 ) ) ;
#2252 = EDGE_CURVE ( 'NONE', #917, #1946, #117, .T. ) ;
#2253 = LINE ( 'NONE', #1767, #3430 ) ;
#2254 = DIRECTION ( 'NONE',  ( -0.000000000000000000, -0.000000000000000000, -1.000000000000000000 ) ) ;
#2255 = CARTESIAN_POINT ( 'NONE',  ( -4.934324553889583660E-15, 31.99999999999997868, 16.00000000000000711 ) ) ;
#2256 = EDGE_CURVE ( 'NONE', #640, #409, #3103, .T. ) ;
#2257 = VECTOR ( 'NONE', #2104, 1000.000000000000000 ) ;
#2258 = CARTESIAN_POINT ( 'NONE',  ( 1.999999999999986677, 87.99999999999998579, 25.10000000000000142 ) ) ;
#2259 = VECTOR ( 'NONE', #3987, 1000.000000000000000 ) ;
#2260 = VERTEX_POINT ( 'NONE', #5086 ) ;
#2261 = ORIENTED_EDGE ( 'NONE', *, *, #4584, .F. ) ;
#2262 = DIRECTION ( 'NONE',  ( -0.000000000000000000, 0.000000000000000000, 1.000000000000000000 ) ) ;
#2263 = AXIS2_PLACEMENT_3D ( 'NONE', #2968, #2477, #5435 ) ;
#2264 = CARTESIAN_POINT ( 'NONE',  ( 16.99999999999998934, 2.000000000000000444, 7.000000000000000000 ) ) ;
#2265 = CARTESIAN_POINT ( 'NONE',  ( 57.99999999999997868, 96.00000000000000000, 43.48477631085023631 ) ) ;
#2266 = EDGE_CURVE ( 'NONE', #329, #2348, #4663, .T. ) ;
#2267 = VERTEX_POINT ( 'NONE', #211 ) ;
#2268 = CARTESIAN_POINT ( 'NONE',  ( -9.999999999999998224, 87.00000000000000000, 0.7500000000000006661 ) ) ;
#2269 = LINE ( 'NONE', #4194, #346 ) ;
#2270 = ORIENTED_EDGE ( 'NONE', *, *, #4433, .F. ) ;
#2271 = DIRECTION ( 'NONE',  ( -0.000000000000000000, -0.000000000000000000, -1.000000000000000000 ) ) ;
#2272 = EDGE_CURVE ( 'NONE', #757, #5238, #2187, .T. ) ;
#2273 = EDGE_CURVE ( 'NONE', #6009, #1556, #6176, .T. ) ;
#2274 = ORIENTED_EDGE ( 'NONE', *, *, #2559, .F. ) ;
#2275 = ORIENTED_EDGE ( 'NONE', *, *, #6400, .F. ) ;
#2276 = VERTEX_POINT ( 'NONE', #153 ) ;
#2277 = DATE_AND_TIME ( #4875, #5676 ) ;
#2278 = LINE ( 'NONE', #6, #2812 ) ;
#2279 = CARTESIAN_POINT ( 'NONE',  ( 62.52786404500040618, 84.99999999999998579, 2.000000000000000000 ) ) ;
#2280 = ORIENTED_EDGE ( 'NONE', *, *, #1587, .F. ) ;
#2281 = DIRECTION ( 'NONE',  ( 0.000000000000000000, 1.000000000000000000, -0.000000000000000000 ) ) ;
#2282 = ADVANCED_FACE ( 'NONE', ( #2128 ), #4113, .T. ) ;
#2283 = LINE ( 'NONE', #4178, #4029 ) ;
#2284 = ORIENTED_EDGE ( 'NONE', *, *, #4701, .F. ) ;
#2285 = ORIENTED_EDGE ( 'NONE', *, *, #1185, .T. ) ;
#2286 = DIRECTION ( 'NONE',  ( 0.000000000000000000, 0.000000000000000000, -1.000000000000000000 ) ) ;
#2287 = EDGE_CURVE ( 'NONE', #1051, #3001, #1233, .T. ) ;
#2288 = AXIS2_PLACEMENT_3D ( 'NONE', #5116, #2676, #2158 ) ;
#2289 = CARTESIAN_POINT ( 'NONE',  ( 22.50000000000000000, 0.000000000000000000, 13.00000000000000178 ) ) ;
#2290 = VECTOR ( 'NONE', #1189, 1000.000000000000000 ) ;
#2291 = DIRECTION ( 'NONE',  ( 0.000000000000000000, -1.000000000000000000, 1.192622389734055124E-16 ) ) ;
#2292 = CARTESIAN_POINT ( 'NONE',  ( 42.49999999999998579, 2.000000000000000444, 2.000000000000000000 ) ) ;
#2293 = CARTESIAN_POINT ( 'NONE',  ( 0.000000000000000000, 4.000000000000000000, 0.000000000000000000 ) ) ;
#2294 = CIRCLE ( 'NONE', #943, 2.299999999999996270 ) ;
#2295 = VERTEX_POINT ( 'NONE', #6276 ) ;
#2296 = EDGE_LOOP ( 'NONE', ( #363, #5041, #4431, #1575 ) ) ;
#2297 = PLANE ( 'NONE',  #3457 ) ;
#2298 = EDGE_CURVE ( 'NONE', #630, #1328, #1793, .T. ) ;
#2299 = CARTESIAN_POINT ( 'NONE',  ( 58.99999999999997868, 64.99999999999998579, 15.99999999999999645 ) ) ;
#2300 = CARTESIAN_POINT ( 'NONE',  ( 0.000000000000000000, 0.000000000000000000, 0.000000000000000000 ) ) ;
#2301 = ORIENTED_EDGE ( 'NONE', *, *, #2871, .F. ) ;
#2302 = DIRECTION ( 'NONE',  ( -1.000000000000000000, 0.000000000000000000, 0.000000000000000000 ) ) ;
#2303 = CARTESIAN_POINT ( 'NONE',  ( -9.250000000000015987, 1.234322473291191848E-15, 0.7500000000000000000 ) ) ;
#2304 = ORIENTED_EDGE ( 'NONE', *, *, #5256, .F. ) ;
#2305 = DIRECTION ( 'NONE',  ( -0.000000000000000000, 1.000000000000000000, -0.000000000000000000 ) ) ;
#2306 = EDGE_LOOP ( 'NONE', ( #2270, #4964, #6388, #333 ) ) ;
#2307 = AXIS2_PLACEMENT_3D ( 'NONE', #704, #3636, #5615 ) ;
#2308 = EDGE_LOOP ( 'NONE', ( #5673, #4673, #548 ) ) ;
#2309 = EDGE_LOOP ( 'NONE', ( #4460, #4121, #3328, #4302 ) ) ;
#2310 = CARTESIAN_POINT ( 'NONE',  ( 4.000000000000000000, 63.50000000000000000, 7.000000000000000000 ) ) ;
#2311 = PLANE ( 'NONE',  #4471 ) ;
#2312 = VERTEX_POINT ( 'NONE', #331 ) ;
#2313 = VECTOR ( 'NONE', #3960, 1000.000000000000000 ) ;
#2314 = LINE ( 'NONE', #5853, #5970 ) ;
#2315 = DIRECTION ( 'NONE',  ( 0.000000000000000000, 1.000000000000000000, 0.000000000000000000 ) ) ;
#2316 = ORIENTED_EDGE ( 'NONE', *, *, #1063, .F. ) ;
#2317 = CIRCLE ( 'NONE', #6162, 5.999999999999998224 ) ;
#2318 = VERTEX_POINT ( 'NONE', #5785 ) ;
#2319 = DIRECTION ( 'NONE',  ( 1.000000000000000000, 0.000000000000000000, 0.000000000000000000 ) ) ;
#2320 = DIRECTION ( 'NONE',  ( 1.000000000000000000, 0.000000000000000000, 0.000000000000000000 ) ) ;
#2321 = VECTOR ( 'NONE', #6235, 1000.000000000000000 ) ;
#2322 = CARTESIAN_POINT ( 'NONE',  ( 70.99999999999998579, 99.24999999999997158, 25.10000000000000142 ) ) ;
#2323 = LINE ( 'NONE', #6286, #5585 ) ;
#2324 = EDGE_CURVE ( 'NONE', #5088, #6317, #1679, .T. ) ;
#2325 = ORIENTED_EDGE ( 'NONE', *, *, #3310, .T. ) ;
#2326 = EDGE_LOOP ( 'NONE', ( #2011, #2594, #4580, #5775 ) ) ;
#2327 = DIRECTION ( 'NONE',  ( -0.000000000000000000, -0.000000000000000000, -1.000000000000000000 ) ) ;
#2328 = CARTESIAN_POINT ( 'NONE',  ( 58.74999999999998579, 99.99999999999998579, 25.10000000000000142 ) ) ;
#2329 = VECTOR ( 'NONE', #1270, 1000.000000000000000 ) ;
#2330 = EDGE_CURVE ( 'NONE', #1787, #3303, #2612, .T. ) ;
#2331 = FACE_OUTER_BOUND ( 'NONE', #2306, .T. ) ;
#2332 = ORIENTED_EDGE ( 'NONE', *, *, #5416, .T. ) ;
#2333 = CARTESIAN_POINT ( 'NONE',  ( -9.250000000000017764, -9.999999999999998224, 43.48477631085023631 ) ) ;
#2334 = DIRECTION ( 'NONE',  ( 1.000000000000000000, -1.521687259628778569E-17, 0.000000000000000000 ) ) ;
#2335 = ORIENTED_EDGE ( 'NONE', *, *, #5516, .T. ) ;
#2336 = LINE ( 'NONE', #6271, #2434 ) ;
#2337 = CARTESIAN_POINT ( 'NONE',  ( -3.499999999999998224, 93.50000000000000000, 0.000000000000000000 ) ) ;
#2338 = ORIENTED_EDGE ( 'NONE', *, *, #5039, .T. ) ;
#2339 = ORIENTED_EDGE ( 'NONE', *, *, #5422, .T. ) ;
#2340 =( NAMED_UNIT ( * ) PLANE_ANGLE_UNIT ( ) SI_UNIT ( $, .RADIAN. ) );
#2341 = DIRECTION ( 'NONE',  ( 1.000000000000000000, 0.000000000000000000, 0.000000000000000000 ) ) ;
#2342 = LINE ( 'NONE', #1336, #4258 ) ;
#2343 = ORIENTED_EDGE ( 'NONE', *, *, #2005, .F. ) ;
#2344 = VECTOR ( 'NONE', #1951, 1000.000000000000000 ) ;
#2345 = DIRECTION ( 'NONE',  ( 1.000000000000000000, 2.312964634635743450E-16, 0.000000000000000000 ) ) ;
#2346 = CARTESIAN_POINT ( 'NONE',  ( -9.999999999999998224, 87.00000000000000000, -18.38477631085023489 ) ) ;
#2347 = ORIENTED_EDGE ( 'NONE', *, *, #4977, .T. ) ;
#2348 = VERTEX_POINT ( 'NONE', #1857 ) ;
#2349 = FACE_OUTER_BOUND ( 'NONE', #3347, .T. ) ;
#2350 = PLANE ( 'NONE',  #3949 ) ;
#2351 = CARTESIAN_POINT ( 'NONE',  ( 58.74999999999998579, 99.24999999999998579, 25.10000000000000142 ) ) ;
#2352 = LINE ( 'NONE', #1409, #5997 ) ;
#2353 = DIRECTION ( 'NONE',  ( 1.000000000000000000, 0.000000000000000000, 0.000000000000000000 ) ) ;
#2354 = ORIENTED_EDGE ( 'NONE', *, *, #5624, .T. ) ;
#2355 = ADVANCED_FACE ( 'NONE', ( #3287 ), #5755, .F. ) ;
#2356 = ORIENTED_EDGE ( 'NONE', *, *, #4197, .F. ) ;
#2357 = DIRECTION ( 'NONE',  ( 0.000000000000000000, 0.000000000000000000, -1.000000000000000000 ) ) ;
#2358 = AXIS2_PLACEMENT_3D ( 'NONE', #4987, #6093, #1642 ) ;
#2359 = DIRECTION ( 'NONE',  ( -1.084202172485503571E-16, 1.000000000000000000, 0.000000000000000000 ) ) ;
#2360 = EDGE_CURVE ( 'NONE', #1556, #1752, #1267, .T. ) ;
#2361 = VECTOR ( 'NONE', #103, 1000.000000000000000 ) ;
#2362 = DIRECTION ( 'NONE',  ( -0.000000000000000000, -0.000000000000000000, 1.000000000000000000 ) ) ;
#2363 = LINE ( 'NONE', #3893, #5128 ) ;
#2364 = EDGE_CURVE ( 'NONE', #3253, #3239, #1300, .T. ) ;
#2365 = LINE ( 'NONE', #1589, #1273 ) ;
#2366 = ORIENTED_EDGE ( 'NONE', *, *, #5190, .F. ) ;
#2367 = VECTOR ( 'NONE', #1306, 1000.000000000000000 ) ;
#2368 = LINE ( 'NONE', #6399, #471 ) ;
#2369 = ADVANCED_FACE ( 'NONE', ( #749, #879, #5271 ), #2828, .T. ) ;
#2370 = CARTESIAN_POINT ( 'NONE',  ( 2.999999999999981792, -9.249999999999998224, 43.48477631085023631 ) ) ;
#2371 = ORIENTED_EDGE ( 'NONE', *, *, #3053, .F. ) ;
#2372 = APPLICATION_PROTOCOL_DEFINITION ( 'international standard', 'config_control_design', 1994, #6320 ) ;
#2373 = CARTESIAN_POINT ( 'NONE',  ( 58.99999999999999289, 2.000000000000000000, 8.599999999999999645 ) ) ;
#2374 = EDGE_CURVE ( 'NONE', #5108, #1668, #6344, .T. ) ;
#2375 = DIRECTION ( 'NONE',  ( 0.000000000000000000, 0.000000000000000000, -1.000000000000000000 ) ) ;
#2376 = ORIENTED_EDGE ( 'NONE', *, *, #5416, .F. ) ;
#2377 = DIRECTION ( 'NONE',  ( 0.000000000000000000, -1.000000000000000000, 0.000000000000000000 ) ) ;
#2378 = CARTESIAN_POINT ( 'NONE',  ( 10.00000000000000000, 2.000000000000000000, 16.00000000000000000 ) ) ;
#2379 = ADVANCED_FACE ( 'NONE', ( #2795 ), #1887, .F. ) ;
#2380 = ORIENTED_EDGE ( 'NONE', *, *, #1531, .F. ) ;
#2381 = ORIENTED_EDGE ( 'NONE', *, *, #2172, .F. ) ;
#2382 = VECTOR ( 'NONE', #3508, 1000.000000000000000 ) ;
#2383 = FACE_OUTER_BOUND ( 'NONE', #4973, .T. ) ;
#2384 = PLANE ( 'NONE',  #3541 ) ;
#2385 = DIRECTION ( 'NONE',  ( 0.000000000000000000, -1.000000000000000000, 0.000000000000000000 ) ) ;
#2386 = CARTESIAN_POINT ( 'NONE',  ( 60.99999999999998579, 18.24999999999999289, 11.94999999999999751 ) ) ;
#2387 = ORIENTED_EDGE ( 'NONE', *, *, #4014, .T. ) ;
#2388 = AXIS2_PLACEMENT_3D ( 'NONE', #1373, #3368, #5342 ) ;
#2389 = VECTOR ( 'NONE', #3050, 1000.000000000000000 ) ;
#2390 = AXIS2_PLACEMENT_3D ( 'NONE', #2881, #2393, #2913 ) ;
#2391 = EDGE_LOOP ( 'NONE', ( #891, #3388, #1411, #3381, #5292, #245, #3035, #6125, #2735, #46, #105, #4980, #2478, #4279, #1179, #4556, #2550, #3275, #5711, #3627, #779, #1925, #567, #3615, #623, #6020, #619, #4151 ) ) ;
#2392 = CARTESIAN_POINT ( 'NONE',  ( 58.99999999999997158, 84.99999999999998579, 15.99999999999999645 ) ) ;
#2393 = DIRECTION ( 'NONE',  ( 0.8660254037844350439, 0.5000000000000064393, -0.000000000000000000 ) ) ;
#2394 = AXIS2_PLACEMENT_3D ( 'NONE', #119, #2058, #3167 ) ;
#2395 = VECTOR ( 'NONE', #1588, 1000.000000000000000 ) ;
#2396 = EDGE_CURVE ( 'NONE', #3746, #4761, #4813, .T. ) ;
#2397 = VECTOR ( 'NONE', #4385, 1000.000000000000000 ) ;
#2398 = CARTESIAN_POINT ( 'NONE',  ( 61.00521059585909001, 8.749999999999980460, -18.38477631085023489 ) ) ;
#2399 = CARTESIAN_POINT ( 'NONE',  ( 1.999999999999990452, 63.50000000000000000, 7.000000000000000000 ) ) ;
#2400 = CIRCLE ( 'NONE', #4071, 6.000000000000005329 ) ;
#2401 = CARTESIAN_POINT ( 'NONE',  ( -5.204170427930421283E-15, 33.50000000000000000, 2.000000000000006661 ) ) ;
#2402 = VERTEX_POINT ( 'NONE', #1365 ) ;
#2403 = CARTESIAN_POINT ( 'NONE',  ( 40.39999999999997726, 90.00000000000000000, 25.10000000000000853 ) ) ;
#2404 = EDGE_CURVE ( 'NONE', #1556, #1946, #2981, .T. ) ;
#2405 = CARTESIAN_POINT ( 'NONE',  ( 58.99999999999998579, 49.99999999999999289, 12.99999999999999645 ) ) ;
#2406 = EDGE_LOOP ( 'NONE', ( #1490, #3761, #902, #979 ) ) ;
#2407 = ORIENTED_EDGE ( 'NONE', *, *, #2718, .T. ) ;
#2408 = FACE_OUTER_BOUND ( 'NONE', #5229, .T. ) ;
#2409 = CARTESIAN_POINT ( 'NONE',  ( -9.250000000000017764, -9.999999999999998224, 0.7500000000000000000 ) ) ;
#2410 = VERTEX_POINT ( 'NONE', #2310 ) ;
#2411 = LINE ( 'NONE', #2441, #4834 ) ;
#2412 = DIRECTION ( 'NONE',  ( 0.000000000000000000, 0.000000000000000000, 1.000000000000000000 ) ) ;
#2413 = ORIENTED_EDGE ( 'NONE', *, *, #3207, .F. ) ;
#2414 = EDGE_CURVE ( 'NONE', #4499, #3364, #2196, .T. ) ;
#2415 = ORIENTED_EDGE ( 'NONE', *, *, #4590, .F. ) ;
#2416 = CARTESIAN_POINT ( 'NONE',  ( 4.000000000000000000, 63.50000000000000000, 7.000000000000000000 ) ) ;
#2417 = LINE ( 'NONE', #335, #1512 ) ;
#2418 = VECTOR ( 'NONE', #1617, 1000.000000000000000 ) ;
#2419 = CARTESIAN_POINT ( 'NONE',  ( -8.753887449625612049, -3.500000000000000444, 6.000000000000000000 ) ) ;
#2420 = CARTESIAN_POINT ( 'NONE',  ( -6.126943724812782932, 88.95000000000001705, 6.000000000000000000 ) ) ;
#2421 = EDGE_LOOP ( 'NONE', ( #3709, #107, #3848, #2739 ) ) ;
#2422 = AXIS2_PLACEMENT_3D ( 'NONE', #4901, #4448, #4324 ) ;
#2423 = AXIS2_PLACEMENT_3D ( 'NONE', #5653, #1260, #5194 ) ;
#2424 = EDGE_LOOP ( 'NONE', ( #1926, #4076, #3248, #3289 ) ) ;
#2425 = LINE ( 'NONE', #349, #3973 ) ;
#2426 = PLANE ( 'NONE',  #2390 ) ;
#2427 = FACE_BOUND ( 'NONE', #4554, .T. ) ;
#2428 = DIRECTION ( 'NONE',  ( -0.000000000000000000, -0.000000000000000000, -1.000000000000000000 ) ) ;
#2429 = DIRECTION ( 'NONE',  ( -1.000000000000000000, -0.000000000000000000, -1.957931771489248420E-16 ) ) ;
#2430 = ORIENTED_EDGE ( 'NONE', *, *, #4106, .T. ) ;
#2431 = CARTESIAN_POINT ( 'NONE',  ( 2.999999991999983795, 2.000000000000000888, 25.10000000000000142 ) ) ;
#2432 = EDGE_CURVE ( 'NONE', #3676, #1539, #3356, .T. ) ;
#2433 = DIRECTION ( 'NONE',  ( 1.000000000000000000, 2.312964634635743450E-16, -0.000000000000000000 ) ) ;
#2434 = VECTOR ( 'NONE', #2790, 1000.000000000000114 ) ;
#2435 = ORIENTED_EDGE ( 'NONE', *, *, #254, .F. ) ;
#2436 = ORIENTED_EDGE ( 'NONE', *, *, #1291, .T. ) ;
#2437 = DIRECTION ( 'NONE',  ( -1.000000000000000000, -0.000000000000000000, -0.000000000000000000 ) ) ;
#2438 = CARTESIAN_POINT ( 'NONE',  ( 58.99999999999998579, 32.00000000000000000, 2.000000000000000000 ) ) ;
#2439 = EDGE_CURVE ( 'NONE', #3496, #3942, #1755, .T. ) ;
#2440 = VERTEX_POINT ( 'NONE', #4744 ) ;
#2441 = CARTESIAN_POINT ( 'NONE',  ( 1.999999999999999556, 65.00000000000000000, 7.000000000000000000 ) ) ;
#2442 = CARTESIAN_POINT ( 'NONE',  ( 56.99999999999997868, 65.00000000000000000, 7.000000000000000000 ) ) ;
#2443 = ORIENTED_EDGE ( 'NONE', *, *, #3435, .F. ) ;
#2444 = EDGE_CURVE ( 'NONE', #5952, #468, #2278, .T. ) ;
#2445 = ORIENTED_EDGE ( 'NONE', *, *, #4463, .F. ) ;
#2446 = DIRECTION ( 'NONE',  ( 0.000000000000000000, 0.000000000000000000, 1.000000000000000000 ) ) ;
#2447 = VECTOR ( 'NONE', #2515, 1000.000000000000000 ) ;
#2448 = CARTESIAN_POINT ( 'NONE',  ( 58.99999999999997868, 49.99999999999999289, 1.999999999999995781 ) ) ;
#2449 = EDGE_CURVE ( 'NONE', #951, #2901, #3481, .T. ) ;
#2450 = LINE ( 'NONE', #3855, #5169 ) ;
#2451 = DIRECTION ( 'NONE',  ( 0.000000000000000000, 1.000000000000000000, 2.775557561562891844E-16 ) ) ;
#2452 = VERTEX_POINT ( 'NONE', #428 ) ;
#2453 = EDGE_CURVE ( 'NONE', #5062, #2235, #5429, .T. ) ;
#2454 = CARTESIAN_POINT ( 'NONE',  ( -6.126943724812813130, 1.050000000000001377, 0.000000000000000000 ) ) ;
#2455 = EDGE_CURVE ( 'NONE', #5014, #6278, #2963, .T. ) ;
#2456 = CARTESIAN_POINT ( 'NONE',  ( -5.165621017353156624E-15, 33.49999999999997158, 16.00000000000001066 ) ) ;
#2457 = CARTESIAN_POINT ( 'NONE',  ( 1.999999999999987121, 84.99999999999997158, 16.00000000000000000 ) ) ;
#2458 = DIRECTION ( 'NONE',  ( 1.000000000000000000, 0.000000000000000000, 0.000000000000000000 ) ) ;
#2459 = AXIS2_PLACEMENT_3D ( 'NONE', #2621, #5118, #672 ) ;
#2460 = CARTESIAN_POINT ( 'NONE',  ( 70.99999999999998579, 87.75000000000000000, 25.10000000000000142 ) ) ;
#2461 = CARTESIAN_POINT ( 'NONE',  ( 2.999999999999981792, -9.249999999999998224, 25.10000000000000142 ) ) ;
#2462 = EDGE_LOOP ( 'NONE', ( #4412, #6246, #2994, #2094 ) ) ;
#2463 = CARTESIAN_POINT ( 'NONE',  ( 1.999999999999999556, 65.00000000000000000, 7.000000000000000000 ) ) ;
#2464 = VECTOR ( 'NONE', #344, 1000.000000000000000 ) ;
#2465 = AXIS2_PLACEMENT_3D ( 'NONE', #855, #1242, #821 ) ;
#2466 = CARTESIAN_POINT ( 'NONE',  ( -1.527864045000423943, 5.000000000000000000, 16.00000000000001066 ) ) ;
#2467 = ORIENTED_EDGE ( 'NONE', *, *, #4318, .T. ) ;
#2468 = DIRECTION ( 'NONE',  ( 1.000000000000000000, -0.000000000000000000, 0.000000000000000000 ) ) ;
#2469 = EDGE_LOOP ( 'NONE', ( #1059, #394, #5789, #777 ) ) ;
#2470 = LINE ( 'NONE', #4426, #5810 ) ;
#2471 = AXIS2_PLACEMENT_3D ( 'NONE', #2975, #2385, #3914 ) ;
#2472 = CARTESIAN_POINT ( 'NONE',  ( 58.99999999999998579, 63.50000000000000000, 7.000000000000000000 ) ) ;
#2473 = ORIENTED_EDGE ( 'NONE', *, *, #1317, .F. ) ;
#2474 = ADVANCED_FACE ( 'NONE', ( #2408 ), #4971, .F. ) ;
#2475 = DIRECTION ( 'NONE',  ( 0.000000000000000000, 1.000000000000000000, 8.673617379884034239E-17 ) ) ;
#2476 = EDGE_CURVE ( 'NONE', #3680, #5014, #5396, .T. ) ;
#2477 = DIRECTION ( 'NONE',  ( -0.000000000000000000, -0.000000000000000000, 1.000000000000000000 ) ) ;
#2478 = ORIENTED_EDGE ( 'NONE', *, *, #5070, .T. ) ;
#2479 = ORIENTED_EDGE ( 'NONE', *, *, #4956, .F. ) ;
#2480 = DIRECTION ( 'NONE',  ( -1.000000000000000000, -1.541976423090495633E-16, 0.000000000000000000 ) ) ;
#2481 = DIRECTION ( 'NONE',  ( 0.000000000000000000, 0.000000000000000000, -1.000000000000000000 ) ) ;
#2482 = VERTEX_POINT ( 'NONE', #6373 ) ;
#2483 = EDGE_CURVE ( 'NONE', #5038, #734, #40, .T. ) ;
#2484 = CARTESIAN_POINT ( 'NONE',  ( 1.999999999999999112, 5.000000000000000000, 2.000000000000010214 ) ) ;
#2485 = CARTESIAN_POINT ( 'NONE',  ( 60.99999999999998579, 80.99999999999998579, 25.10000000000000142 ) ) ;
#2486 = VERTEX_POINT ( 'NONE', #2539 ) ;
#2487 = EDGE_CURVE ( 'NONE', #487, #1457, #1460, .T. ) ;
#2488 = DIRECTION ( 'NONE',  ( 0.000000000000000000, 1.000000000000000000, 0.000000000000000000 ) ) ;
#2489 = CARTESIAN_POINT ( 'NONE',  ( 58.99999999999998579, 18.24999999999998934, 8.249999999999996447 ) ) ;
#2490 = CIRCLE ( 'NONE', #12, 5.999999999999998224 ) ;
#2491 = EDGE_CURVE ( 'NONE', #6007, #1428, #5914, .T. ) ;
#2492 = CARTESIAN_POINT ( 'NONE',  ( 58.99999999999998579, 63.50000000000000000, 2.000000000000000000 ) ) ;
#2493 = CARTESIAN_POINT ( 'NONE',  ( -10.00000000000001599, 2.250000000000000444, 43.48477631085023631 ) ) ;
#2494 = VECTOR ( 'NONE', #4180, 1000.000000000000000 ) ;
#2495 = VECTOR ( 'NONE', #3626, 1000.000000000000000 ) ;
#2496 = CARTESIAN_POINT ( 'NONE',  ( 1.999999999999999556, 33.50000000000000000, 7.000000000000000000 ) ) ;
#2497 = VECTOR ( 'NONE', #3501, 1000.000000000000000 ) ;
#2498 = PLANE ( 'NONE',  #1181 ) ;
#2499 = ORIENTED_EDGE ( 'NONE', *, *, #3284, .F. ) ;
#2500 = CARTESIAN_POINT ( 'NONE',  ( 69.75388744962559429, -3.499999999999999556, 6.000000000000000000 ) ) ;
#2501 = AXIS2_PLACEMENT_3D ( 'NONE', #2862, #395, #299 ) ;
#2502 = CARTESIAN_POINT ( 'NONE',  ( 64.49999999999997158, 93.49999999999998579, 25.10000000000000142 ) ) ;
#2503 = ORIENTED_EDGE ( 'NONE', *, *, #3962, .T. ) ;
#2504 = CARTESIAN_POINT ( 'NONE',  ( 9.000000000000000000, 90.00000000000000000, 2.000000000000000000 ) ) ;
#2505 = ORIENTED_EDGE ( 'NONE', *, *, #80, .T. ) ;
#2506 = DIRECTION ( 'NONE',  ( 1.000000000000000000, 0.000000000000000000, 0.000000000000000000 ) ) ;
#2507 = DIRECTION ( 'NONE',  ( 1.000000000000000000, -0.000000000000000000, -0.000000000000000000 ) ) ;
#2508 = EDGE_LOOP ( 'NONE', ( #3034, #2837, #3760, #4827 ) ) ;
#2509 = DIRECTION ( 'NONE',  ( 0.000000000000000000, -1.000000000000000000, 1.284980352575413685E-16 ) ) ;
#2510 = CARTESIAN_POINT ( 'NONE',  ( 2.250000000000000000, 99.99999999999998579, 25.10000000000000142 ) ) ;
#2511 = ORIENTED_EDGE ( 'NONE', *, *, #2079, .F. ) ;
#2512 = VERTEX_POINT ( 'NONE', #2930 ) ;
#2513 = ORIENTED_EDGE ( 'NONE', *, *, #6332, .T. ) ;
#2514 = CARTESIAN_POINT ( 'NONE',  ( 18.25000000000000355, 88.00000000000000000, 25.10000000000000142 ) ) ;
#2515 = DIRECTION ( 'NONE',  ( -6.672013369141566696E-17, -1.000000000000000000, 0.000000000000000000 ) ) ;
#2516 = ORIENTED_EDGE ( 'NONE', *, *, #2927, .F. ) ;
#2517 = DIRECTION ( 'NONE',  ( 0.000000000000000000, 0.000000000000000000, 1.000000000000000000 ) ) ;
#2518 = LINE ( 'NONE', #4505, #6416 ) ;
#2519 = ORIENTED_EDGE ( 'NONE', *, *, #6314, .F. ) ;
#2520 = VECTOR ( 'NONE', #1384, 1000.000000000000227 ) ;
#2521 = DIRECTION ( 'NONE',  ( 0.000000000000000000, 0.000000000000000000, 1.000000000000000000 ) ) ;
#2522 = SPHERICAL_SURFACE ( 'NONE', #4472, 0.7500000000000000000 ) ;
#2523 = EDGE_CURVE ( 'NONE', #3279, #599, #3902, .T. ) ;
#2524 = AXIS2_PLACEMENT_3D ( 'NONE', #109, #5977, #1599 ) ;
#2525 = VECTOR ( 'NONE', #5225, 1000.000000000000000 ) ;
#2526 = FACE_OUTER_BOUND ( 'NONE', #2207, .T. ) ;
#2527 = FACE_OUTER_BOUND ( 'NONE', #3752, .T. ) ;
#2528 = AXIS2_PLACEMENT_3D ( 'NONE', #6165, #3149, #5705 ) ;
#2529 = CARTESIAN_POINT ( 'NONE',  ( 66.79999999999996874, 93.49999999999998579, 0.000000000000000000 ) ) ;
#2530 = DIRECTION ( 'NONE',  ( -1.000000000000000000, -3.469446951953613400E-15, -0.000000000000000000 ) ) ;
#2531 = VERTEX_POINT ( 'NONE', #3386 ) ;
#2532 = ADVANCED_FACE ( 'NONE', ( #5461 ), #4908, .F. ) ;
#2533 = CARTESIAN_POINT ( 'NONE',  ( 60.99999999999998579, 80.99999999999998579, 2.000000000000000000 ) ) ;
#2534 = DIRECTION ( 'NONE',  ( -0.000000000000000000, -0.000000000000000000, 1.000000000000000000 ) ) ;
#2535 = VERTEX_POINT ( 'NONE', #1429 ) ;
#2536 = ADVANCED_FACE ( 'NONE', ( #911 ), #72, .F. ) ;
#2537 = DIRECTION ( 'NONE',  ( -0.000000000000000000, -0.000000000000000000, -1.000000000000000000 ) ) ;
#2538 = ORIENTED_EDGE ( 'NONE', *, *, #1718, .T. ) ;
#2539 = CARTESIAN_POINT ( 'NONE',  ( 58.99999999999999289, 32.00000000000000000, 2.000000000000000000 ) ) ;
#2540 = FACE_OUTER_BOUND ( 'NONE', #2793, .T. ) ;
#2541 = ORIENTED_EDGE ( 'NONE', *, *, #2877, .T. ) ;
#2542 = PLANE ( 'NONE',  #2850 ) ;
#2543 = CARTESIAN_POINT ( 'NONE',  ( 56.99999999999997868, 88.00000000000000000, 8.500000000000000000 ) ) ;
#2544 = VECTOR ( 'NONE', #2305, 1000.000000000000000 ) ;
#2545 = ORIENTED_EDGE ( 'NONE', *, *, #778, .T. ) ;
#2546 = VERTEX_POINT ( 'NONE', #2896 ) ;
#2547 = ORIENTED_EDGE ( 'NONE', *, *, #233, .F. ) ;
#2548 = LINE ( 'NONE', #4462, #1671 ) ;
#2549 = LINE ( 'NONE', #155, #5299 ) ;
#2550 = ORIENTED_EDGE ( 'NONE', *, *, #6409, .T. ) ;
#2551 = CARTESIAN_POINT ( 'NONE',  ( 4.250000000000000000, 92.33428042534620772, 8.499999999999996447 ) ) ;
#2552 = CARTESIAN_POINT ( 'NONE',  ( 60.99999999999997158, 65.00000000000000000, 4.999999999999997335 ) ) ;
#2553 = ORIENTED_EDGE ( 'NONE', *, *, #3706, .F. ) ;
#2554 = CARTESIAN_POINT ( 'NONE',  ( 70.24999999999998579, 99.99999999999997158, 43.48477631085023631 ) ) ;
#2555 = PLANE ( 'NONE',  #3124 ) ;
#2556 = VECTOR ( 'NONE', #4236, 1000.000000000000000 ) ;
#2557 = EDGE_CURVE ( 'NONE', #1522, #3165, #5877, .T. ) ;
#2558 = EDGE_CURVE ( 'NONE', #2609, #419, #4937, .T. ) ;
#2559 = EDGE_CURVE ( 'NONE', #455, #2858, #1982, .T. ) ;
#2560 = CARTESIAN_POINT ( 'NONE',  ( 56.99999999999997868, 92.68337520964459486, 2.000000000000000000 ) ) ;
#2561 = CARTESIAN_POINT ( 'NONE',  ( 43.99999999999998579, 2.000000000000000444, 7.000000000000000000 ) ) ;
#2562 = DIRECTION ( 'NONE',  ( 0.4999999999999950040, 0.8660254037844415942, 0.000000000000000000 ) ) ;
#2563 = DIRECTION ( 'NONE',  ( -0.000000000000000000, 1.000000000000000000, -0.000000000000000000 ) ) ;
#2564 = ORIENTED_EDGE ( 'NONE', *, *, #5814, .T. ) ;
#2565 = EDGE_CURVE ( 'NONE', #3270, #5944, #2470, .T. ) ;
#2566 = DIRECTION ( 'NONE',  ( 0.000000000000000000, -1.000000000000000000, 0.000000000000000000 ) ) ;
#2567 = AXIS2_PLACEMENT_3D ( 'NONE', #330, #4812, #1334 ) ;
#2568 = DIRECTION ( 'NONE',  ( -1.000000000000000000, 0.000000000000000000, 0.000000000000000000 ) ) ;
#2569 = ADVANCED_FACE ( 'NONE', ( #5945 ), #2014, .F. ) ;
#2570 = EDGE_LOOP ( 'NONE', ( #2511, #4240 ) ) ;
#2571 = DIRECTION ( 'NONE',  ( -3.469446951953613696E-16, 1.000000000000000000, 8.673617379884034239E-17 ) ) ;
#2572 = ORIENTED_EDGE ( 'NONE', *, *, #1149, .T. ) ;
#2573 = DIRECTION ( 'NONE',  ( -0.000000000000000000, -0.000000000000000000, -1.000000000000000000 ) ) ;
#2574 = CARTESIAN_POINT ( 'NONE',  ( -9.249999999999998224, 0.000000000000000000, -0.000000000000000000 ) ) ;
#2575 = ORIENTED_EDGE ( 'NONE', *, *, #5833, .F. ) ;
#2576 = AXIS2_PLACEMENT_3D ( 'NONE', #5803, #1910, #5291 ) ;
#2577 = LINE ( 'NONE', #3971, #3598 ) ;
#2578 = ADVANCED_FACE ( 'NONE', ( #108 ), #4557, .F. ) ;
#2579 = CARTESIAN_POINT ( 'NONE',  ( 67.12694372481279004, 1.050000000000004485, 6.000000000000000000 ) ) ;
#2580 = ORIENTED_EDGE ( 'NONE', *, *, #3316, .T. ) ;
#2581 = ORIENTED_EDGE ( 'NONE', *, *, #2005, .T. ) ;
#2582 = EDGE_CURVE ( 'NONE', #755, #2603, #5529, .T. ) ;
#2583 = ORIENTED_EDGE ( 'NONE', *, *, #5337, .T. ) ;
#2584 = VECTOR ( 'NONE', #1082, 1000.000000000000000 ) ;
#2585 = LINE ( 'NONE', #1204, #5094 ) ;
#2586 = CARTESIAN_POINT ( 'NONE',  ( 58.99999999999997158, 84.99999999999998579, 2.000000000000000000 ) ) ;
#2587 = VERTEX_POINT ( 'NONE', #1077 ) ;
#2588 = CARTESIAN_POINT ( 'NONE',  ( 71.00000000000000000, 2.250000000000000444, -18.38477631085023489 ) ) ;
#2589 = CIRCLE ( 'NONE', #918, 0.7500000000000006661 ) ;
#2590 = LINE ( 'NONE', #5577, #5165 ) ;
#2591 = ORIENTED_EDGE ( 'NONE', *, *, #4276, .F. ) ;
#2592 = DIRECTION ( 'NONE',  ( 0.5000000000000002220, 0.8660254037844384856, 0.000000000000000000 ) ) ;
#2593 = CARTESIAN_POINT ( 'NONE',  ( 60.99999999999997158, 80.99999999999998579, 1.999999999999999556 ) ) ;
#2594 = ORIENTED_EDGE ( 'NONE', *, *, #4932, .T. ) ;
#2595 = DIRECTION ( 'NONE',  ( 1.843143693225358031E-16, -1.000000000000000000, -0.000000000000000000 ) ) ;
#2596 = DIRECTION ( 'NONE',  ( 0.000000000000000000, -0.000000000000000000, -1.000000000000000000 ) ) ;
#2597 = CARTESIAN_POINT ( 'NONE',  ( 66.79999999999999716, -3.500000000000000000, 25.10000000000000142 ) ) ;
#2598 = DIRECTION ( 'NONE',  ( -1.541976423090495633E-16, 1.000000000000000000, 0.000000000000000000 ) ) ;
#2599 = DIRECTION ( 'NONE',  ( 0.000000000000000000, 0.000000000000000000, 1.000000000000000000 ) ) ;
#2600 = AXIS2_PLACEMENT_3D ( 'NONE', #5985, #2024, #5887 ) ;
#2601 = CARTESIAN_POINT ( 'NONE',  ( 60.99999999999997868, 63.49999999999998579, 16.00000000000000000 ) ) ;
#2602 = CIRCLE ( 'NONE', #3432, 6.000000000000000000 ) ;
#2603 = VERTEX_POINT ( 'NONE', #6012 ) ;
#2604 = VECTOR ( 'NONE', #366, 1000.000000000000000 ) ;
#2605 = LINE ( 'NONE', #6008, #453 ) ;
#2606 = VECTOR ( 'NONE', #3472, 1000.000000000000000 ) ;
#2607 = ORIENTED_EDGE ( 'NONE', *, *, #2444, .F. ) ;
#2608 = LINE ( 'NONE', #1042, #5018 ) ;
#2609 = VERTEX_POINT ( 'NONE', #1561 ) ;
#2610 = CARTESIAN_POINT ( 'NONE',  ( 2.999999999999982681, 3.000000000000000000, 25.10000000000000142 ) ) ;
#2611 = EDGE_CURVE ( 'NONE', #5472, #3559, #1182, .T. ) ;
#2612 = CIRCLE ( 'NONE', #2501, 2.300000000000000711 ) ;
#2613 = DIRECTION ( 'NONE',  ( 1.000000000000000000, 0.000000000000000000, 0.000000000000000000 ) ) ;
#2614 = ORIENTED_EDGE ( 'NONE', *, *, #3687, .T. ) ;
#2615 = VECTOR ( 'NONE', #2664, 1000.000000000000000 ) ;
#2616 = ORIENTED_EDGE ( 'NONE', *, *, #451, .F. ) ;
#2617 = EDGE_LOOP ( 'NONE', ( #2798, #4506, #3341, #6026 ) ) ;
#2618 = DIRECTION ( 'NONE',  ( 1.000000000000000000, -1.521687259628778569E-17, 0.000000000000000000 ) ) ;
#2619 = CARTESIAN_POINT ( 'NONE',  ( 4.250000000000000000, 92.33428042534620772, -18.38477631085023489 ) ) ;
#2620 = ORIENTED_EDGE ( 'NONE', *, *, #5449, .F. ) ;
#2621 = CARTESIAN_POINT ( 'NONE',  ( 58.99999999999998579, 37.99999999999999289, 11.95000000000000462 ) ) ;
#2622 = EDGE_CURVE ( 'NONE', #1752, #917, #3950, .T. ) ;
#2623 = CARTESIAN_POINT ( 'NONE',  ( 70.99999999999998579, 87.31066017177980143, 0.3106601717798218032 ) ) ;
#2624 = ORIENTED_EDGE ( 'NONE', *, *, #3799, .F. ) ;
#2625 = DIRECTION ( 'NONE',  ( 1.541976423090495633E-16, -1.000000000000000000, 1.246832498358330346E-16 ) ) ;
#2626 = DIRECTION ( 'NONE',  ( -0.000000000000000000, -0.000000000000000000, -1.000000000000000000 ) ) ;
#2627 = VERTEX_POINT ( 'NONE', #4664 ) ;
#2628 = VECTOR ( 'NONE', #4087, 1000.000000000000000 ) ;
#2629 = DIRECTION ( 'NONE',  ( -5.731934358295343185E-32, 2.478176394252580648E-16, -1.000000000000000000 ) ) ;
#2630 = DIRECTION ( 'NONE',  ( 0.000000000000000000, 0.000000000000000000, -1.000000000000000000 ) ) ;
#2631 = DIRECTION ( 'NONE',  ( 0.000000000000000000, 0.000000000000000000, -1.000000000000000000 ) ) ;
#2632 = DIRECTION ( 'NONE',  ( 1.783268467025218981E-32, -1.156482317317871725E-16, -1.000000000000000000 ) ) ;
#2633 = CARTESIAN_POINT ( 'NONE',  ( 58.99999999999998579, 37.99999999999999289, 8.250000000000000000 ) ) ;
#2634 = VECTOR ( 'NONE', #3380, 1000.000000000000000 ) ;
#2635 = DIRECTION ( 'NONE',  ( 1.000000000000000000, 0.000000000000000000, 0.000000000000000000 ) ) ;
#2636 = ORIENTED_EDGE ( 'NONE', *, *, #3375, .T. ) ;
#2637 = LINE ( 'NONE', #5973, #5067 ) ;
#2638 = VECTOR ( 'NONE', #2428, 1000.000000000000000 ) ;
#2639 = DIRECTION ( 'NONE',  ( 0.000000000000000000, -0.000000000000000000, 1.000000000000000000 ) ) ;
#2640 = ORIENTED_EDGE ( 'NONE', *, *, #5385, .T. ) ;
#2641 = CARTESIAN_POINT ( 'NONE',  ( -3.500000000000017764, -3.499999999999999112, 0.000000000000000000 ) ) ;
#2642 = EDGE_CURVE ( 'NONE', #5363, #1760, #421, .T. ) ;
#2643 = DIRECTION ( 'NONE',  ( 5.135813185032630401E-31, -2.312964634635743450E-15, -1.000000000000000000 ) ) ;
#2644 = ORIENTED_EDGE ( 'NONE', *, *, #2565, .F. ) ;
#2645 = ORIENTED_EDGE ( 'NONE', *, *, #4954, .F. ) ;
#2646 = ORIENTED_EDGE ( 'NONE', *, *, #3890, .F. ) ;
#2647 = EDGE_CURVE ( 'NONE', #78, #4404, #6024, .T. ) ;
#2648 = DIRECTION ( 'NONE',  ( 0.000000000000000000, 1.000000000000000000, 0.000000000000000000 ) ) ;
#2649 = DIRECTION ( 'NONE',  ( -1.000000000000000000, 0.000000000000000000, 0.000000000000000000 ) ) ;
#2650 = ORIENTED_EDGE ( 'NONE', *, *, #224, .F. ) ;
#2651 = DIRECTION ( 'NONE',  ( 3.469446951953613696E-16, -1.000000000000000000, -0.000000000000000000 ) ) ;
#2652 = EDGE_CURVE ( 'NONE', #239, #3557, #2549, .T. ) ;
#2653 = CARTESIAN_POINT ( 'NONE',  ( 18.25000000000000355, 88.00000000000000000, 8.499999999999998224 ) ) ;
#2654 = ORIENTED_EDGE ( 'NONE', *, *, #4570, .T. ) ;
#2655 = EDGE_CURVE ( 'NONE', #6002, #1528, #730, .T. ) ;
#2656 = CARTESIAN_POINT ( 'NONE',  ( 56.99999999999997868, 88.00000000000000000, 8.500000000000000000 ) ) ;
#2657 = LINE ( 'NONE', #4245, #218 ) ;
#2658 = EDGE_CURVE ( 'NONE', #3003, #755, #693, .T. ) ;
#2659 = ORIENTED_EDGE ( 'NONE', *, *, #5110, .T. ) ;
#2660 = CARTESIAN_POINT ( 'NONE',  ( -6.000000000000015987, 80.99999999999998579, 1.999999999999998224 ) ) ;
#2661 = ADVANCED_FACE ( 'NONE', ( #5574 ), #4175, .F. ) ;
#2662 = VECTOR ( 'NONE', #785, 1000.000000000000000 ) ;
#2663 = CARTESIAN_POINT ( 'NONE',  ( 1.753887449625599837, 93.50000000000004263, 6.000000000000000000 ) ) ;
#2664 = DIRECTION ( 'NONE',  ( -0.000000000000000000, -0.000000000000000000, 1.000000000000000000 ) ) ;
#2665 = ORIENTED_EDGE ( 'NONE', *, *, #5345, .F. ) ;
#2666 = CARTESIAN_POINT ( 'NONE',  ( -9.999999999999998224, 99.24999999999998579, -18.38477631085023489 ) ) ;
#2667 = DIRECTION ( 'NONE',  ( -0.000000000000000000, -1.000000000000000000, -0.000000000000000000 ) ) ;
#2668 = ORIENTED_EDGE ( 'NONE', *, *, #2723, .T. ) ;
#2669 = CARTESIAN_POINT ( 'NONE',  ( 58.99999999999997868, 49.99999999999999289, 12.99999999999999645 ) ) ;
#2670 = DIRECTION ( 'NONE',  ( -0.000000000000000000, 0.000000000000000000, -1.000000000000000000 ) ) ;
#2671 = ORIENTED_EDGE ( 'NONE', *, *, #5226, .F. ) ;
#2672 = ORIENTED_EDGE ( 'NONE', *, *, #5249, .T. ) ;
#2673 = VERTEX_POINT ( 'NONE', #4147 ) ;
#2674 = DIRECTION ( 'NONE',  ( 0.000000000000000000, 0.000000000000000000, -1.000000000000000000 ) ) ;
#2675 = ADVANCED_FACE ( 'NONE', ( #4607 ), #2129, .F. ) ;
#2676 = DIRECTION ( 'NONE',  ( -0.000000000000000000, 0.000000000000000000, 1.000000000000000000 ) ) ;
#2677 = ORIENTED_EDGE ( 'NONE', *, *, #3716, .T. ) ;
#2678 = ADVANCED_FACE ( 'NONE', ( #4568, #5542, #1672 ), #1054, .F. ) ;
#2679 = CARTESIAN_POINT ( 'NONE',  ( -5.800000000000018474, -3.499999999999998668, 25.10000000000000142 ) ) ;
#2680 = CARTESIAN_POINT ( 'NONE',  ( -3.500000000000017764, -3.499999999999999112, 6.000000000000000000 ) ) ;
#2681 = ORIENTED_EDGE ( 'NONE', *, *, #4314, .F. ) ;
#2682 = AXIS2_PLACEMENT_3D ( 'NONE', #5991, #3813, #273 ) ;
#2683 = VECTOR ( 'NONE', #5314, 1000.000000000000000 ) ;
#2684 = CARTESIAN_POINT ( 'NONE',  ( 22.15000000000000213, 90.00000000000000000, 25.10000000000000497 ) ) ;
#2685 = EDGE_CURVE ( 'NONE', #6317, #2048, #6060, .T. ) ;
#2686 = VECTOR ( 'NONE', #596, 1000.000000000000000 ) ;
#2687 = CARTESIAN_POINT ( 'NONE',  ( 57.99999999999997868, 99.99999999999998579, 0.7500000000000006661 ) ) ;
#2688 = EDGE_CURVE ( 'NONE', #2928, #345, #1609, .T. ) ;
#2689 = VERTEX_POINT ( 'NONE', #2189 ) ;
#2690 = DIRECTION ( 'NONE',  ( -6.419766481290789096E-32, 2.775557561562891844E-16, -1.000000000000000000 ) ) ;
#2691 = CARTESIAN_POINT ( 'NONE',  ( -1.492946391512539921E-14, 80.99999999999998579, 2.000000000000000000 ) ) ;
#2692 = EDGE_CURVE ( 'NONE', #1946, #5371, #3072, .T. ) ;
#2693 = ADVANCED_FACE ( 'NONE', ( #5019 ), #2099, .T. ) ;
#2694 = DIRECTION ( 'NONE',  ( 0.000000000000000000, 0.000000000000000000, -1.000000000000000000 ) ) ;
#2695 = VECTOR ( 'NONE', #67, 1000.000000000000000 ) ;
#2696 = VERTEX_POINT ( 'NONE', #5052 ) ;
#2697 = DIRECTION ( 'NONE',  ( -0.000000000000000000, -0.000000000000000000, -1.000000000000000000 ) ) ;
#2698 = CARTESIAN_POINT ( 'NONE',  ( 1.999999999999990008, 64.99999999999997158, 16.00000000000000711 ) ) ;
#2699 = ORIENTED_EDGE ( 'NONE', *, *, #1775, .F. ) ;
#2700 = PLANE ( 'NONE',  #2230 ) ;
#2701 = CIRCLE ( 'NONE', #3648, 0.7500000000000006661 ) ;
#2702 = VERTEX_POINT ( 'NONE', #2586 ) ;
#2703 = ORIENTED_EDGE ( 'NONE', *, *, #4749, .T. ) ;
#2704 = DIRECTION ( 'NONE',  ( 1.000000000000000000, 0.000000000000000000, 1.779203565104417868E-16 ) ) ;
#2705 = CARTESIAN_POINT ( 'NONE',  ( 2.999999999999982236, -6.000000000000000888, 25.10000000000000142 ) ) ;
#2706 = ORIENTED_EDGE ( 'NONE', *, *, #6307, .T. ) ;
#2707 = VECTOR ( 'NONE', #212, 1000.000000000000000 ) ;
#2708 = VECTOR ( 'NONE', #5316, 1000.000000000000000 ) ;
#2709 = CARTESIAN_POINT ( 'NONE',  ( -5.799999999999994493, 93.50000000000000000, 0.000000000000000000 ) ) ;
#2710 = CARTESIAN_POINT ( 'NONE',  ( 10.00000000000000000, 0.000000000000000000, 20.00000000000000000 ) ) ;
#2711 = ORIENTED_EDGE ( 'NONE', *, *, #2733, .T. ) ;
#2712 = CARTESIAN_POINT ( 'NONE',  ( 60.99999999999997868, 49.99999999999999289, 15.99999999999999645 ) ) ;
#2713 = AXIS2_PLACEMENT_3D ( 'NONE', #4809, #3383, #2924 ) ;
#2714 = CARTESIAN_POINT ( 'NONE',  ( 22.50000000000000000, 0.000000000000000000, 2.499999999999998668 ) ) ;
#2715 = ORIENTED_EDGE ( 'NONE', *, *, #2733, .F. ) ;
#2716 = ORIENTED_EDGE ( 'NONE', *, *, #3238, .T. ) ;
#2717 = DIRECTION ( 'NONE',  ( 1.000000000000000000, 0.000000000000000000, 0.000000000000000000 ) ) ;
#2718 = EDGE_CURVE ( 'NONE', #2482, #3261, #3122, .T. ) ;
#2719 = LINE ( 'NONE', #286, #2220 ) ;
#2720 = CARTESIAN_POINT ( 'NONE',  ( -1.310679959626920933E-14, 84.99999999999997158, 5.000000000000000000 ) ) ;
#2721 = ORIENTED_EDGE ( 'NONE', *, *, #1367, .F. ) ;
#2722 = DIRECTION ( 'NONE',  ( -0.000000000000000000, -0.000000000000000000, -1.000000000000000000 ) ) ;
#2723 = EDGE_CURVE ( 'NONE', #110, #2052, #6091, .T. ) ;
#2724 = FACE_OUTER_BOUND ( 'NONE', #6270, .T. ) ;
#2725 = ORIENTED_EDGE ( 'NONE', *, *, #770, .T. ) ;
#2726 = DIRECTION ( 'NONE',  ( 1.541976423090495633E-16, -1.000000000000000000, 1.284980352575413932E-16 ) ) ;
#2727 = VECTOR ( 'NONE', #5625, 1000.000000000000000 ) ;
#2728 = EDGE_CURVE ( 'NONE', #522, #5303, #4635, .T. ) ;
#2729 = ORIENTED_EDGE ( 'NONE', *, *, #1317, .T. ) ;
#2730 = EDGE_LOOP ( 'NONE', ( #5044, #3222, #398, #3886 ) ) ;
#2731 = CARTESIAN_POINT ( 'NONE',  ( 9.000000000000000000, 96.00000000000000000, -18.38477631085023489 ) ) ;
#2732 = VECTOR ( 'NONE', #5677, 1000.000000000000000 ) ;
#2733 = EDGE_CURVE ( 'NONE', #2410, #4006, #2796, .T. ) ;
#2734 = PLANE ( 'NONE',  #4774 ) ;
#2735 = ORIENTED_EDGE ( 'NONE', *, *, #1775, .T. ) ;
#2736 = LINE ( 'NONE', #4720, #2329 ) ;
#2737 = LINE ( 'NONE', #336, #2884 ) ;
#2738 = ORIENTED_EDGE ( 'NONE', *, *, #5737, .F. ) ;
#2739 = ORIENTED_EDGE ( 'NONE', *, *, #2487, .T. ) ;
#2740 = DIRECTION ( 'NONE',  ( 1.981409407805800935E-32, -1.284980352575413932E-16, -1.000000000000000000 ) ) ;
#2741 = LINE ( 'NONE', #2136, #1997 ) ;
#2742 = LINE ( 'NONE', #4728, #518 ) ;
#2743 = DIRECTION ( 'NONE',  ( 0.000000000000000000, 1.000000000000000000, 2.478176394252579662E-16 ) ) ;
#2744 = EDGE_CURVE ( 'NONE', #5567, #2037, #2342, .T. ) ;
#2745 = ORIENTED_EDGE ( 'NONE', *, *, #808, .T. ) ;
#2746 = AXIS2_PLACEMENT_3D ( 'NONE', #1530, #4494, #5498 ) ;
#2747 = ORIENTED_EDGE ( 'NONE', *, *, #3849, .T. ) ;
#2748 = LINE ( 'NONE', #4216, #2081 ) ;
#2749 = ADVANCED_FACE ( 'NONE', ( #4333 ), #4782, .T. ) ;
#2750 = DIRECTION ( 'NONE',  ( 0.000000000000000000, 0.000000000000000000, -1.000000000000000000 ) ) ;
#2751 = ADVANCED_FACE ( 'NONE', ( #5273 ), #269, .F. ) ;
#2752 = ADVANCED_FACE ( 'NONE', ( #3683 ), #2311, .T. ) ;
#2753 = CARTESIAN_POINT ( 'NONE',  ( -8.753887449625612049, -3.500000000000000444, 6.000000000000000000 ) ) ;
#2754 = ORIENTED_EDGE ( 'NONE', *, *, #6102, .F. ) ;
#2755 = LINE ( 'NONE', #2268, #968 ) ;
#2756 = EDGE_CURVE ( 'NONE', #6174, #1141, #3745, .T. ) ;
#2757 = DIRECTION ( 'NONE',  ( 0.000000000000000000, 1.000000000000000000, 2.478176394252579662E-16 ) ) ;
#2758 = ORIENTED_EDGE ( 'NONE', *, *, #5070, .F. ) ;
#2759 = DIRECTION ( 'NONE',  ( -0.000000000000000000, -0.000000000000000000, -1.000000000000000000 ) ) ;
#2760 = ADVANCED_FACE ( 'NONE', ( #5690 ), #3191, .F. ) ;
#2761 = VERTEX_POINT ( 'NONE', #5172 ) ;
#2762 = ORIENTED_EDGE ( 'NONE', *, *, #1367, .T. ) ;
#2763 = APPROVAL_ROLE ( '' ) ;
#2764 = DIRECTION ( 'NONE',  ( 0.000000000000000000, 0.000000000000000000, -1.000000000000000000 ) ) ;
#2765 = DIRECTION ( 'NONE',  ( 1.000000000000000000, 0.000000000000000000, 0.000000000000000000 ) ) ;
#2766 = ORIENTED_EDGE ( 'NONE', *, *, #3954, .T. ) ;
#2767 = LINE ( 'NONE', #1758, #4322 ) ;
#2768 = CARTESIAN_POINT ( 'NONE',  ( 62.52786404500040618, 84.99999999999998579, 15.99999999999999645 ) ) ;
#2769 = ORIENTED_EDGE ( 'NONE', *, *, #167, .F. ) ;
#2770 = ADVANCED_FACE ( 'NONE', ( #1234 ), #5306, .F. ) ;
#2771 = ORIENTED_EDGE ( 'NONE', *, *, #2476, .T. ) ;
#2772 = LINE ( 'NONE', #4754, #3404 ) ;
#2773 = VECTOR ( 'NONE', #4539, 1000.000000000000000 ) ;
#2774 = PLANE ( 'NONE',  #415 ) ;
#2775 = LINE ( 'NONE', #5212, #1675 ) ;
#2776 = CARTESIAN_POINT ( 'NONE',  ( 60.99999999999998579, 18.24999999999999289, 11.94999999999999751 ) ) ;
#2777 = AXIS2_PLACEMENT_3D ( 'NONE', #3856, #5958, #3397 ) ;
#2778 = PLANE ( 'NONE',  #3299 ) ;
#2779 = VECTOR ( 'NONE', #4544, 1000.000000000000000 ) ;
#2780 = ORIENTED_EDGE ( 'NONE', *, *, #3439, .T. ) ;
#2781 = ORIENTED_EDGE ( 'NONE', *, *, #58, .F. ) ;
#2782 = CARTESIAN_POINT ( 'NONE',  ( 58.99999999999998579, 24.49999999999998934, 11.94999999999999929 ) ) ;
#2783 = VECTOR ( 'NONE', #1665, 1000.000000000000000 ) ;
#2784 = DIRECTION ( 'NONE',  ( -0.000000000000000000, -0.000000000000000000, 1.000000000000000000 ) ) ;
#2785 = DIRECTION ( 'NONE',  ( 1.982541115402065356E-16, -1.000000000000000000, -1.239088197126290817E-16 ) ) ;
#2786 = VERTEX_POINT ( 'NONE', #2705 ) ;
#2787 = DIRECTION ( 'NONE',  ( 1.000000000000000000, 0.000000000000000000, 0.000000000000000000 ) ) ;
#2788 = LINE ( 'NONE', #3734, #2000 ) ;
#2789 = ORIENTED_EDGE ( 'NONE', *, *, #1878, .F. ) ;
#2790 = DIRECTION ( 'NONE',  ( -0.5000000000000054401, 0.8660254037844354880, 0.000000000000000000 ) ) ;
#2791 = ORIENTED_EDGE ( 'NONE', *, *, #2439, .F. ) ;
#2792 = ORIENTED_EDGE ( 'NONE', *, *, #4596, .T. ) ;
#2793 = EDGE_LOOP ( 'NONE', ( #3895, #4199, #5974, #1372 ) ) ;
#2794 = COORDINATED_UNIVERSAL_TIME_OFFSET ( 5, 0, .BEHIND. ) ;
#2795 = FACE_OUTER_BOUND ( 'NONE', #1083, .T. ) ;
#2796 = LINE ( 'NONE', #2244, #2604 ) ;
#2797 = ADVANCED_FACE ( 'NONE', ( #4301 ), #6277, .T. ) ;
#2798 = ORIENTED_EDGE ( 'NONE', *, *, #6392, .T. ) ;
#2799 = CARTESIAN_POINT ( 'NONE',  ( 29.71995838912544485, 2.000000000000000000, 20.00000000000000000 ) ) ;
#2800 = DIRECTION ( 'NONE',  ( 1.000000000000000000, 0.000000000000000000, 0.000000000000000000 ) ) ;
#2801 = ORIENTED_EDGE ( 'NONE', *, *, #164, .F. ) ;
#2802 = VECTOR ( 'NONE', #3332, 1000.000000000000000 ) ;
#2803 = ORIENTED_EDGE ( 'NONE', *, *, #581, .T. ) ;
#2804 = CARTESIAN_POINT ( 'NONE',  ( 56.99999999999997868, 32.00000000000000711, 7.000000000000000000 ) ) ;
#2805 = AXIS2_PLACEMENT_3D ( 'NONE', #782, #3777, #2765 ) ;
#2806 = FACE_OUTER_BOUND ( 'NONE', #5492, .T. ) ;
#2807 = AXIS2_PLACEMENT_3D ( 'NONE', #5802, #477, #3793 ) ;
#2808 = CC_DESIGN_PERSON_AND_ORGANIZATION_ASSIGNMENT ( #2929, #5395, ( #1420 ) ) ;
#2809 = LINE ( 'NONE', #341, #3853 ) ;
#2810 = ADVANCED_FACE ( 'NONE', ( #1827 ), #2734, .F. ) ;
#2811 = CARTESIAN_POINT ( 'NONE',  ( 3.000000000000000000, 99.24999999999998579, 25.10000000000000142 ) ) ;
#2812 = VECTOR ( 'NONE', #3512, 1000.000000000000000 ) ;
#2813 = ORIENTED_EDGE ( 'NONE', *, *, #3409, .F. ) ;
#2814 = ORIENTED_EDGE ( 'NONE', *, *, #4682, .F. ) ;
#2815 = CARTESIAN_POINT ( 'NONE',  ( 67.12694372481279004, 1.050000000000004485, 6.000000000000000000 ) ) ;
#2816 = DIRECTION ( 'NONE',  ( 1.541976423090495633E-16, -1.000000000000000000, 1.156482317317871478E-16 ) ) ;
#2817 = CARTESIAN_POINT ( 'NONE',  ( -10.00000000000001599, 3.000000000000000000, 25.10000000000000142 ) ) ;
#2818 = ORIENTED_EDGE ( 'NONE', *, *, #5159, .F. ) ;
#2819 = LINE ( 'NONE', #4417, #6160 ) ;
#2820 = LINE ( 'NONE', #2854, #4090 ) ;
#2821 = ORIENTED_EDGE ( 'NONE', *, *, #1287, .F. ) ;
#2822 = CARTESIAN_POINT ( 'NONE',  ( 70.99999999999998579, 87.00000000000000000, 0.7500000000000006661 ) ) ;
#2823 = CARTESIAN_POINT ( 'NONE',  ( 43.99999999999998579, 4.000000000000000000, 7.000000000000000000 ) ) ;
#2824 = AXIS2_PLACEMENT_3D ( 'NONE', #2656, #4726, #190 ) ;
#2825 = ORIENTED_EDGE ( 'NONE', *, *, #271, .F. ) ;
#2826 = ORIENTED_EDGE ( 'NONE', *, *, #3507, .T. ) ;
#2827 = PERSON_AND_ORGANIZATION ( #2078, #4953 ) ;
#2828 = PLANE ( 'NONE',  #1455 ) ;
#2829 = DIRECTION ( 'NONE',  ( -0.8660254037844387076, -0.5000000000000001110, 0.000000000000000000 ) ) ;
#2830 = ORIENTED_EDGE ( 'NONE', *, *, #6226, .F. ) ;
#2831 = VECTOR ( 'NONE', #1366, 1000.000000000000227 ) ;
#2832 = EDGE_CURVE ( 'NONE', #2149, #674, #6245, .T. ) ;
#2833 = LINE ( 'NONE', #952, #1200 ) ;
#2834 = DIRECTION ( 'NONE',  ( 0.000000000000000000, 0.000000000000000000, 1.000000000000000000 ) ) ;
#2835 = EDGE_LOOP ( 'NONE', ( #3991, #141, #175, #6273, #5467, #4533 ) ) ;
#2836 = VECTOR ( 'NONE', #2563, 1000.000000000000000 ) ;
#2837 = ORIENTED_EDGE ( 'NONE', *, *, #3057, .F. ) ;
#2838 = DIRECTION ( 'NONE',  ( -0.000000000000000000, 1.000000000000000000, 2.668805347656626678E-16 ) ) ;
#2839 = DIRECTION ( 'NONE',  ( -1.000000000000000000, -0.000000000000000000, -8.896017825522089339E-17 ) ) ;
#2840 = PLANE ( 'NONE',  #6339 ) ;
#2841 = ADVANCED_FACE ( 'NONE', ( #5237 ), #1727, .F. ) ;
#2842 = CARTESIAN_POINT ( 'NONE',  ( 22.50000000000000000, 0.000000000000000000, 0.000000000000000000 ) ) ;
#2843 = DIRECTION ( 'NONE',  ( 1.512840240677448454E-16, -1.000000000000000000, 0.000000000000000000 ) ) ;
#2844 = VERTEX_POINT ( 'NONE', #750 ) ;
#2845 = ADVANCED_FACE ( 'NONE', ( #4718 ), #5756, .T. ) ;
#2846 = VERTEX_POINT ( 'NONE', #2279 ) ;
#2847 = DIRECTION ( 'NONE',  ( -1.000000000000000000, -1.541976423090495633E-16, 0.000000000000000000 ) ) ;
#2848 = LINE ( 'NONE', #832, #3740 ) ;
#2849 = EDGE_CURVE ( 'NONE', #5792, #3061, #1302, .T. ) ;
#2850 = AXIS2_PLACEMENT_3D ( 'NONE', #4074, #2123, #3128 ) ;
#2851 = ADVANCED_FACE ( 'NONE', ( #4972 ), #3969, .T. ) ;
#2852 = CARTESIAN_POINT ( 'NONE',  ( 37.50000000000000000, 4.000000000000000000, 0.000000000000000000 ) ) ;
#2853 = CARTESIAN_POINT ( 'NONE',  ( 71.00000000000000000, 2.689339828220179029, 0.3106601717798219142 ) ) ;
#2854 = CARTESIAN_POINT ( 'NONE',  ( 60.99999999999997158, 63.50000000000000000, 4.999999999999997335 ) ) ;
#2855 = EDGE_CURVE ( 'NONE', #685, #5496, #5947, .T. ) ;
#2856 = ORIENTED_EDGE ( 'NONE', *, *, #4091, .T. ) ;
#2857 = LINE ( 'NONE', #5264, #3269 ) ;
#2858 = VERTEX_POINT ( 'NONE', #2997 ) ;
#2859 = VERTEX_POINT ( 'NONE', #2409 ) ;
#2860 = ORIENTED_EDGE ( 'NONE', *, *, #3566, .T. ) ;
#2861 = FACE_OUTER_BOUND ( 'NONE', #4518, .T. ) ;
#2862 = CARTESIAN_POINT ( 'NONE',  ( -3.500000000000017764, -3.499999999999999112, 6.000000000000000000 ) ) ;
#2863 = DIRECTION ( 'NONE',  ( 0.000000000000000000, 0.000000000000000000, 1.000000000000000000 ) ) ;
#2864 = EDGE_LOOP ( 'NONE', ( #3630, #4703, #1168, #1281 ) ) ;
#2865 = VECTOR ( 'NONE', #5859, 1000.000000000000000 ) ;
#2866 = DIRECTION ( 'NONE',  ( -0.000000000000000000, 0.000000000000000000, 1.000000000000000000 ) ) ;
#2867 = CARTESIAN_POINT ( 'NONE',  ( 37.50000000000000000, 0.000000000000000000, 2.499999999999998668 ) ) ;
#2868 = ORIENTED_EDGE ( 'NONE', *, *, #5354, .T. ) ;
#2869 = VERTEX_POINT ( 'NONE', #429 ) ;
#2870 = LINE ( 'NONE', #1835, #3327 ) ;
#2871 = EDGE_CURVE ( 'NONE', #5602, #1946, #3843, .T. ) ;
#2872 = DIRECTION ( 'NONE',  ( -1.000000000000000000, 0.000000000000000000, -0.000000000000000000 ) ) ;
#2873 = CARTESIAN_POINT ( 'NONE',  ( 1.999999999999982681, 2.000000000000000000, 25.10000000000000142 ) ) ;
#2874 = DIRECTION ( 'NONE',  ( 0.000000000000000000, -0.000000000000000000, 1.000000000000000000 ) ) ;
#2875 = EDGE_LOOP ( 'NONE', ( #81, #2022, #6372, #4116 ) ) ;
#2876 = LOCAL_TIME ( 19, 19, 7.000000000000000000, #1856 ) ;
#2877 = EDGE_CURVE ( 'NONE', #3292, #599, #1873, .T. ) ;
#2878 = VERTEX_POINT ( 'NONE', #950 ) ;
#2879 = LINE ( 'NONE', #2782, #241 ) ;
#2880 = VECTOR ( 'NONE', #2906, 1000.000000000000000 ) ;
#2881 = CARTESIAN_POINT ( 'NONE',  ( -0.8730562751872168459, 98.04999999999999716, 6.000000000000000000 ) ) ;
#2882 = AXIS2_PLACEMENT_3D ( 'NONE', #3449, #4308, #1764 ) ;
#2883 = EDGE_CURVE ( 'NONE', #379, #1903, #462, .T. ) ;
#2884 = VECTOR ( 'NONE', #2315, 1000.000000000000000 ) ;
#2885 = CYLINDRICAL_SURFACE ( 'NONE', #2576, 2.299999999999996270 ) ;
#2886 = CARTESIAN_POINT ( 'NONE',  ( 27.71995838912544485, 2.000000000000000000, 20.00000000000000355 ) ) ;
#2887 = CARTESIAN_POINT ( 'NONE',  ( 67.12694372481279004, 1.050000000000004485, 0.000000000000000000 ) ) ;
#2888 = ORIENTED_EDGE ( 'NONE', *, *, #6218, .T. ) ;
#2889 = ADVANCED_FACE ( 'NONE', ( #880 ), #521, .T. ) ;
#2890 = VECTOR ( 'NONE', #4824, 1000.000000000000000 ) ;
#2891 = DIRECTION ( 'NONE',  ( -0.8660254037844415942, 0.4999999999999949485, 0.000000000000000000 ) ) ;
#2892 = CARTESIAN_POINT ( 'NONE',  ( 1.999999999999999556, 63.50000000000000000, 5.000000000000001776 ) ) ;
#2893 = ORIENTED_EDGE ( 'NONE', *, *, #1845, .T. ) ;
#2894 = ORIENTED_EDGE ( 'NONE', *, *, #4944, .T. ) ;
#2895 = DIRECTION ( 'NONE',  ( 0.000000000000000000, 0.000000000000000000, 1.000000000000000000 ) ) ;
#2896 = CARTESIAN_POINT ( 'NONE',  ( 51.99999999999999289, 0.000000000000000000, 0.000000000000000000 ) ) ;
#2897 = LINE ( 'NONE', #1921, #4185 ) ;
#2898 = ORIENTED_EDGE ( 'NONE', *, *, #2947, .T. ) ;
#2899 = DIRECTION ( 'NONE',  ( 1.000000000000000000, 0.000000000000000000, 0.000000000000000000 ) ) ;
#2900 = DIRECTION ( 'NONE',  ( -1.541976423090495633E-16, 1.000000000000000000, -1.192622389734055124E-16 ) ) ;
#2901 = VERTEX_POINT ( 'NONE', #1461 ) ;
#2902 = ORIENTED_EDGE ( 'NONE', *, *, #1291, .F. ) ;
#2903 = LINE ( 'NONE', #6219, #2802 ) ;
#2904 = LINE ( 'NONE', #1468, #6288 ) ;
#2905 = DIRECTION ( 'NONE',  ( -0.000000000000000000, -0.000000000000000000, -1.000000000000000000 ) ) ;
#2906 = DIRECTION ( 'NONE',  ( -5.337610695313253357E-16, 1.000000000000000000, 0.000000000000000000 ) ) ;
#2907 = ORIENTED_EDGE ( 'NONE', *, *, #6173, .F. ) ;
#2908 = VECTOR ( 'NONE', #3425, 1000.000000000000000 ) ;
#2909 = VECTOR ( 'NONE', #166, 1000.000000000000000 ) ;
#2910 = VECTOR ( 'NONE', #4480, 1000.000000000000000 ) ;
#2911 = ORIENTED_EDGE ( 'NONE', *, *, #6257, .F. ) ;
#2912 = LINE ( 'NONE', #4413, #1375 ) ;
#2913 = DIRECTION ( 'NONE',  ( -0.5000000000000063283, 0.8660254037844349329, 0.000000000000000000 ) ) ;
#2914 = VECTOR ( 'NONE', #5462, 1000.000000000000000 ) ;
#2915 = VECTOR ( 'NONE', #3958, 1000.000000000000000 ) ;
#2916 = AXIS2_PLACEMENT_3D ( 'NONE', #1258, #2694, #5258 ) ;
#2917 = DIRECTION ( 'NONE',  ( 1.334402673828313339E-16, 1.000000000000000000, 0.000000000000000000 ) ) ;
#2918 = EDGE_CURVE ( 'NONE', #3655, #3173, #3453, .T. ) ;
#2919 = CARTESIAN_POINT ( 'NONE',  ( 1.999999999999990008, 64.99999999999997158, 16.00000000000000355 ) ) ;
#2920 = VECTOR ( 'NONE', #4933, 1000.000000000000000 ) ;
#2921 = CARTESIAN_POINT ( 'NONE',  ( 60.99999999999997158, 80.99999999999998579, 4.999999999999999112 ) ) ;
#2922 = ORIENTED_EDGE ( 'NONE', *, *, #5893, .T. ) ;
#2923 = LINE ( 'NONE', #4391, #4205 ) ;
#2924 = DIRECTION ( 'NONE',  ( 0.000000000000000000, -0.000000000000000000, 1.000000000000000000 ) ) ;
#2925 = EDGE_CURVE ( 'NONE', #5824, #2696, #978, .T. ) ;
#2926 = ORIENTED_EDGE ( 'NONE', *, *, #6006, .F. ) ;
#2927 = EDGE_CURVE ( 'NONE', #2702, #2846, #4843, .T. ) ;
#2928 = VERTEX_POINT ( 'NONE', #1983 ) ;
#2929 = PERSON_AND_ORGANIZATION ( #2078, #4953 ) ;
#2930 = CARTESIAN_POINT ( 'NONE',  ( 2.249999999999982236, -9.999999999999998224, 0.7500000000000000000 ) ) ;
#2931 = DIRECTION ( 'NONE',  ( 0.000000000000000000, 0.000000000000000000, -1.000000000000000000 ) ) ;
#2932 = VERTEX_POINT ( 'NONE', #3937 ) ;
#2933 = FACE_BOUND ( 'NONE', #2570, .T. ) ;
#2934 = EDGE_CURVE ( 'NONE', #2603, #2486, #5851, .T. ) ;
#2935 = CARTESIAN_POINT ( 'NONE',  ( 70.25000000000000000, 2.250000000000000444, -18.38477631085023489 ) ) ;
#2936 = ORIENTED_EDGE ( 'NONE', *, *, #3536, .T. ) ;
#2937 = EDGE_CURVE ( 'NONE', #5050, #3858, #4938, .T. ) ;
#2938 = ORIENTED_EDGE ( 'NONE', *, *, #2298, .F. ) ;
#2939 = DIRECTION ( 'NONE',  ( -1.000000000000000000, -1.734723475976807094E-15, 0.000000000000000000 ) ) ;
#2940 = CARTESIAN_POINT ( 'NONE',  ( 3.000000000000000000, 99.99999999999998579, 25.10000000000000142 ) ) ;
#2941 = DIRECTION ( 'NONE',  ( 0.000000000000000000, -1.000000000000000000, 0.000000000000000000 ) ) ;
#2942 = CARTESIAN_POINT ( 'NONE',  ( 1.999999999999999556, 63.50000000000000000, 7.000000000000000000 ) ) ;
#2943 = ORIENTED_EDGE ( 'NONE', *, *, #2439, .T. ) ;
#2944 = VECTOR ( 'NONE', #1078, 1000.000000000000000 ) ;
#2945 = VECTOR ( 'NONE', #4033, 1000.000000000000000 ) ;
#2946 = LINE ( 'NONE', #4510, #1898 ) ;
#2947 = EDGE_CURVE ( 'NONE', #2627, #6174, #3357, .T. ) ;
#2948 = CARTESIAN_POINT ( 'NONE',  ( -9.999999999999998224, 99.24999999999998579, 0.7500000000000006661 ) ) ;
#2949 = CARTESIAN_POINT ( 'NONE',  ( 0.000000000000000000, 0.000000000000000000, 0.000000000000000000 ) ) ;
#2950 = LINE ( 'NONE', #3927, #671 ) ;
#2951 = EDGE_CURVE ( 'NONE', #3070, #925, #552, .T. ) ;
#2952 = EDGE_CURVE ( 'NONE', #4811, #2312, #2897, .T. ) ;
#2953 = DIRECTION ( 'NONE',  ( 0.000000000000000000, 0.000000000000000000, 1.000000000000000000 ) ) ;
#2954 = VERTEX_POINT ( 'NONE', #4456 ) ;
#2955 = CARTESIAN_POINT ( 'NONE',  ( -9.791550286624644313E-15, 63.49999999999997158, 13.00000000000000533 ) ) ;
#2956 = ORIENTED_EDGE ( 'NONE', *, *, #2169, .T. ) ;
#2957 = VECTOR ( 'NONE', #1391, 1000.000000000000000 ) ;
#2958 = EDGE_LOOP ( 'NONE', ( #3315, #3254, #2413, #5393 ) ) ;
#2959 = EDGE_CURVE ( 'NONE', #3559, #1828, #5878, .T. ) ;
#2960 = CARTESIAN_POINT ( 'NONE',  ( 1.999999999999990008, 63.49999999999997158, 16.00000000000000355 ) ) ;
#2961 = VERTEX_POINT ( 'NONE', #3418 ) ;
#2962 = PERSON_AND_ORGANIZATION_ROLE ( 'classification_officer' ) ;
#2963 = LINE ( 'NONE', #1494, #5100 ) ;
#2964 = DIRECTION ( 'NONE',  ( 1.000000000000000000, 2.312964634635743450E-16, -0.000000000000000000 ) ) ;
#2965 = VERTEX_POINT ( 'NONE', #5397 ) ;
#2966 = CARTESIAN_POINT ( 'NONE',  ( 67.00000000000000000, 3.000000000000000000, 0.000000000000000000 ) ) ;
#2967 = EDGE_CURVE ( 'NONE', #3868, #239, #489, .T. ) ;
#2968 = CARTESIAN_POINT ( 'NONE',  ( 64.49999999999997158, 93.49999999999998579, 0.000000000000000000 ) ) ;
#2969 = EDGE_LOOP ( 'NONE', ( #6112, #2371, #2343, #2907, #4013, #4868, #4934, #3177, #4354, #1604 ) ) ;
#2970 = ORIENTED_EDGE ( 'NONE', *, *, #6205, .F. ) ;
#2971 = FACE_OUTER_BOUND ( 'NONE', #6079, .T. ) ;
#2972 = VECTOR ( 'NONE', #5598, 1000.000000000000000 ) ;
#2973 = DIRECTION ( 'NONE',  ( 1.000000000000000000, 2.312964634635743450E-16, 0.000000000000000000 ) ) ;
#2974 = ORIENTED_EDGE ( 'NONE', *, *, #1223, .T. ) ;
#2975 = CARTESIAN_POINT ( 'NONE',  ( 16.99999999999999645, 4.000000000000000000, 7.000000000000000000 ) ) ;
#2976 = EDGE_CURVE ( 'NONE', #5360, #1940, #174, .T. ) ;
#2977 = LINE ( 'NONE', #3428, #798 ) ;
#2978 = ORIENTED_EDGE ( 'NONE', *, *, #505, .T. ) ;
#2979 = LINE ( 'NONE', #1963, #1591 ) ;
#2980 = CARTESIAN_POINT ( 'NONE',  ( 58.75000000000000000, -9.249999999999998224, 25.10000000000000142 ) ) ;
#2981 =( BOUNDED_CURVE ( )  B_SPLINE_CURVE ( 3, ( #5235, #1335, #365, #4781 ),
 .UNSPECIFIED., .F., .F. ) 
 B_SPLINE_CURVE_WITH_KNOTS ( ( 4, 4 ),
 ( 1.570796326794896780, 3.141592653589793116 ),
 .UNSPECIFIED. ) 
 CURVE ( )  GEOMETRIC_REPRESENTATION_ITEM ( )  RATIONAL_B_SPLINE_CURVE ( ( 1.000000000000000000, 0.8047378541243650485, 0.8047378541243650485, 1.000000000000000000 ) ) 
 REPRESENTATION_ITEM ( '' )  );
#2982 = CARTESIAN_POINT ( 'NONE',  ( 60.99999999999998579, 45.00000000000000000, 8.250000000000001776 ) ) ;
#2983 = DIRECTION ( 'NONE',  ( 1.000000000000000000, -1.067522139062650671E-15, 0.000000000000000000 ) ) ;
#2984 = LOCAL_TIME ( 19, 19, 7.000000000000000000, #5493 ) ;
#2985 = FACE_OUTER_BOUND ( 'NONE', #6315, .T. ) ;
#2986 = DIRECTION ( 'NONE',  ( 3.469446951953613400E-15, -1.000000000000000000, 0.000000000000000000 ) ) ;
#2987 = ORIENTED_EDGE ( 'NONE', *, *, #651, .F. ) ;
#2988 = FACE_OUTER_BOUND ( 'NONE', #5848, .T. ) ;
#2989 = VECTOR ( 'NONE', #441, 1000.000000000000000 ) ;
#2990 = VECTOR ( 'NONE', #5697, 1000.000000000000000 ) ;
#2991 = CARTESIAN_POINT ( 'NONE',  ( 1.999999999999987121, 84.99999999999997158, 5.000000000000000000 ) ) ;
#2992 = ORIENTED_EDGE ( 'NONE', *, *, #436, .F. ) ;
#2993 = DIRECTION ( 'NONE',  ( 0.000000000000000000, 0.000000000000000000, -1.000000000000000000 ) ) ;
#2994 = ORIENTED_EDGE ( 'NONE', *, *, #4212, .F. ) ;
#2995 = DIRECTION ( 'NONE',  ( 0.000000000000000000, 0.000000000000000000, 1.000000000000000000 ) ) ;
#2996 = VECTOR ( 'NONE', #1603, 1000.000000000000000 ) ;
#2997 = CARTESIAN_POINT ( 'NONE',  ( 16.99999999999999645, 4.000000000000000000, 2.000000000000000000 ) ) ;
#2998 = VERTEX_POINT ( 'NONE', #73 ) ;
#2999 = PLANE ( 'NONE',  #1829 ) ;
#3000 = CARTESIAN_POINT ( 'NONE',  ( -9.999999999999998224, 87.75000000000000000, 25.10000000000000142 ) ) ;
#3001 = VERTEX_POINT ( 'NONE', #2088 ) ;
#3002 = EDGE_LOOP ( 'NONE', ( #3244, #4296, #408, #4252 ) ) ;
#3003 = VERTEX_POINT ( 'NONE', #5495 ) ;
#3004 = ADVANCED_FACE ( 'NONE', ( #3063 ), #1562, .T. ) ;
#3005 = FACE_OUTER_BOUND ( 'NONE', #1217, .T. ) ;
#3006 = CARTESIAN_POINT ( 'NONE',  ( 2.999999999999982681, 3.000000000000000000, 0.000000000000000000 ) ) ;
#3007 = ORIENTED_EDGE ( 'NONE', *, *, #3616, .T. ) ;
#3008 = FACE_OUTER_BOUND ( 'NONE', #5367, .T. ) ;
#3009 = LINE ( 'NONE', #6387, #6104 ) ;
#3010 = ORIENTED_EDGE ( 'NONE', *, *, #6326, .T. ) ;
#3011 = DIRECTION ( 'NONE',  ( -1.000000000000000000, -1.541976423090495633E-16, -0.000000000000000000 ) ) ;
#3012 = ADVANCED_FACE ( 'NONE', ( #5530 ), #3514, .T. ) ;
#3013 = DIRECTION ( 'NONE',  ( -1.000000000000000000, -1.541976423090495633E-16, -0.000000000000000000 ) ) ;
#3014 = AXIS2_PLACEMENT_3D ( 'NONE', #1770, #5644, #5610 ) ;
#3015 = LINE ( 'NONE', #26, #289 ) ;
#3016 = LINE ( 'NONE', #98, #6229 ) ;
#3017 = AXIS2_PLACEMENT_3D ( 'NONE', #3593, #1119, #3104 ) ;
#3018 = LINE ( 'NONE', #4586, #1768 ) ;
#3019 = VECTOR ( 'NONE', #4061, 1000.000000000000000 ) ;
#3020 = CARTESIAN_POINT ( 'NONE',  ( 1.999999999999990008, 63.49999999999997158, 13.00000000000000533 ) ) ;
#3021 = ORIENTED_EDGE ( 'NONE', *, *, #3202, .T. ) ;
#3022 = CARTESIAN_POINT ( 'NONE',  ( 58.99999999999997868, 64.99999999999998579, 15.99999999999999645 ) ) ;
#3023 = VECTOR ( 'NONE', #4361, 1000.000000000000000 ) ;
#3024 = LINE ( 'NONE', #2991, #134 ) ;
#3025 = ORIENTED_EDGE ( 'NONE', *, *, #4877, .F. ) ;
#3026 = CARTESIAN_POINT ( 'NONE',  ( 66.99999999999998579, 87.00000000000000000, 43.48477631085023631 ) ) ;
#3027 = VERTEX_POINT ( 'NONE', #144 ) ;
#3028 = DIRECTION ( 'NONE',  ( 0.000000000000000000, 0.000000000000000000, 1.000000000000000000 ) ) ;
#3029 = LINE ( 'NONE', #2574, #3359 ) ;
#3030 = EDGE_LOOP ( 'NONE', ( #3805, #2771, #3121, #4144 ) ) ;
#3031 = CARTESIAN_POINT ( 'NONE',  ( 66.99999999999998579, 3.000000000000000000, -18.38477631085023489 ) ) ;
#3032 = DIRECTION ( 'NONE',  ( -0.000000000000000000, 0.000000000000000000, 1.000000000000000000 ) ) ;
#3033 = EDGE_LOOP ( 'NONE', ( #982, #5762, #5117, #1348 ) ) ;
#3034 = ORIENTED_EDGE ( 'NONE', *, *, #5532, .T. ) ;
#3035 = ORIENTED_EDGE ( 'NONE', *, *, #3036, .T. ) ;
#3036 = EDGE_CURVE ( 'NONE', #5132, #3945, #2608, .T. ) ;
#3037 = CARTESIAN_POINT ( 'NONE',  ( 3.000000000000000000, 99.24999999999998579, -18.38477631085023489 ) ) ;
#3038 = EDGE_LOOP ( 'NONE', ( #4161, #1274, #876, #5114 ) ) ;
#3039 = LINE ( 'NONE', #3628, #5477 ) ;
#3040 = DIRECTION ( 'NONE',  ( -0.000000000000000000, -0.000000000000000000, 1.000000000000000000 ) ) ;
#3041 = ORIENTED_EDGE ( 'NONE', *, *, #4326, .F. ) ;
#3042 = VECTOR ( 'NONE', #4829, 1000.000000000000000 ) ;
#3043 = DIRECTION ( 'NONE',  ( 0.000000000000000000, 1.000000000000000000, 2.478176394252579662E-16 ) ) ;
#3044 = EDGE_CURVE ( 'NONE', #4719, #917, #3029, .T. ) ;
#3045 = CARTESIAN_POINT ( 'NONE',  ( 1.999999999999999112, 5.000000000000000888, 16.00000000000001066 ) ) ;
#3046 = AXIS2_PLACEMENT_3D ( 'NONE', #4653, #6269, #804 ) ;
#3047 = EDGE_CURVE ( 'NONE', #5635, #3321, #5740, .T. ) ;
#3048 = AXIS2_PLACEMENT_3D ( 'NONE', #2083, #37, #3060 ) ;
#3049 = DIRECTION ( 'NONE',  ( 1.000000000000000000, 0.000000000000000000, 0.000000000000000000 ) ) ;
#3050 = DIRECTION ( 'NONE',  ( 0.000000000000000000, -0.000000000000000000, 1.000000000000000000 ) ) ;
#3051 = AXIS2_PLACEMENT_3D ( 'NONE', #4283, #255, #2233 ) ;
#3052 = LINE ( 'NONE', #2112, #526 ) ;
#3053 = EDGE_CURVE ( 'NONE', #5380, #6224, #6082, .T. ) ;
#3054 = DIRECTION ( 'NONE',  ( 0.000000000000000000, -0.000000000000000000, 1.000000000000000000 ) ) ;
#3055 = VERTEX_POINT ( 'NONE', #5043 ) ;
#3056 = CARTESIAN_POINT ( 'NONE',  ( 59.24611255037439150, 93.49999999999995737, 6.000000000000000000 ) ) ;
#3057 = EDGE_CURVE ( 'NONE', #3145, #787, #6050, .T. ) ;
#3058 = DIRECTION ( 'NONE',  ( 1.000000000000000000, 0.000000000000000000, 0.000000000000000000 ) ) ;
#3059 = ORIENTED_EDGE ( 'NONE', *, *, #1611, .T. ) ;
#3060 = DIRECTION ( 'NONE',  ( 0.000000000000000000, 0.000000000000000000, -1.000000000000000000 ) ) ;
#3061 = VERTEX_POINT ( 'NONE', #6115 ) ;
#3062 = CARTESIAN_POINT ( 'NONE',  ( -0.8730562751872177341, 1.050000000000000488, 6.000000000000000000 ) ) ;
#3063 = FACE_OUTER_BOUND ( 'NONE', #3002, .T. ) ;
#3064 = ORIENTED_EDGE ( 'NONE', *, *, #1966, .F. ) ;
#3065 = DIRECTION ( 'NONE',  ( 1.337451350268914030E-32, -8.673617379884034239E-17, -1.000000000000000000 ) ) ;
#3066 = FACE_OUTER_BOUND ( 'NONE', #723, .T. ) ;
#3067 = VECTOR ( 'NONE', #483, 1000.000000000000114 ) ;
#3068 = ORIENTED_EDGE ( 'NONE', *, *, #4318, .F. ) ;
#3069 = VERTEX_POINT ( 'NONE', #2047 ) ;
#3070 = VERTEX_POINT ( 'NONE', #1662 ) ;
#3071 = CARTESIAN_POINT ( 'NONE',  ( 2.999999999999982681, 3.000000000000000000, 25.10000000000000142 ) ) ;
#3072 = LINE ( 'NONE', #3037, #6032 ) ;
#3073 = ORIENTED_EDGE ( 'NONE', *, *, #1477, .T. ) ;
#3074 = PLANE ( 'NONE',  #3723 ) ;
#3075 = CARTESIAN_POINT ( 'NONE',  ( 2.999999999999982236, -6.000000000000000888, 25.10000000000000142 ) ) ;
#3076 = ORIENTED_EDGE ( 'NONE', *, *, #5659, .F. ) ;
#3077 = EDGE_CURVE ( 'NONE', #528, #4819, #560, .T. ) ;
#3078 = PLANE ( 'NONE',  #4285 ) ;
#3079 = FACE_OUTER_BOUND ( 'NONE', #1819, .T. ) ;
#3080 = ORIENTED_EDGE ( 'NONE', *, *, #1900, .F. ) ;
#3081 = CARTESIAN_POINT ( 'NONE',  ( 18.25000000000000355, 90.00000000000000000, 8.499999999999998224 ) ) ;
#3082 = CARTESIAN_POINT ( 'NONE',  ( -1.387778780781446859E-15, 9.000000000000005329, 13.00000000000001066 ) ) ;
#3083 = EDGE_CURVE ( 'NONE', #5281, #102, #657, .T. ) ;
#3084 = CARTESIAN_POINT ( 'NONE',  ( 10.00000000000000000, 2.000000000000000000, 20.00000000000000000 ) ) ;
#3085 = CARTESIAN_POINT ( 'NONE',  ( 1.999999999999999556, 33.50000000000000000, 2.000000000000000000 ) ) ;
#3086 = DIRECTION ( 'NONE',  ( -1.000000000000000000, 0.000000000000000000, 0.000000000000000000 ) ) ;
#3087 = AXIS2_PLACEMENT_3D ( 'NONE', #5754, #298, #5304 ) ;
#3088 = CARTESIAN_POINT ( 'NONE',  ( 22.50000000000000000, 4.000000000000000000, 0.000000000000000000 ) ) ;
#3089 = VERTEX_POINT ( 'NONE', #1171 ) ;
#3090 = CARTESIAN_POINT ( 'NONE',  ( 67.12694372481277583, 88.94999999999998863, 0.000000000000000000 ) ) ;
#3091 = ORIENTED_EDGE ( 'NONE', *, *, #3488, .F. ) ;
#3092 = EDGE_CURVE ( 'NONE', #442, #2312, #684, .T. ) ;
#3093 = CARTESIAN_POINT ( 'NONE',  ( 61.87305627518720286, 1.050000000000004485, 6.000000000000000000 ) ) ;
#3094 = ORIENTED_EDGE ( 'NONE', *, *, #2877, .F. ) ;
#3095 = VECTOR ( 'NONE', #3086, 1000.000000000000000 ) ;
#3096 = VECTOR ( 'NONE', #1418, 1000.000000000000000 ) ;
#3097 = CARTESIAN_POINT ( 'NONE',  ( 58.99999999999997868, 64.99999999999998579, 12.99999999999999645 ) ) ;
#3098 = DIRECTION ( 'NONE',  ( 0.000000000000000000, -1.000000000000000000, 0.000000000000000000 ) ) ;
#3099 = EDGE_LOOP ( 'NONE', ( #149, #6095, #6092, #1452 ) ) ;
#3100 = ORIENTED_EDGE ( 'NONE', *, *, #4477, .F. ) ;
#3101 = ORIENTED_EDGE ( 'NONE', *, *, #4552, .F. ) ;
#3102 = VECTOR ( 'NONE', #2800, 1000.000000000000000 ) ;
#3103 = LINE ( 'NONE', #2098, #5616 ) ;
#3104 = DIRECTION ( 'NONE',  ( -1.000000000000000000, 0.000000000000000000, 0.000000000000000000 ) ) ;
#3105 = ORIENTED_EDGE ( 'NONE', *, *, #578, .T. ) ;
#3106 = DIRECTION ( 'NONE',  ( -1.000000000000000000, 0.000000000000000000, 1.208866533781748882E-16 ) ) ;
#3107 = CARTESIAN_POINT ( 'NONE',  ( 56.99999999999997868, 33.50000000000000000, 2.000000000000000000 ) ) ;
#3108 = ORIENTED_EDGE ( 'NONE', *, *, #770, .F. ) ;
#3109 = DIRECTION ( 'NONE',  ( -1.734723475976807094E-15, -1.000000000000000000, -0.000000000000000000 ) ) ;
#3110 = LINE ( 'NONE', #24, #4259 ) ;
#3111 = ORIENTED_EDGE ( 'NONE', *, *, #3573, .F. ) ;
#3112 = FACE_OUTER_BOUND ( 'NONE', #6250, .T. ) ;
#3113 = PLANE ( 'NONE',  #31 ) ;
#3114 = CARTESIAN_POINT ( 'NONE',  ( 60.99999999999997868, 49.99999999999999289, 1.999999999999995781 ) ) ;
#3115 = ADVANCED_FACE ( 'NONE', ( #4038 ), #1527, .F. ) ;
#3116 = DIRECTION ( 'NONE',  ( 0.000000000000000000, 0.000000000000000000, -1.000000000000000000 ) ) ;
#3117 = LINE ( 'NONE', #5620, #5995 ) ;
#3118 = ADVANCED_FACE ( 'NONE', ( #2540 ), #41, .F. ) ;
#3119 = VECTOR ( 'NONE', #2625, 1000.000000000000000 ) ;
#3120 = CARTESIAN_POINT ( 'NONE',  ( 52.00000000000000000, -6.000000000000000000, 2.000000000000000000 ) ) ;
#3121 = ORIENTED_EDGE ( 'NONE', *, *, #2455, .T. ) ;
#3122 = CIRCLE ( 'NONE', #4162, 6.000000000000005329 ) ;
#3123 = DIRECTION ( 'NONE',  ( 1.000000000000000000, 2.312964634635743450E-16, -0.000000000000000000 ) ) ;
#3124 = AXIS2_PLACEMENT_3D ( 'NONE', #4475, #644, #508 ) ;
#3125 = EDGE_CURVE ( 'NONE', #329, #1051, #2016, .T. ) ;
#3126 = DIRECTION ( 'NONE',  ( -0.000000000000000000, 1.000000000000000000, -0.000000000000000000 ) ) ;
#3127 = VERTEX_POINT ( 'NONE', #3614 ) ;
#3128 = DIRECTION ( 'NONE',  ( 1.734723475976807094E-15, 1.000000000000000000, 0.000000000000000000 ) ) ;
#3129 = VECTOR ( 'NONE', #3808, 1000.000000000000000 ) ;
#3130 = DIRECTION ( 'NONE',  ( -0.000000000000000000, 0.000000000000000000, 1.000000000000000000 ) ) ;
#3131 = EDGE_CURVE ( 'NONE', #3364, #4499, #1476, .T. ) ;
#3132 = ORIENTED_EDGE ( 'NONE', *, *, #5897, .F. ) ;
#3133 = ORIENTED_EDGE ( 'NONE', *, *, #5701, .T. ) ;
#3134 = ORIENTED_EDGE ( 'NONE', *, *, #2374, .F. ) ;
#3135 = DIRECTION ( 'NONE',  ( -1.000000000000000000, 0.000000000000000000, 0.000000000000000000 ) ) ;
#3136 = CARTESIAN_POINT ( 'NONE',  ( 56.99999999999997868, 32.00000000000000711, 7.000000000000000000 ) ) ;
#3137 = ORIENTED_EDGE ( 'NONE', *, *, #5846, .T. ) ;
#3138 = ADVANCED_FACE ( 'NONE', ( #6013 ), #2237, .T. ) ;
#3139 = DIRECTION ( 'NONE',  ( -1.000000000000000000, 1.521687259628778569E-17, 0.000000000000000000 ) ) ;
#3140 = CARTESIAN_POINT ( 'NONE',  ( 58.99999999999997868, 49.99999999999999289, 15.99999999999999645 ) ) ;
#3141 = VERTEX_POINT ( 'NONE', #1197 ) ;
#3142 = EDGE_CURVE ( 'NONE', #3591, #1395, #3640, .T. ) ;
#3143 = LINE ( 'NONE', #3722, #2494 ) ;
#3144 = DIRECTION ( 'NONE',  ( -0.000000000000000000, 0.000000000000000000, 1.000000000000000000 ) ) ;
#3145 = VERTEX_POINT ( 'NONE', #3278 ) ;
#3146 = AXIS2_PLACEMENT_3D ( 'NONE', #1840, #1812, #2847 ) ;
#3147 = LINE ( 'NONE', #4155, #3738 ) ;
#3148 = VECTOR ( 'NONE', #3894, 1000.000000000000227 ) ;
#3149 = DIRECTION ( 'NONE',  ( 1.779203565104417868E-16, 0.000000000000000000, -1.000000000000000000 ) ) ;
#3150 = LINE ( 'NONE', #1138, #6193 ) ;
#3151 = VECTOR ( 'NONE', #2784, 1000.000000000000000 ) ;
#3152 = ADVANCED_FACE ( 'NONE', ( #3184 ), #5163, .T. ) ;
#3153 = CYLINDRICAL_SURFACE ( 'NONE', #6236, 0.7500000000000006661 ) ;
#3154 = ORIENTED_EDGE ( 'NONE', *, *, #5931, .F. ) ;
#3155 = LINE ( 'NONE', #2666, #157 ) ;
#3156 = EDGE_CURVE ( 'NONE', #5911, #645, #292, .T. ) ;
#3157 = AXIS2_PLACEMENT_3D ( 'NONE', #449, #323, #2302 ) ;
#3158 = CARTESIAN_POINT ( 'NONE',  ( 37.50000000000000000, 4.000000000000000000, 0.000000000000000000 ) ) ;
#3159 = VERTEX_POINT ( 'NONE', #774 ) ;
#3160 = FACE_OUTER_BOUND ( 'NONE', #6380, .T. ) ;
#3161 = DIRECTION ( 'NONE',  ( 1.000000000000000000, 0.000000000000000000, -0.000000000000000000 ) ) ;
#3162 = VERTEX_POINT ( 'NONE', #4768 ) ;
#3163 = ADVANCED_FACE ( 'NONE', ( #2724 ), #1261, .F. ) ;
#3164 = ORIENTED_EDGE ( 'NONE', *, *, #5659, .T. ) ;
#3165 = VERTEX_POINT ( 'NONE', #2698 ) ;
#3166 = DIRECTION ( 'NONE',  ( 0.000000000000000000, 0.000000000000000000, -1.000000000000000000 ) ) ;
#3167 = DIRECTION ( 'NONE',  ( 0.000000000000000000, 0.000000000000000000, -1.000000000000000000 ) ) ;
#3168 = EDGE_CURVE ( 'NONE', #5523, #588, #2269, .T. ) ;
#3169 = ORIENTED_EDGE ( 'NONE', *, *, #2658, .T. ) ;
#3170 = CARTESIAN_POINT ( 'NONE',  ( 61.87305627518718865, 88.94999999999998863, 0.000000000000000000 ) ) ;
#3171 = AXIS2_PLACEMENT_3D ( 'NONE', #2448, #534, #2973 ) ;
#3172 = PLANE ( 'NONE',  #3711 ) ;
#3173 = VERTEX_POINT ( 'NONE', #3800 ) ;
#3174 = LINE ( 'NONE', #2165, #9 ) ;
#3175 = ADVANCED_FACE ( 'NONE', ( #3247 ), #5747, .T. ) ;
#3176 = LINE ( 'NONE', #2687, #4158 ) ;
#3177 = ORIENTED_EDGE ( 'NONE', *, *, #6141, .T. ) ;
#3178 = DIRECTION ( 'NONE',  ( -1.541976423090495633E-16, 1.000000000000000000, -1.192622389734055124E-16 ) ) ;
#3179 = VECTOR ( 'NONE', #303, 1000.000000000000000 ) ;
#3180 = FACE_OUTER_BOUND ( 'NONE', #4922, .T. ) ;
#3181 = CARTESIAN_POINT ( 'NONE',  ( 61.00521059585909001, 8.749999999999987566, 8.249999999999996447 ) ) ;
#3182 = VERTEX_POINT ( 'NONE', #5777 ) ;
#3183 = FACE_OUTER_BOUND ( 'NONE', #1432, .T. ) ;
#3184 = FACE_OUTER_BOUND ( 'NONE', #1678, .T. ) ;
#3185 = ORIENTED_EDGE ( 'NONE', *, *, #32, .T. ) ;
#3186 = DIRECTION ( 'NONE',  ( -1.000000000000000000, 0.000000000000000000, 0.000000000000000000 ) ) ;
#3187 = ORIENTED_EDGE ( 'NONE', *, *, #505, .F. ) ;
#3188 = ORIENTED_EDGE ( 'NONE', *, *, #617, .T. ) ;
#3189 = CARTESIAN_POINT ( 'NONE',  ( 0.000000000000000000, 0.000000000000000000, 6.000000000000000000 ) ) ;
#3190 = AXIS2_PLACEMENT_3D ( 'NONE', #5767, #3300, #5286 ) ;
#3191 = PLANE ( 'NONE',  #4887 ) ;
#3192 = ORIENTED_EDGE ( 'NONE', *, *, #4759, .T. ) ;
#3193 = CARTESIAN_POINT ( 'NONE',  ( 9.000000000000000000, 96.00000000000000000, 25.10000000000000142 ) ) ;
#3194 = CARTESIAN_POINT ( 'NONE',  ( 62.52786404500040618, 84.99999999999998579, 12.99999999999999822 ) ) ;
#3195 = ORIENTED_EDGE ( 'NONE', *, *, #3887, .T. ) ;
#3196 = AXIS2_PLACEMENT_3D ( 'NONE', #2463, #2566, #5524 ) ;
#3197 = EDGE_CURVE ( 'NONE', #3562, #715, #1071, .T. ) ;
#3198 = DIRECTION ( 'NONE',  ( -0.000000000000000000, -0.000000000000000000, -1.000000000000000000 ) ) ;
#3199 = VECTOR ( 'NONE', #4108, 1000.000000000000000 ) ;
#3200 = DIRECTION ( 'NONE',  ( 0.000000000000000000, 0.000000000000000000, 1.000000000000000000 ) ) ;
#3201 = EDGE_LOOP ( 'NONE', ( #2133, #4027, #5813, #2868 ) ) ;
#3202 = EDGE_CURVE ( 'NONE', #1958, #1218, #2213, .T. ) ;
#3203 = VERTEX_POINT ( 'NONE', #6237 ) ;
#3204 = FACE_OUTER_BOUND ( 'NONE', #2508, .T. ) ;
#3205 = CARTESIAN_POINT ( 'NONE',  ( 1.999999999999986677, 87.99999999999998579, 2.000000000000000000 ) ) ;
#3206 = EDGE_CURVE ( 'NONE', #1203, #1231, #6170, .T. ) ;
#3207 = EDGE_CURVE ( 'NONE', #5600, #3003, #1818, .T. ) ;
#3208 = CARTESIAN_POINT ( 'NONE',  ( 1.999999999999982681, 2.000000000000000000, 0.5857864376269013018 ) ) ;
#3209 = VERTEX_POINT ( 'NONE', #1228 ) ;
#3210 = FACE_BOUND ( 'NONE', #5320, .T. ) ;
#3211 = DIRECTION ( 'NONE',  ( -1.000000000000000000, 1.334402673828312353E-16, 0.000000000000000000 ) ) ;
#3212 = EDGE_LOOP ( 'NONE', ( #2888, #3694, #909 ) ) ;
#3213 = DIRECTION ( 'NONE',  ( -2.312964634635743450E-16, 1.000000000000000000, 0.000000000000000000 ) ) ;
#3214 = VECTOR ( 'NONE', #4242, 1000.000000000000000 ) ;
#3215 = AXIS2_PLACEMENT_3D ( 'NONE', #6431, #3538, #5999 ) ;
#3216 = VECTOR ( 'NONE', #3665, 1000.000000000000114 ) ;
#3217 = ORIENTED_EDGE ( 'NONE', *, *, #5742, .F. ) ;
#3218 = ORIENTED_EDGE ( 'NONE', *, *, #5385, .F. ) ;
#3219 = DIRECTION ( 'NONE',  ( 0.000000000000000000, 0.000000000000000000, -1.000000000000000000 ) ) ;
#3220 = EDGE_CURVE ( 'NONE', #5719, #2603, #3311, .T. ) ;
#3221 = DIRECTION ( 'NONE',  ( 0.000000000000000000, -0.000000000000000000, -1.000000000000000000 ) ) ;
#3222 = ORIENTED_EDGE ( 'NONE', *, *, #2692, .F. ) ;
#3223 = VECTOR ( 'NONE', #2573, 1000.000000000000000 ) ;
#3224 = CIRCLE ( 'NONE', #1047, 2.299999999999989608 ) ;
#3225 = DIRECTION ( 'NONE',  ( 6.672013369141566696E-17, 1.000000000000000000, 0.000000000000000000 ) ) ;
#3226 = VECTOR ( 'NONE', #1746, 1000.000000000000000 ) ;
#3227 = CARTESIAN_POINT ( 'NONE',  ( 37.50000000000000000, 0.000000000000000000, 2.000000000000000000 ) ) ;
#3228 = ORIENTED_EDGE ( 'NONE', *, *, #5474, .T. ) ;
#3229 = EDGE_CURVE ( 'NONE', #1525, #4660, #6199, .T. ) ;
#3230 = ORIENTED_EDGE ( 'NONE', *, *, #6066, .F. ) ;
#3231 = CARTESIAN_POINT ( 'NONE',  ( 4.000000000000000000, 32.00000000000000000, 7.000000000000000000 ) ) ;
#3232 = FACE_OUTER_BOUND ( 'NONE', #3796, .T. ) ;
#3233 = ADVANCED_FACE ( 'NONE', ( #5295 ), #5262, .F. ) ;
#3234 = CIRCLE ( 'NONE', #1576, 0.7500000000000000000 ) ;
#3235 = DIRECTION ( 'NONE',  ( -1.838995606619757339E-32, 1.192622389734055124E-16, 1.000000000000000000 ) ) ;
#3236 = PLANE ( 'NONE',  #1973 ) ;
#3237 = ORIENTED_EDGE ( 'NONE', *, *, #737, .F. ) ;
#3238 = EDGE_CURVE ( 'NONE', #5978, #5487, #2788, .T. ) ;
#3239 = VERTEX_POINT ( 'NONE', #4928 ) ;
#3240 = CARTESIAN_POINT ( 'NONE',  ( -9.250000000000017764, -9.249999999999998224, 0.7500000000000000000 ) ) ;
#3241 = CARTESIAN_POINT ( 'NONE',  ( 58.99999999999999289, 88.00000000000000000, 25.10000000000000142 ) ) ;
#3242 = EDGE_CURVE ( 'NONE', #493, #2195, #5388, .T. ) ;
#3243 = CARTESIAN_POINT ( 'NONE',  ( 1.999999999999995337, 31.99999999999997158, 13.00000000000000888 ) ) ;
#3244 = ORIENTED_EDGE ( 'NONE', *, *, #2655, .F. ) ;
#3245 = DIRECTION ( 'NONE',  ( 1.000000000000000000, 0.000000000000000000, 0.000000000000000000 ) ) ;
#3246 = AXIS2_PLACEMENT_3D ( 'NONE', #3240, #6359, #5382 ) ;
#3247 = FACE_OUTER_BOUND ( 'NONE', #6358, .T. ) ;
#3248 = ORIENTED_EDGE ( 'NONE', *, *, #250, .F. ) ;
#3249 = EDGE_CURVE ( 'NONE', #5631, #5572, #481, .T. ) ;
#3250 = PLANE ( 'NONE',  #4519 ) ;
#3251 = VECTOR ( 'NONE', #1358, 1000.000000000000000 ) ;
#3252 = AXIS2_PLACEMENT_3D ( 'NONE', #1065, #613, #4514 ) ;
#3253 = VERTEX_POINT ( 'NONE', #358 ) ;
#3254 = ORIENTED_EDGE ( 'NONE', *, *, #4367, .F. ) ;
#3255 = DIRECTION ( 'NONE',  ( 0.000000000000000000, 0.000000000000000000, -1.000000000000000000 ) ) ;
#3256 = DIRECTION ( 'NONE',  ( 1.337451350268914030E-32, -8.673617379884034239E-17, -1.000000000000000000 ) ) ;
#3257 = DIRECTION ( 'NONE',  ( 0.000000000000000000, -1.000000000000000000, 0.000000000000000000 ) ) ;
#3258 = ORIENTED_EDGE ( 'NONE', *, *, #6411, .T. ) ;
#3259 = CARTESIAN_POINT ( 'NONE',  ( 66.99999999999998579, 9.000000000000001776, 0.000000000000000000 ) ) ;
#3260 = DIRECTION ( 'NONE',  ( 1.981409407805800935E-32, -1.284980352575413932E-16, -1.000000000000000000 ) ) ;
#3261 = VERTEX_POINT ( 'NONE', #2921 ) ;
#3262 = ORIENTED_EDGE ( 'NONE', *, *, #5120, .T. ) ;
#3263 = PLANE ( 'NONE',  #2882 ) ;
#3264 = DIRECTION ( 'NONE',  ( 0.000000000000000000, -1.000000000000000000, -1.239088197126291063E-16 ) ) ;
#3265 = CARTESIAN_POINT ( 'NONE',  ( 10.00000000000000000, 2.000000000000000000, 20.00000000000000000 ) ) ;
#3266 = CARTESIAN_POINT ( 'NONE',  ( 66.99999999999998579, 87.00000000000000000, 25.10000000000000142 ) ) ;
#3267 = CARTESIAN_POINT ( 'NONE',  ( -8.753887449625585404, 93.49999999999995737, 6.000000000000000000 ) ) ;
#3268 = ORIENTED_EDGE ( 'NONE', *, *, #159, .T. ) ;
#3269 = VECTOR ( 'NONE', #3280, 1000.000000000000000 ) ;
#3270 = VERTEX_POINT ( 'NONE', #5358 ) ;
#3271 = CARTESIAN_POINT ( 'NONE',  ( 56.99999999999997868, 88.00000000000000000, 8.500000000000000000 ) ) ;
#3272 = CARTESIAN_POINT ( 'NONE',  ( 16.99999999999999289, 2.000000000000000000, 7.000000000000000000 ) ) ;
#3273 = CARTESIAN_POINT ( 'NONE',  ( 4.000000000000000000, 65.00000000000000000, 2.000000000000000000 ) ) ;
#3274 = EDGE_CURVE ( 'NONE', #150, #565, #5123, .T. ) ;
#3275 = ORIENTED_EDGE ( 'NONE', *, *, #1107, .F. ) ;
#3276 = DIRECTION ( 'NONE',  ( 0.000000000000000000, -1.000000000000000000, 0.000000000000000000 ) ) ;
#3277 = AXIS2_PLACEMENT_3D ( 'NONE', #272, #5637, #4149 ) ;
#3278 = CARTESIAN_POINT ( 'NONE',  ( 58.99999999999998579, 24.49999999999998934, 11.94999999999999929 ) ) ;
#3279 = VERTEX_POINT ( 'NONE', #1389 ) ;
#3280 = DIRECTION ( 'NONE',  ( 0.000000000000000000, 0.000000000000000000, 1.000000000000000000 ) ) ;
#3281 = CC_DESIGN_DATE_AND_TIME_ASSIGNMENT ( #3901, #39, ( #2040 ) ) ;
#3282 = EDGE_LOOP ( 'NONE', ( #1085, #2354, #1379, #4753 ) ) ;
#3283 = EDGE_LOOP ( 'NONE', ( #5183, #1492, #2564, #47, #3465, #2168 ) ) ;
#3284 = EDGE_CURVE ( 'NONE', #3676, #5281, #6297, .T. ) ;
#3285 = ORIENTED_EDGE ( 'NONE', *, *, #1063, .T. ) ;
#3286 = DIRECTION ( 'NONE',  ( 1.000000000000000000, 0.000000000000000000, 0.000000000000000000 ) ) ;
#3287 = FACE_OUTER_BOUND ( 'NONE', #853, .T. ) ;
#3288 = DIRECTION ( 'NONE',  ( -0.000000000000000000, -0.000000000000000000, -1.000000000000000000 ) ) ;
#3289 = ORIENTED_EDGE ( 'NONE', *, *, #1102, .F. ) ;
#3290 = CARTESIAN_POINT ( 'NONE',  ( 58.99999999999998579, 33.50000000000000000, 7.000000000000000000 ) ) ;
#3291 = LINE ( 'NONE', #4722, #3102 ) ;
#3292 = VERTEX_POINT ( 'NONE', #4353 ) ;
#3293 = VERTEX_POINT ( 'NONE', #6334 ) ;
#3294 = CARTESIAN_POINT ( 'NONE',  ( 56.99999999999997868, 63.50000000000000000, 2.000000000000000000 ) ) ;
#3295 = CC_DESIGN_APPROVAL ( #3959, ( #1420 ) ) ;
#3296 = DIRECTION ( 'NONE',  ( 1.000000000000000000, -0.000000000000000000, 0.000000000000000000 ) ) ;
#3297 = DIRECTION ( 'NONE',  ( 1.000000000000000000, 0.000000000000000000, 0.000000000000000000 ) ) ;
#3298 = CARTESIAN_POINT ( 'NONE',  ( 57.99999999999997868, 96.00000000000000000, 25.10000000000000142 ) ) ;
#3299 = AXIS2_PLACEMENT_3D ( 'NONE', #2293, #3337, #5319 ) ;
#3300 = DIRECTION ( 'NONE',  ( 1.957931771489248420E-16, 0.000000000000000000, -1.000000000000000000 ) ) ;
#3301 = VECTOR ( 'NONE', #2002, 1000.000000000000000 ) ;
#3302 = ORIENTED_EDGE ( 'NONE', *, *, #5701, .F. ) ;
#3303 = VERTEX_POINT ( 'NONE', #5807 ) ;
#3304 = CARTESIAN_POINT ( 'NONE',  ( 67.12694372481279004, 1.050000000000004485, 6.000000000000000000 ) ) ;
#3305 = VECTOR ( 'NONE', #215, 1000.000000000000000 ) ;
#3306 = FACE_OUTER_BOUND ( 'NONE', #1519, .T. ) ;
#3307 = DIRECTION ( 'NONE',  ( -0.000000000000000000, -0.000000000000000000, 1.000000000000000000 ) ) ;
#3308 = ORIENTED_EDGE ( 'NONE', *, *, #6411, .F. ) ;
#3309 = CARTESIAN_POINT ( 'NONE',  ( -6.126943724812813130, 1.050000000000001377, 6.000000000000000000 ) ) ;
#3310 = EDGE_CURVE ( 'NONE', #2998, #4235, #901, .T. ) ;
#3311 = LINE ( 'NONE', #5197, #154 ) ;
#3312 = ORIENTED_EDGE ( 'NONE', *, *, #5826, .T. ) ;
#3313 = CARTESIAN_POINT ( 'NONE',  ( 29.71995838912544485, 0.000000000000000000, 20.00000000000000000 ) ) ;
#3314 = EDGE_LOOP ( 'NONE', ( #216, #771, #5468, #2211 ) ) ;
#3315 = ORIENTED_EDGE ( 'NONE', *, *, #4899, .T. ) ;
#3316 = EDGE_CURVE ( 'NONE', #5770, #5978, #6158, .T. ) ;
#3317 = VERTEX_POINT ( 'NONE', #1421 ) ;
#3318 = APPLICATION_PROTOCOL_DEFINITION ( 'international standard', 'config_control_design', 1994, #1094 ) ;
#3319 = DIRECTION ( 'NONE',  ( -1.000000000000000000, -8.068481283613059492E-17, 0.000000000000000000 ) ) ;
#3320 = DIRECTION ( 'NONE',  ( -0.000000000000000000, -0.000000000000000000, -1.000000000000000000 ) ) ;
#3321 = VERTEX_POINT ( 'NONE', #2461 ) ;
#3322 = PLANE ( 'NONE',  #5655 ) ;
#3323 = ADVANCED_FACE ( 'NONE', ( #5901 ), #3833, .T. ) ;
#3324 = VECTOR ( 'NONE', #132, 1000.000000000000000 ) ;
#3325 = DIRECTION ( 'NONE',  ( -0.000000000000000000, -0.000000000000000000, 1.000000000000000000 ) ) ;
#3326 = ORIENTED_EDGE ( 'NONE', *, *, #4165, .F. ) ;
#3327 = VECTOR ( 'NONE', #3852, 1000.000000000000000 ) ;
#3328 = ORIENTED_EDGE ( 'NONE', *, *, #5190, .T. ) ;
#3329 = CARTESIAN_POINT ( 'NONE',  ( 60.99999999999997158, 84.99999999999998579, 2.000000000000000000 ) ) ;
#3330 = AXIS2_PLACEMENT_3D ( 'NONE', #184, #4537, #569 ) ;
#3331 = EDGE_CURVE ( 'NONE', #2295, #3055, #5842, .T. ) ;
#3332 = DIRECTION ( 'NONE',  ( 1.000000000000000000, -1.650895163447427369E-16, 0.000000000000000000 ) ) ;
#3333 = VECTOR ( 'NONE', #1549, 1000.000000000000000 ) ;
#3334 = FACE_OUTER_BOUND ( 'NONE', #274, .T. ) ;
#3335 = CARTESIAN_POINT ( 'NONE',  ( 1.753887449625599837, 93.50000000000004263, 6.000000000000000000 ) ) ;
#3336 = EDGE_CURVE ( 'NONE', #5578, #4811, #1451, .T. ) ;
#3337 = DIRECTION ( 'NONE',  ( 0.000000000000000000, -1.000000000000000000, 0.000000000000000000 ) ) ;
#3338 = VECTOR ( 'NONE', #5305, 1000.000000000000000 ) ;
#3339 = ORIENTED_EDGE ( 'NONE', *, *, #152, .F. ) ;
#3340 = EDGE_CURVE ( 'NONE', #5572, #3496, #1880, .T. ) ;
#3341 = ORIENTED_EDGE ( 'NONE', *, *, #3687, .F. ) ;
#3342 = FACE_OUTER_BOUND ( 'NONE', #2875, .T. ) ;
#3343 = DIRECTION ( 'NONE',  ( 1.630376018710721586E-16, 0.000000000000000000, -1.000000000000000000 ) ) ;
#3344 = CARTESIAN_POINT ( 'NONE',  ( 27.71995838912544485, 2.000000000000000000, 20.00000000000000355 ) ) ;
#3345 = FACE_OUTER_BOUND ( 'NONE', #3634, .T. ) ;
#3346 = CARTESIAN_POINT ( 'NONE',  ( 58.99999999999997868, 49.99999999999999289, 15.99999999999999645 ) ) ;
#3347 = EDGE_LOOP ( 'NONE', ( #1791, #2818, #3230, #801 ) ) ;
#3348 = LINE ( 'NONE', #5809, #2544 ) ;
#3349 = EDGE_CURVE ( 'NONE', #202, #4636, #6397, .T. ) ;
#3350 = EDGE_CURVE ( 'NONE', #4009, #3173, #4867, .T. ) ;
#3351 = CARTESIAN_POINT ( 'NONE',  ( -9.249999999999998224, 99.99999999999998579, -18.38477631085023489 ) ) ;
#3352 = AXIS2_PLACEMENT_3D ( 'NONE', #4955, #3952, #2521 ) ;
#3353 = VERTEX_POINT ( 'NONE', #2401 ) ;
#3354 = ORIENTED_EDGE ( 'NONE', *, *, #6010, .F. ) ;
#3355 = DATE_AND_TIME ( #1754, #1529 ) ;
#3356 = LINE ( 'NONE', #5850, #4784 ) ;
#3357 = LINE ( 'NONE', #913, #967 ) ;
#3358 = ORIENTED_EDGE ( 'NONE', *, *, #5833, .T. ) ;
#3359 = VECTOR ( 'NONE', #3126, 1000.000000000000000 ) ;
#3360 = CARTESIAN_POINT ( 'NONE',  ( 70.24999999999998579, 87.75000000000000000, 25.10000000000000142 ) ) ;
#3361 = EDGE_CURVE ( 'NONE', #3089, #5348, #4389, .T. ) ;
#3362 = VECTOR ( 'NONE', #1038, 1000.000000000000000 ) ;
#3363 = PLANE ( 'NONE',  #4959 ) ;
#3364 = VERTEX_POINT ( 'NONE', #3444 ) ;
#3365 = VECTOR ( 'NONE', #3054, 1000.000000000000000 ) ;
#3366 = ORIENTED_EDGE ( 'NONE', *, *, #936, .T. ) ;
#3367 = ADVANCED_FACE ( 'NONE', ( #3473 ), #5420, .F. ) ;
#3368 = DIRECTION ( 'NONE',  ( 0.000000000000000000, 0.000000000000000000, -1.000000000000000000 ) ) ;
#3369 = CARTESIAN_POINT ( 'NONE',  ( -10.00000000000001599, 2.689339828220179029, 0.3106601717798218032 ) ) ;
#3370 = CARTESIAN_POINT ( 'NONE',  ( 22.50000000000000000, 4.000000000000000000, 0.000000000000000000 ) ) ;
#3371 = DIRECTION ( 'NONE',  ( 1.541976423090495633E-16, -1.000000000000000000, 1.246832498358330346E-16 ) ) ;
#3372 = VERTEX_POINT ( 'NONE', #871 ) ;
#3373 = ORIENTED_EDGE ( 'NONE', *, *, #4826, .F. ) ;
#3374 = DIRECTION ( 'NONE',  ( -0.000000000000000000, 0.000000000000000000, 1.000000000000000000 ) ) ;
#3375 = EDGE_CURVE ( 'NONE', #202, #1120, #2820, .T. ) ;
#3376 = DIRECTION ( 'NONE',  ( 1.000000000000000000, 2.312964634635743450E-16, -0.000000000000000000 ) ) ;
#3377 = VECTOR ( 'NONE', #840, 1000.000000000000000 ) ;
#3378 = CARTESIAN_POINT ( 'NONE',  ( 1.999999999999999556, 65.00000000000000000, 7.000000000000000000 ) ) ;
#3379 = DIRECTION ( 'NONE',  ( 1.000000000000000000, 0.000000000000000000, -0.000000000000000000 ) ) ;
#3380 = DIRECTION ( 'NONE',  ( -0.000000000000000000, -1.000000000000000000, -2.569960705150826877E-16 ) ) ;
#3381 = ORIENTED_EDGE ( 'NONE', *, *, #2444, .T. ) ;
#3382 = CARTESIAN_POINT ( 'NONE',  ( 2.999999991999983795, -3.061617095840134222E-17, 30.10000000000000142 ) ) ;
#3383 = DIRECTION ( 'NONE',  ( 0.000000000000000000, 1.000000000000000000, 0.000000000000000000 ) ) ;
#3384 = ORIENTED_EDGE ( 'NONE', *, *, #4646, .F. ) ;
#3385 = ORIENTED_EDGE ( 'NONE', *, *, #3962, .F. ) ;
#3386 = CARTESIAN_POINT ( 'NONE',  ( 40.39999999999997726, 90.00000000000000000, 8.500000000000001776 ) ) ;
#3387 = DIRECTION ( 'NONE',  ( -0.000000000000000000, -0.000000000000000000, -1.000000000000000000 ) ) ;
#3388 = ORIENTED_EDGE ( 'NONE', *, *, #1523, .T. ) ;
#3389 = VECTOR ( 'NONE', #882, 1000.000000000000000 ) ;
#3390 = CARTESIAN_POINT ( 'NONE',  ( 66.99999999999998579, 9.000000000000001776, 25.10000000000000142 ) ) ;
#3391 = LINE ( 'NONE', #13, #402 ) ;
#3392 = ORIENTED_EDGE ( 'NONE', *, *, #310, .F. ) ;
#3393 = EDGE_LOOP ( 'NONE', ( #1570, #5883, #6145, #3929 ) ) ;
#3394 = CARTESIAN_POINT ( 'NONE',  ( -3.500000000000017764, -3.499999999999999112, 0.000000000000000000 ) ) ;
#3395 = DIRECTION ( 'NONE',  ( -0.000000000000000000, -0.000000000000000000, 1.000000000000000000 ) ) ;
#3396 = FACE_OUTER_BOUND ( 'NONE', #2617, .T. ) ;
#3397 = DIRECTION ( 'NONE',  ( 0.000000000000000000, -0.000000000000000000, 1.000000000000000000 ) ) ;
#3398 = EDGE_CURVE ( 'NONE', #2440, #881, #2365, .T. ) ;
#3399 = ORIENTED_EDGE ( 'NONE', *, *, #4032, .F. ) ;
#3400 = EDGE_LOOP ( 'NONE', ( #4127, #5856, #1390, #5275 ) ) ;
#3401 = LINE ( 'NONE', #1580, #5324 ) ;
#3402 = VECTOR ( 'NONE', #971, 1000.000000000000000 ) ;
#3403 = CARTESIAN_POINT ( 'NONE',  ( 1.999999999999987121, 84.99999999999997158, 13.00000000000000178 ) ) ;
#3404 = VECTOR ( 'NONE', #106, 1000.000000000000000 ) ;
#3405 = ADVANCED_FACE ( 'NONE', ( #615 ), #5522, .F. ) ;
#3406 = VECTOR ( 'NONE', #4531, 1000.000000000000000 ) ;
#3407 = PLANE ( 'NONE',  #1126 ) ;
#3408 = FACE_OUTER_BOUND ( 'NONE', #1988, .T. ) ;
#3409 = EDGE_CURVE ( 'NONE', #925, #3239, #5452, .T. ) ;
#3410 = DIRECTION ( 'NONE',  ( 0.000000000000000000, 0.000000000000000000, 1.000000000000000000 ) ) ;
#3411 = ORIENTED_EDGE ( 'NONE', *, *, #4948, .T. ) ;
#3412 = CARTESIAN_POINT ( 'NONE',  ( -9.791550286624644313E-15, 63.49999999999997158, 16.00000000000000355 ) ) ;
#3413 = ADVANCED_FACE ( 'NONE', ( #6001 ), #1626, .F. ) ;
#3414 = DIRECTION ( 'NONE',  ( -0.5000000000000002220, -0.8660254037844385966, 0.000000000000000000 ) ) ;
#3415 = ORIENTED_EDGE ( 'NONE', *, *, #4284, .F. ) ;
#3416 = ORIENTED_EDGE ( 'NONE', *, *, #2396, .F. ) ;
#3417 = DIRECTION ( 'NONE',  ( -2.988228528972489235E-19, -1.000000000000000000, 0.000000000000000000 ) ) ;
#3418 = CARTESIAN_POINT ( 'NONE',  ( -10.00000000000001599, 2.250000000000000444, 25.10000000000000142 ) ) ;
#3419 = EDGE_LOOP ( 'NONE', ( #4313, #5528, #2366, #4045 ) ) ;
#3420 = CARTESIAN_POINT ( 'NONE',  ( 2.999999999999982681, 3.000000000000000000, 25.10000000000000142 ) ) ;
#3421 = CYLINDRICAL_SURFACE ( 'NONE', #4037, 0.7500000000000006661 ) ;
#3422 = ORIENTED_EDGE ( 'NONE', *, *, #1185, .F. ) ;
#3423 = ORIENTED_EDGE ( 'NONE', *, *, #2100, .F. ) ;
#3424 = EDGE_CURVE ( 'NONE', #276, #2696, #62, .T. ) ;
#3425 = DIRECTION ( 'NONE',  ( -1.000000000000000000, -1.541976423090495633E-16, -0.000000000000000000 ) ) ;
#3426 = DIRECTION ( 'NONE',  ( 0.000000000000000000, -1.000000000000000000, 0.000000000000000000 ) ) ;
#3427 = DIRECTION ( 'NONE',  ( 0.000000000000000000, 0.000000000000000000, -1.000000000000000000 ) ) ;
#3428 = CARTESIAN_POINT ( 'NONE',  ( 1.999999999999995337, 31.99999999999997868, 16.00000000000000711 ) ) ;
#3429 = ORIENTED_EDGE ( 'NONE', *, *, #4041, .F. ) ;
#3430 = VECTOR ( 'NONE', #308, 1000.000000000000000 ) ;
#3431 = EDGE_CURVE ( 'NONE', #1436, #6317, #1136, .T. ) ;
#3432 = AXIS2_PLACEMENT_3D ( 'NONE', #2140, #2262, #2717 ) ;
#3433 = VECTOR ( 'NONE', #5144, 1000.000000000000000 ) ;
#3434 = VECTOR ( 'NONE', #963, 1000.000000000000000 ) ;
#3435 = EDGE_CURVE ( 'NONE', #2546, #3001, #2317, .T. ) ;
#3436 = DIRECTION ( 'NONE',  ( 1.000000000000000000, 0.000000000000000000, 0.000000000000000000 ) ) ;
#3437 = PLANE ( 'NONE',  #2807 ) ;
#3438 = VECTOR ( 'NONE', #3451, 1000.000000000000000 ) ;
#3439 = EDGE_CURVE ( 'NONE', #3061, #2138, #5966, .T. ) ;
#3440 = VECTOR ( 'NONE', #201, 1000.000000000000000 ) ;
#3441 = DIRECTION ( 'NONE',  ( -1.000000000000000000, 0.000000000000000000, -0.000000000000000000 ) ) ;
#3442 = PLANE ( 'NONE',  #5222 ) ;
#3443 = EDGE_CURVE ( 'NONE', #3782, #917, #562, .T. ) ;
#3444 = CARTESIAN_POINT ( 'NONE',  ( -5.799999999999994493, 93.50000000000000000, 25.10000000000000142 ) ) ;
#3445 = ORIENTED_EDGE ( 'NONE', *, *, #3336, .F. ) ;
#3446 = LINE ( 'NONE', #3475, #3402 ) ;
#3447 = LINE ( 'NONE', #4392, #3755 ) ;
#3448 = ORIENTED_EDGE ( 'NONE', *, *, #5618, .T. ) ;
#3449 = CARTESIAN_POINT ( 'NONE',  ( 2.999999999999981792, -9.999999999999998224, 43.48477631085023631 ) ) ;
#3450 = ORIENTED_EDGE ( 'NONE', *, *, #1800, .F. ) ;
#3451 = DIRECTION ( 'NONE',  ( -1.000000000000000000, -1.541976423090495633E-16, -0.000000000000000000 ) ) ;
#3452 = ADVANCED_FACE ( 'NONE', ( #998 ), #649, .F. ) ;
#3453 = LINE ( 'NONE', #6374, #1565 ) ;
#3454 = ORIENTED_EDGE ( 'NONE', *, *, #1096, .T. ) ;
#3455 = PLANE ( 'NONE',  #4823 ) ;
#3456 = CYLINDRICAL_SURFACE ( 'NONE', #2263, 2.299999999999996270 ) ;
#3457 = AXIS2_PLACEMENT_3D ( 'NONE', #5253, #5771, #3824 ) ;
#3458 = EDGE_LOOP ( 'NONE', ( #5224, #2616, #2591, #5622 ) ) ;
#3459 = EDGE_LOOP ( 'NONE', ( #5457, #5215, #4828, #3850, #4984 ) ) ;
#3460 = CARTESIAN_POINT ( 'NONE',  ( 36.49999999999998579, 88.00000000000000000, 8.499999999999998224 ) ) ;
#3461 = CARTESIAN_POINT ( 'NONE',  ( 4.000000000000000000, 32.00000000000000000, 7.000000000000000000 ) ) ;
#3462 = ORIENTED_EDGE ( 'NONE', *, *, #4991, .F. ) ;
#3463 = FACE_BOUND ( 'NONE', #4665, .T. ) ;
#3464 = CARTESIAN_POINT ( 'NONE',  ( 1.999999999999987121, 84.99999999999997158, 13.00000000000000178 ) ) ;
#3465 = ORIENTED_EDGE ( 'NONE', *, *, #4284, .T. ) ;
#3466 = VECTOR ( 'NONE', #1939, 1000.000000000000000 ) ;
#3467 = VECTOR ( 'NONE', #1938, 1000.000000000000000 ) ;
#3468 = FACE_BOUND ( 'NONE', #4565, .T. ) ;
#3469 = CARTESIAN_POINT ( 'NONE',  ( 56.99999999999997868, 63.50000000000000000, 7.000000000000000000 ) ) ;
#3470 = CARTESIAN_POINT ( 'NONE',  ( 10.00000000000000000, 0.000000000000000000, 16.00000000000000000 ) ) ;
#3471 = DIRECTION ( 'NONE',  ( 0.000000000000000000, 1.000000000000000000, 0.000000000000000000 ) ) ;
#3472 = DIRECTION ( 'NONE',  ( -0.000000000000000000, -0.000000000000000000, -1.000000000000000000 ) ) ;
#3473 = FACE_OUTER_BOUND ( 'NONE', #1534, .T. ) ;
#3474 = ORIENTED_EDGE ( 'NONE', *, *, #6117, .F. ) ;
#3475 = CARTESIAN_POINT ( 'NONE',  ( 57.99999999999998579, 87.00000000000000000, 25.10000000000000142 ) ) ;
#3476 = EDGE_CURVE ( 'NONE', #468, #3145, #2036, .T. ) ;
#3477 = CARTESIAN_POINT ( 'NONE',  ( 16.99999999999999289, 2.000000000000000000, 2.000000000000000000 ) ) ;
#3478 = ORIENTED_EDGE ( 'NONE', *, *, #3349, .T. ) ;
#3479 = CARTESIAN_POINT ( 'NONE',  ( -10.00000000000001599, 2.250000000000000444, 0.7500000000000000000 ) ) ;
#3480 = ORIENTED_EDGE ( 'NONE', *, *, #183, .T. ) ;
#3481 = LINE ( 'NONE', #4876, #3438 ) ;
#3482 = CARTESIAN_POINT ( 'NONE',  ( 1.999999999999995337, 31.99999999999997158, 13.00000000000000888 ) ) ;
#3483 = ORIENTED_EDGE ( 'NONE', *, *, #4383, .T. ) ;
#3484 = DIRECTION ( 'NONE',  ( 0.000000000000000000, 0.000000000000000000, 1.000000000000000000 ) ) ;
#3485 = DIRECTION ( 'NONE',  ( -4.223530579796573848E-32, 1.826024711554535146E-16, -1.000000000000000000 ) ) ;
#3486 = CC_DESIGN_PERSON_AND_ORGANIZATION_ASSIGNMENT ( #6305, #5234, ( #1660 ) ) ;
#3487 = EDGE_LOOP ( 'NONE', ( #4330, #5597, #5205, #1595 ) ) ;
#3488 = EDGE_CURVE ( 'NONE', #5002, #2878, #1550, .T. ) ;
#3489 = VERTEX_POINT ( 'NONE', #29 ) ;
#3490 = DIRECTION ( 'NONE',  ( 2.312964634635743450E-16, -1.000000000000000000, 0.000000000000000000 ) ) ;
#3491 = VECTOR ( 'NONE', #499, 1000.000000000000000 ) ;
#3492 = DIRECTION ( 'NONE',  ( -0.000000000000000000, -0.000000000000000000, -1.000000000000000000 ) ) ;
#3493 = ORIENTED_EDGE ( 'NONE', *, *, #617, .F. ) ;
#3494 = PLANE ( 'NONE',  #2459 ) ;
#3495 = LINE ( 'NONE', #2386, #1321 ) ;
#3496 = VERTEX_POINT ( 'NONE', #547 ) ;
#3497 = PLANE ( 'NONE',  #6361 ) ;
#3498 = DIRECTION ( 'NONE',  ( -1.000000000000000000, -7.709882115452478166E-17, 0.000000000000000000 ) ) ;
#3499 = CARTESIAN_POINT ( 'NONE',  ( 42.49999999999998579, 2.000000000000000000, 7.000000000000000000 ) ) ;
#3500 = LINE ( 'NONE', #3605, #5188 ) ;
#3501 = DIRECTION ( 'NONE',  ( -1.000000000000000000, -0.000000000000000000, -0.000000000000000000 ) ) ;
#3502 = DIRECTION ( 'NONE',  ( 0.000000000000000000, 1.000000000000000000, 2.775557561562891844E-16 ) ) ;
#3503 = ORIENTED_EDGE ( 'NONE', *, *, #2883, .F. ) ;
#3504 = DIRECTION ( 'NONE',  ( -1.000000000000000000, 0.000000000000000000, 0.000000000000000000 ) ) ;
#3505 = CIRCLE ( 'NONE', #1536, 6.000000000000000000 ) ;
#3506 = VECTOR ( 'NONE', #3123, 1000.000000000000000 ) ;
#3507 = EDGE_CURVE ( 'NONE', #3372, #3353, #5486, .T. ) ;
#3508 = DIRECTION ( 'NONE',  ( -1.000000000000000000, 0.000000000000000000, 1.045014142154702874E-16 ) ) ;
#3509 = ORIENTED_EDGE ( 'NONE', *, *, #4025, .T. ) ;
#3510 = LINE ( 'NONE', #5491, #2321 ) ;
#3511 = ORIENTED_EDGE ( 'NONE', *, *, #2718, .F. ) ;
#3512 = DIRECTION ( 'NONE',  ( -0.000000000000000000, 9.376883653928686624E-16, 1.000000000000000000 ) ) ;
#3513 = AXIS2_PLACEMENT_3D ( 'NONE', #2579, #4562, #5081 ) ;
#3514 = CYLINDRICAL_SURFACE ( 'NONE', #1380, 0.7500000000000000000 ) ;
#3515 = ORIENTED_EDGE ( 'NONE', *, *, #4508, .F. ) ;
#3516 = LINE ( 'NONE', #1145, #6394 ) ;
#3517 = DIRECTION ( 'NONE',  ( -1.000000000000000000, 0.000000000000000000, 0.000000000000000000 ) ) ;
#3518 = VERTEX_POINT ( 'NONE', #2143 ) ;
#3519 = EDGE_CURVE ( 'NONE', #2440, #1893, #4517, .T. ) ;
#3520 = ORIENTED_EDGE ( 'NONE', *, *, #5636, .F. ) ;
#3521 = ORIENTED_EDGE ( 'NONE', *, *, #256, .T. ) ;
#3522 = DIRECTION ( 'NONE',  ( 0.000000000000000000, 0.000000000000000000, -1.000000000000000000 ) ) ;
#3523 = DIRECTION ( 'NONE',  ( -1.734723475976807094E-15, 1.000000000000000000, 0.000000000000000000 ) ) ;
#3524 = ADVANCED_FACE ( 'NONE', ( #6107 ), #2498, .T. ) ;
#3525 = ORIENTED_EDGE ( 'NONE', *, *, #4948, .F. ) ;
#3526 = CARTESIAN_POINT ( 'NONE',  ( 67.12694372481280425, -8.049999999999991829, 6.000000000000000000 ) ) ;
#3527 = CARTESIAN_POINT ( 'NONE',  ( -9.250000000000017764, -9.999999999999998224, 25.10000000000000142 ) ) ;
#3528 = ORIENTED_EDGE ( 'NONE', *, *, #6113, .F. ) ;
#3529 = VECTOR ( 'NONE', #4486, 1000.000000000000000 ) ;
#3530 = ADVANCED_FACE ( 'NONE', ( #2113 ), #1654, .F. ) ;
#3531 = DIRECTION ( 'NONE',  ( 0.000000000000000000, 1.000000000000000000, -0.000000000000000000 ) ) ;
#3532 = EDGE_CURVE ( 'NONE', #1958, #715, #512, .T. ) ;
#3533 = DIRECTION ( 'NONE',  ( 1.000000000000000000, 2.312964634635743450E-16, -0.000000000000000000 ) ) ;
#3534 = VECTOR ( 'NONE', #1778, 1000.000000000000000 ) ;
#3535 = AXIS2_PLACEMENT_3D ( 'NONE', #1738, #5699, #192 ) ;
#3536 = EDGE_CURVE ( 'NONE', #854, #1239, #5589, .T. ) ;
#3537 = CARTESIAN_POINT ( 'NONE',  ( 51.99999999999998579, 90.00000000000000000, 2.000000000000000000 ) ) ;
#3538 = DIRECTION ( 'NONE',  ( 0.000000000000000000, -1.000000000000000000, 0.000000000000000000 ) ) ;
#3539 = VECTOR ( 'NONE', #488, 1000.000000000000000 ) ;
#3540 = PLANE ( 'NONE',  #5708 ) ;
#3541 = AXIS2_PLACEMENT_3D ( 'NONE', #3912, #5440, #4375 ) ;
#3542 = DIRECTION ( 'NONE',  ( -0.000000000000000000, 0.000000000000000000, 1.000000000000000000 ) ) ;
#3543 = ORIENTED_EDGE ( 'NONE', *, *, #6296, .F. ) ;
#3544 = VECTOR ( 'NONE', #3765, 1000.000000000000000 ) ;
#3545 = CARTESIAN_POINT ( 'NONE',  ( -9.249999999999998224, 87.00000000000000000, 0.7500000000000006661 ) ) ;
#3546 = DIRECTION ( 'NONE',  ( -2.674902700537828060E-32, 1.734723475976806848E-16, 1.000000000000000000 ) ) ;
#3547 = ORIENTED_EDGE ( 'NONE', *, *, #4677, .T. ) ;
#3548 = LINE ( 'NONE', #5943, #3506 ) ;
#3549 = EDGE_LOOP ( 'NONE', ( #2974, #437, #653, #6335 ) ) ;
#3550 = CLOSED_SHELL ( 'NONE', ( #5045, #5562, #6421, #765, #1737, #452, #262, #1027, #6351, #497, #86, #2474, #2355, #237, #3233, #4208, #5722, #1216, #5927, #1972, #5035, #1956, #5503, #4371, #4687, #2053, #1964, #2369, #3826, #3524, #4481, #1814, #698, #1248, #1693, #3163, #5732, #3175, #5544, #5279, #5254, #4394, #4737, #2675, #1774, #2752, #4564, #5728, #4741, #1103, #5558, #4156, #3413, #5934, #4866, #2164, #6204, #2760, #2678, #2039, #2770, #5514, #4776, #4004, #6301, #2179, #1628, #1820, #4490, #3115, #4985, #1502, #5353, #5061, #2071, #5307, #3897, #4916, #4791, #6203, #2536, #5425, #574, #6375, #983, #676, #4512, #1498, #3792, #6070, #4222, #1541, #1402, #5465, #2661, #3602, #5060, #1137, #3764, #2569, #1707, #803, #817, #2841, #4939, #2810, #3530, #1236, #3452, #1572, #2379, #2065, #4409, #352, #6025, #4117, #3405, #5928, #724, #3883, #4674, #5989, #3837, #5822, #4474, #2247, #1296, #5709, #2578, #4388, #385, #2751, #1044, #745, #68, #1048, #1019, #1257, #5138, #5695, #3690, #5541, #5595, #5982, #25, #6412, #2797, #6136, #2851, #558, #2845, #6426, #5904, #3012, #2693, #3138, #3872, #2060, #4669, #6328, #1701, #2889, #3004, #2282, #3323, #5317, #928, #2749, #275, #3832, #3152, #866, #6213, #3809, #3367, #5179, #4863, #2532, #6185, #371, #4708, #1723, #3789, #6133, #3118, #4310, #4050, #5458, #1977 ) ) ;
#3551 = DIRECTION ( 'NONE',  ( -0.5000000000000000000, 0.8660254037844385966, 0.000000000000000000 ) ) ;
#3552 = DIRECTION ( 'NONE',  ( -0.000000000000000000, -0.000000000000000000, -1.000000000000000000 ) ) ;
#3553 = ORIENTED_EDGE ( 'NONE', *, *, #5349, .F. ) ;
#3554 = DIRECTION ( 'NONE',  ( -1.000000000000000000, 0.000000000000000000, 1.045014142154702874E-16 ) ) ;
#3555 = EDGE_CURVE ( 'NONE', #5091, #764, #2203, .T. ) ;
#3556 = CARTESIAN_POINT ( 'NONE',  ( 1.999999999999995337, 31.99999999999997158, 13.00000000000000888 ) ) ;
#3557 = VERTEX_POINT ( 'NONE', #5649 ) ;
#3558 = ORIENTED_EDGE ( 'NONE', *, *, #3599, .F. ) ;
#3559 = VERTEX_POINT ( 'NONE', #225 ) ;
#3560 = CARTESIAN_POINT ( 'NONE',  ( 43.99999999999998579, 4.000000000000000000, 2.000000000000000000 ) ) ;
#3561 = DIRECTION ( 'NONE',  ( 0.000000000000000000, 0.000000000000000000, 1.000000000000000000 ) ) ;
#3562 = VERTEX_POINT ( 'NONE', #797 ) ;
#3563 = FACE_BOUND ( 'NONE', #2309, .T. ) ;
#3564 = CARTESIAN_POINT ( 'NONE',  ( 2.999999991999983795, -6.000000000000000888, 26.76666666666666927 ) ) ;
#3565 = ORIENTED_EDGE ( 'NONE', *, *, #1445, .T. ) ;
#3566 = EDGE_CURVE ( 'NONE', #5635, #5626, #1779, .T. ) ;
#3567 = VECTOR ( 'NONE', #1351, 1000.000000000000000 ) ;
#3568 = CARTESIAN_POINT ( 'NONE',  ( 2.250000000000000000, 99.24999999999998579, -18.38477631085023489 ) ) ;
#3569 = DIRECTION ( 'NONE',  ( -1.000000000000000000, 0.000000000000000000, 0.000000000000000000 ) ) ;
#3570 = VECTOR ( 'NONE', #4223, 1000.000000000000000 ) ;
#3571 = VERTEX_POINT ( 'NONE', #707 ) ;
#3572 = VECTOR ( 'NONE', #5933, 1000.000000000000227 ) ;
#3573 = EDGE_CURVE ( 'NONE', #2965, #3840, #3697, .T. ) ;
#3574 = CARTESIAN_POINT ( 'NONE',  ( -6.000000000000000888, 3.000000000000000000, 0.000000000000000000 ) ) ;
#3575 = DIRECTION ( 'NONE',  ( -0.5000000000000002220, -0.8660254037844385966, 0.000000000000000000 ) ) ;
#3576 = CARTESIAN_POINT ( 'NONE',  ( -0.8730562751871727700, 88.95000000000001705, 6.000000000000000000 ) ) ;
#3577 = CARTESIAN_POINT ( 'NONE',  ( 1.999999999999999556, 33.50000000000000000, 7.000000000000000000 ) ) ;
#3578 = ORIENTED_EDGE ( 'NONE', *, *, #76, .F. ) ;
#3579 = CARTESIAN_POINT ( 'NONE',  ( 1.999999999999994893, 33.50000000000000000, 5.000000000000001776 ) ) ;
#3580 = CARTESIAN_POINT ( 'NONE',  ( 60.99999999999997158, 84.99999999999998579, 5.000000000000000000 ) ) ;
#3581 = ORIENTED_EDGE ( 'NONE', *, *, #4086, .T. ) ;
#3582 = CARTESIAN_POINT ( 'NONE',  ( -1.310679959626920933E-14, 84.99999999999997158, 16.00000000000000000 ) ) ;
#3583 = ORIENTED_EDGE ( 'NONE', *, *, #5266, .T. ) ;
#3584 = DIRECTION ( 'NONE',  ( 0.000000000000000000, 1.000000000000000000, 2.478176394252580648E-16 ) ) ;
#3585 = ORIENTED_EDGE ( 'NONE', *, *, #3431, .F. ) ;
#3586 = CARTESIAN_POINT ( 'NONE',  ( -6.126943724812782932, 88.95000000000001705, 6.000000000000000000 ) ) ;
#3587 = LINE ( 'NONE', #77, #2686 ) ;
#3588 = VECTOR ( 'NONE', #2271, 1000.000000000000000 ) ;
#3589 = ORIENTED_EDGE ( 'NONE', *, *, #551, .T. ) ;
#3590 = ORIENTED_EDGE ( 'NONE', *, *, #949, .T. ) ;
#3591 = VERTEX_POINT ( 'NONE', #3763 ) ;
#3592 = CARTESIAN_POINT ( 'NONE',  ( 1.999999999999999556, 32.00000000000000000, 7.000000000000000000 ) ) ;
#3593 = CARTESIAN_POINT ( 'NONE',  ( -9.250000000000015987, 2.250000000000000444, 43.48477631085023631 ) ) ;
#3594 = EDGE_LOOP ( 'NONE', ( #4270, #2781, #3975, #829 ) ) ;
#3595 = LINE ( 'NONE', #6063, #701 ) ;
#3596 = CARTESIAN_POINT ( 'NONE',  ( 2.999999999999983569, -6.000000000000000000, 30.10000000000000142 ) ) ;
#3597 = ORIENTED_EDGE ( 'NONE', *, *, #927, .F. ) ;
#3598 = VECTOR ( 'NONE', #4561, 1000.000000000000000 ) ;
#3599 = EDGE_CURVE ( 'NONE', #6200, #4009, #4676, .T. ) ;
#3600 = CARTESIAN_POINT ( 'NONE',  ( 69.75388744962558008, 93.49999999999998579, 0.000000000000000000 ) ) ;
#3601 = CARTESIAN_POINT ( 'NONE',  ( 57.99999999999998579, 87.00000000000000000, 25.10000000000000142 ) ) ;
#3602 = ADVANCED_FACE ( 'NONE', ( #3730 ), #4187, .F. ) ;
#3603 = ORIENTED_EDGE ( 'NONE', *, *, #1845, .F. ) ;
#3604 = DIRECTION ( 'NONE',  ( 2.312964634635743450E-16, -1.000000000000000000, 0.000000000000000000 ) ) ;
#3605 = CARTESIAN_POINT ( 'NONE',  ( 1.753887449625579409, -3.499999999999998668, 6.000000000000000000 ) ) ;
#3606 = CARTESIAN_POINT ( 'NONE',  ( 16.99999999999999645, 4.000000000000000000, 7.000000000000000000 ) ) ;
#3607 = DIRECTION ( 'NONE',  ( -3.566536934050437961E-32, 2.312964634635743450E-16, 1.000000000000000000 ) ) ;
#3608 = EDGE_CURVE ( 'NONE', #1362, #5038, #4764, .T. ) ;
#3609 = LINE ( 'NONE', #2258, #4745 ) ;
#3610 = CARTESIAN_POINT ( 'NONE',  ( 62.20000000000000995, -3.499999999999999556, 6.000000000000000000 ) ) ;
#3611 = ORIENTED_EDGE ( 'NONE', *, *, #5671, .T. ) ;
#3612 = EDGE_CURVE ( 'NONE', #4819, #2546, #4733, .T. ) ;
#3613 = DIRECTION ( 'NONE',  ( -1.541976423090495633E-16, 1.000000000000000000, -1.734723475976806848E-16 ) ) ;
#3614 = CARTESIAN_POINT ( 'NONE',  ( 22.50000000000000000, 2.000000000000000444, 13.00000000000000178 ) ) ;
#3615 = ORIENTED_EDGE ( 'NONE', *, *, #4515, .F. ) ;
#3616 = EDGE_CURVE ( 'NONE', #5978, #5925, #5741, .T. ) ;
#3617 = CIRCLE ( 'NONE', #4138, 0.7500000000000006661 ) ;
#3618 = VECTOR ( 'NONE', #4478, 1000.000000000000000 ) ;
#3619 = FACE_OUTER_BOUND ( 'NONE', #1859, .T. ) ;
#3620 = CARTESIAN_POINT ( 'NONE',  ( 58.99999999999999289, 3.000000000000000000, 0.000000000000000000 ) ) ;
#3621 = EDGE_LOOP ( 'NONE', ( #670, #5873, #6083, #2711 ) ) ;
#3622 = ORIENTED_EDGE ( 'NONE', *, *, #2658, .F. ) ;
#3623 = EDGE_LOOP ( 'NONE', ( #1579, #3578, #556, #482, #210, #4524 ) ) ;
#3624 = VECTOR ( 'NONE', #6086, 1000.000000000000000 ) ;
#3625 = DIRECTION ( 'NONE',  ( 0.000000000000000000, -1.000000000000000000, 0.000000000000000000 ) ) ;
#3626 = DIRECTION ( 'NONE',  ( -0.000000000000000000, -0.000000000000000000, -1.000000000000000000 ) ) ;
#3627 = ORIENTED_EDGE ( 'NONE', *, *, #1125, .T. ) ;
#3628 = CARTESIAN_POINT ( 'NONE',  ( 1.999999999999987121, 84.99999999999997158, 5.000000000000000000 ) ) ;
#3629 = LINE ( 'NONE', #2552, #495 ) ;
#3630 = ORIENTED_EDGE ( 'NONE', *, *, #3375, .F. ) ;
#3631 = DIRECTION ( 'NONE',  ( -1.000000000000000000, 0.000000000000000000, 0.000000000000000000 ) ) ;
#3632 = LINE ( 'NONE', #700, #3216 ) ;
#3633 = EDGE_CURVE ( 'NONE', #3127, #5038, #4705, .T. ) ;
#3634 = EDGE_LOOP ( 'NONE', ( #181, #4111, #3169, #6242 ) ) ;
#3635 = EDGE_CURVE ( 'NONE', #116, #1621, #1685, .T. ) ;
#3636 = DIRECTION ( 'NONE',  ( 0.000000000000000000, 0.000000000000000000, -1.000000000000000000 ) ) ;
#3637 = CARTESIAN_POINT ( 'NONE',  ( -10.00000000000001599, 2.250000000000000444, 0.7500000000000000000 ) ) ;
#3638 = CARTESIAN_POINT ( 'NONE',  ( 2.999999999999981792, -9.999999999999998224, 25.10000000000000142 ) ) ;
#3639 = EDGE_CURVE ( 'NONE', #3945, #78, #3670, .T. ) ;
#3640 =( BOUNDED_CURVE ( )  B_SPLINE_CURVE ( 3, ( #743, #5228, #2177, #4254 ),
 .UNSPECIFIED., .F., .F. ) 
 B_SPLINE_CURVE_WITH_KNOTS ( ( 4, 4 ),
 ( 1.743619493802327523E-14, 1.570796326794895892 ),
 .UNSPECIFIED. ) 
 CURVE ( )  GEOMETRIC_REPRESENTATION_ITEM ( )  RATIONAL_B_SPLINE_CURVE ( ( 1.000000000000000000, 0.8047378541243693784, 0.8047378541243693784, 1.000000000000000000 ) ) 
 REPRESENTATION_ITEM ( '' )  );
#3641 = CARTESIAN_POINT ( 'NONE',  ( 8.999999999999984013, -6.000000000000000000, 0.000000000000000000 ) ) ;
#3642 = CIRCLE ( 'NONE', #4470, 0.7500000000000000000 ) ;
#3643 = DIRECTION ( 'NONE',  ( 1.541976423090495633E-16, -1.000000000000000000, 0.000000000000000000 ) ) ;
#3644 = EDGE_CURVE ( 'NONE', #3293, #5523, #2719, .T. ) ;
#3645 = EDGE_LOOP ( 'NONE', ( #3834, #5202, #3689, #794, #4694, #1496 ) ) ;
#3646 = VECTOR ( 'NONE', #668, 1000.000000000000000 ) ;
#3647 = CARTESIAN_POINT ( 'NONE',  ( 51.00000000000000000, 2.000000000000000000, 20.00000000000000355 ) ) ;
#3648 = AXIS2_PLACEMENT_3D ( 'NONE', #2980, #5580, #4511 ) ;
#3649 = CARTESIAN_POINT ( 'NONE',  ( -9.249999999999998224, 99.24999999999998579, -18.38477631085023489 ) ) ;
#3650 = ORIENTED_EDGE ( 'NONE', *, *, #3284, .T. ) ;
#3651 = CARTESIAN_POINT ( 'NONE',  ( 22.50000000000000000, 2.000000000000000000, 13.00000000000000178 ) ) ;
#3652 = VECTOR ( 'NONE', #559, 1000.000000000000000 ) ;
#3653 = CARTESIAN_POINT ( 'NONE',  ( 27.71995838912544485, 2.000000000000000000, 20.00000000000000355 ) ) ;
#3654 = ORIENTED_EDGE ( 'NONE', *, *, #1804, .F. ) ;
#3655 = VERTEX_POINT ( 'NONE', #2264 ) ;
#3656 = EDGE_CURVE ( 'NONE', #4631, #2954, #4706, .T. ) ;
#3657 = VERTEX_POINT ( 'NONE', #1165 ) ;
#3658 = CARTESIAN_POINT ( 'NONE',  ( 70.24999999999998579, 99.24999999999997158, 0.7500000000000000000 ) ) ;
#3659 = CARTESIAN_POINT ( 'NONE',  ( 29.71995838912544485, 2.000000000000000000, 16.00000000000000000 ) ) ;
#3660 = ORIENTED_EDGE ( 'NONE', *, *, #5154, .F. ) ;
#3661 = CARTESIAN_POINT ( 'NONE',  ( 22.15000000000000213, 90.00000000000000000, 25.10000000000000497 ) ) ;
#3662 = CARTESIAN_POINT ( 'NONE',  ( 3.000000000000000444, 96.00000000000000000, 25.10000000000000142 ) ) ;
#3663 = VERTEX_POINT ( 'NONE', #1286 ) ;
#3664 = PLANE ( 'NONE',  #2824 ) ;
#3665 = DIRECTION ( 'NONE',  ( -0.5000000000000007772, 0.8660254037844381525, 0.000000000000000000 ) ) ;
#3666 = EDGE_LOOP ( 'NONE', ( #2672, #2467, #4454, #6241 ) ) ;
#3667 = CIRCLE ( 'NONE', #3246, 0.7500000000000000000 ) ;
#3668 = DIRECTION ( 'NONE',  ( -1.000000000000000000, 0.000000000000000000, 0.000000000000000000 ) ) ;
#3669 = VECTOR ( 'NONE', #5009, 1000.000000000000000 ) ;
#3670 = LINE ( 'NONE', #6262, #3151 ) ;
#3671 = VECTOR ( 'NONE', #4130, 1000.000000000000000 ) ;
#3672 = FACE_OUTER_BOUND ( 'NONE', #5554, .T. ) ;
#3673 = VERTEX_POINT ( 'NONE', #680 ) ;
#3674 = FACE_OUTER_BOUND ( 'NONE', #2013, .T. ) ;
#3675 = CARTESIAN_POINT ( 'NONE',  ( 0.000000000000000000, 0.000000000000000000, 7.000000000000000000 ) ) ;
#3676 = VERTEX_POINT ( 'NONE', #4250 ) ;
#3677 = FACE_OUTER_BOUND ( 'NONE', #1544, .T. ) ;
#3678 = EDGE_CURVE ( 'NONE', #3655, #5472, #6228, .T. ) ;
#3679 = ORIENTED_EDGE ( 'NONE', *, *, #1012, .T. ) ;
#3680 = VERTEX_POINT ( 'NONE', #2299 ) ;
#3681 = EDGE_LOOP ( 'NONE', ( #740, #1733, #4103, #5601 ) ) ;
#3682 = DIRECTION ( 'NONE',  ( -0.000000000000000000, -0.000000000000000000, -1.000000000000000000 ) ) ;
#3683 = FACE_OUTER_BOUND ( 'NONE', #1954, .T. ) ;
#3684 = VERTEX_POINT ( 'NONE', #4218 ) ;
#3685 = DIRECTION ( 'NONE',  ( -0.000000000000000000, -1.000000000000000000, -0.000000000000000000 ) ) ;
#3686 = AXIS2_PLACEMENT_3D ( 'NONE', #3875, #980, #1433 ) ;
#3687 = EDGE_CURVE ( 'NONE', #5911, #6272, #5130, .T. ) ;
#3688 = PLANE ( 'NONE',  #6110 ) ;
#3689 = ORIENTED_EDGE ( 'NONE', *, *, #540, .F. ) ;
#3690 = ADVANCED_FACE ( 'NONE', ( #3180 ), #1193, .T. ) ;
#3691 = LINE ( 'NONE', #1213, #6132 ) ;
#3692 = DIRECTION ( 'NONE',  ( 0.000000000000000000, 0.000000000000000000, -1.000000000000000000 ) ) ;
#3693 = ORIENTED_EDGE ( 'NONE', *, *, #841, .F. ) ;
#3694 = ORIENTED_EDGE ( 'NONE', *, *, #2622, .T. ) ;
#3695 = CARTESIAN_POINT ( 'NONE',  ( 10.00000000000000000, 0.000000000000000000, 20.00000000000000000 ) ) ;
#3696 = VECTOR ( 'NONE', #111, 1000.000000000000000 ) ;
#3697 = LINE ( 'NONE', #2691, #5645 ) ;
#3698 = DIRECTION ( 'NONE',  ( 0.5000000000000000000, -0.8660254037844385966, 0.000000000000000000 ) ) ;
#3699 = ORIENTED_EDGE ( 'NONE', *, *, #6108, .T. ) ;
#3700 = FACE_OUTER_BOUND ( 'NONE', #3814, .T. ) ;
#3701 = DIRECTION ( 'NONE',  ( 0.000000000000000000, 0.000000000000000000, 1.000000000000000000 ) ) ;
#3702 = ORIENTED_EDGE ( 'NONE', *, *, #5636, .T. ) ;
#3703 = LINE ( 'NONE', #4168, #4415 ) ;
#3704 = EDGE_CURVE ( 'NONE', #3027, #5600, #5772, .T. ) ;
#3705 = AXIS2_PLACEMENT_3D ( 'NONE', #878, #3286, #3255 ) ;
#3706 = EDGE_CURVE ( 'NONE', #1522, #3909, #2848, .T. ) ;
#3707 = EDGE_CURVE ( 'NONE', #5015, #5308, #5867, .T. ) ;
#3708 = ORIENTED_EDGE ( 'NONE', *, *, #1800, .T. ) ;
#3709 = ORIENTED_EDGE ( 'NONE', *, *, #4798, .T. ) ;
#3710 = DIRECTION ( 'NONE',  ( -0.000000000000000000, -0.000000000000000000, -1.000000000000000000 ) ) ;
#3711 = AXIS2_PLACEMENT_3D ( 'NONE', #2028, #4016, #1090 ) ;
#3712 = CARTESIAN_POINT ( 'NONE',  ( 1.999999999999995337, 31.99999999999997158, 13.00000000000000888 ) ) ;
#3713 = VECTOR ( 'NONE', #2595, 1000.000000000000000 ) ;
#3714 = ORIENTED_EDGE ( 'NONE', *, *, #2934, .T. ) ;
#3715 = DIRECTION ( 'NONE',  ( 0.000000000000000000, 0.000000000000000000, 1.000000000000000000 ) ) ;
#3716 = EDGE_CURVE ( 'NONE', #5348, #1457, #4830, .T. ) ;
#3717 = CARTESIAN_POINT ( 'NONE',  ( 18.25000000000000355, 90.00000000000000000, 25.10000000000000142 ) ) ;
#3718 = EDGE_LOOP ( 'NONE', ( #6065, #2436, #2042, #2380 ) ) ;
#3719 = VECTOR ( 'NONE', #1434, 1000.000000000000000 ) ;
#3720 = ORIENTED_EDGE ( 'NONE', *, *, #310, .T. ) ;
#3721 = EDGE_CURVE ( 'NONE', #5363, #5510, #1813, .T. ) ;
#3722 = CARTESIAN_POINT ( 'NONE',  ( 36.49999999999997868, 88.00000000000000000, 25.10000000000000142 ) ) ;
#3723 = AXIS2_PLACEMENT_3D ( 'NONE', #638, #1157, #3106 ) ;
#3724 = FACE_OUTER_BOUND ( 'NONE', #1994, .T. ) ;
#3725 = EDGE_CURVE ( 'NONE', #4967, #3069, #4799, .T. ) ;
#3726 = ORIENTED_EDGE ( 'NONE', *, *, #2967, .F. ) ;
#3727 = VERTEX_POINT ( 'NONE', #4924 ) ;
#3728 = DIRECTION ( 'NONE',  ( -0.000000000000000000, -0.000000000000000000, -1.000000000000000000 ) ) ;
#3729 = EDGE_CURVE ( 'NONE', #194, #5336, #1319, .T. ) ;
#3730 = FACE_OUTER_BOUND ( 'NONE', #5502, .T. ) ;
#3731 = CARTESIAN_POINT ( 'NONE',  ( 40.39999999999997726, 88.00000000000000000, 25.10000000000000853 ) ) ;
#3732 = ORIENTED_EDGE ( 'NONE', *, *, #5654, .T. ) ;
#3733 = DIRECTION ( 'NONE',  ( -1.000000000000000000, -2.434699615406045218E-16, 0.000000000000000000 ) ) ;
#3734 = CARTESIAN_POINT ( 'NONE',  ( 60.99999999999998579, 80.99999999999998579, 2.000000000000000000 ) ) ;
#3735 = VERTEX_POINT ( 'NONE', #4349 ) ;
#3736 = DIRECTION ( 'NONE',  ( -0.000000000000000000, 1.000000000000000000, -0.000000000000000000 ) ) ;
#3737 = CIRCLE ( 'NONE', #2388, 6.000000000000000000 ) ;
#3738 = VECTOR ( 'NONE', #284, 1000.000000000000000 ) ;
#3739 = VECTOR ( 'NONE', #1949, 1000.000000000000000 ) ;
#3740 = VECTOR ( 'NONE', #1909, 1000.000000000000000 ) ;
#3741 = ORIENTED_EDGE ( 'NONE', *, *, #1201, .F. ) ;
#3742 = ORIENTED_EDGE ( 'NONE', *, *, #301, .F. ) ;
#3743 = SPHERICAL_SURFACE ( 'NONE', #3705, 0.7500000000000000000 ) ;
#3744 = CARTESIAN_POINT ( 'NONE',  ( 60.99999999999997868, 49.99999999999999289, 15.99999999999999645 ) ) ;
#3745 = LINE ( 'NONE', #4814, #1249 ) ;
#3746 = VERTEX_POINT ( 'NONE', #2456 ) ;
#3747 = VECTOR ( 'NONE', #1866, 1000.000000000000114 ) ;
#3748 = DIRECTION ( 'NONE',  ( -0.000000000000000000, 1.000000000000000000, -0.000000000000000000 ) ) ;
#3749 = VECTOR ( 'NONE', #3795, 1000.000000000000000 ) ;
#3750 = PLANE ( 'NONE',  #4343 ) ;
#3751 = ORIENTED_EDGE ( 'NONE', *, *, #6429, .F. ) ;
#3752 = EDGE_LOOP ( 'NONE', ( #115, #877, #6057, #3583 ) ) ;
#3753 = CARTESIAN_POINT ( 'NONE',  ( 51.00000000000000000, 0.000000000000000000, 20.00000000000000355 ) ) ;
#3754 = PLANE ( 'NONE',  #523 ) ;
#3755 = VECTOR ( 'NONE', #2433, 1000.000000000000000 ) ;
#3756 = DIRECTION ( 'NONE',  ( 0.000000000000000000, 1.000000000000000000, 0.000000000000000000 ) ) ;
#3757 = FACE_OUTER_BOUND ( 'NONE', #5209, .T. ) ;
#3758 = CARTESIAN_POINT ( 'NONE',  ( 58.99999999999997868, 63.49999999999998579, 16.00000000000000000 ) ) ;
#3759 = EDGE_CURVE ( 'NONE', #5696, #5371, #351, .T. ) ;
#3760 = ORIENTED_EDGE ( 'NONE', *, *, #3476, .F. ) ;
#3761 = ORIENTED_EDGE ( 'NONE', *, *, #1174, .F. ) ;
#3762 = DIRECTION ( 'NONE',  ( 0.000000000000000000, 0.000000000000000000, -1.000000000000000000 ) ) ;
#3763 = CARTESIAN_POINT ( 'NONE',  ( 57.99999999999997868, 99.24999999999998579, 0.000000000000000000 ) ) ;
#3764 = ADVANCED_FACE ( 'NONE', ( #5384 ), #5896, .F. ) ;
#3765 = DIRECTION ( 'NONE',  ( -0.000000000000000000, -0.000000000000000000, 1.000000000000000000 ) ) ;
#3766 = ORIENTED_EDGE ( 'NONE', *, *, #3092, .F. ) ;
#3767 = PLANE ( 'NONE',  #2423 ) ;
#3768 = CARTESIAN_POINT ( 'NONE',  ( 64.49999999999997158, 93.49999999999998579, 25.10000000000000142 ) ) ;
#3769 = ORIENTED_EDGE ( 'NONE', *, *, #4433, .T. ) ;
#3770 = LINE ( 'NONE', #776, #5034 ) ;
#3771 = VECTOR ( 'NONE', #2429, 1000.000000000000000 ) ;
#3772 = AXIS2_PLACEMENT_3D ( 'NONE', #4135, #742, #1196 ) ;
#3773 = ORIENTED_EDGE ( 'NONE', *, *, #3635, .F. ) ;
#3774 = ORIENTED_EDGE ( 'NONE', *, *, #4715, .F. ) ;
#3775 = VERTEX_POINT ( 'NONE', #2328 ) ;
#3776 = CARTESIAN_POINT ( 'NONE',  ( -9.791550286624644313E-15, 63.49999999999997158, 16.00000000000000355 ) ) ;
#3777 = DIRECTION ( 'NONE',  ( 0.000000000000000000, 0.000000000000000000, 1.000000000000000000 ) ) ;
#3778 = VERTEX_POINT ( 'NONE', #3827 ) ;
#3779 = LINE ( 'NONE', #2709, #2662 ) ;
#3780 = CARTESIAN_POINT ( 'NONE',  ( 1.999999999999999556, 63.50000000000000000, 2.000000000000000000 ) ) ;
#3781 = ORIENTED_EDGE ( 'NONE', *, *, #5774, .T. ) ;
#3782 = VERTEX_POINT ( 'NONE', #2948 ) ;
#3783 = CARTESIAN_POINT ( 'NONE',  ( 22.50000000000000000, 4.000000000000000000, 2.000000000000000000 ) ) ;
#3784 = CARTESIAN_POINT ( 'NONE',  ( 58.99999999999998579, 32.00000000000000000, 7.000000000000000000 ) ) ;
#3785 = FACE_OUTER_BOUND ( 'NONE', #2119, .T. ) ;
#3786 = DIRECTION ( 'NONE',  ( -1.541976423090495633E-16, 1.000000000000000000, -1.734723475976806848E-16 ) ) ;
#3787 = LINE ( 'NONE', #4729, #905 ) ;
#3788 = ORIENTED_EDGE ( 'NONE', *, *, #191, .F. ) ;
#3789 = ADVANCED_FACE ( 'NONE', ( #3306 ), #446, .F. ) ;
#3790 = ORIENTED_EDGE ( 'NONE', *, *, #2927, .T. ) ;
#3791 = DIRECTION ( 'NONE',  ( -1.000000000000000000, 0.000000000000000000, 0.000000000000000000 ) ) ;
#3792 = ADVANCED_FACE ( 'NONE', ( #4384 ), #3437, .F. ) ;
#3793 = DIRECTION ( 'NONE',  ( 0.000000000000000000, 9.376883653928686624E-16, 1.000000000000000000 ) ) ;
#3794 = EDGE_CURVE ( 'NONE', #1239, #6267, #4317, .T. ) ;
#3795 = DIRECTION ( 'NONE',  ( -0.000000000000000000, 1.000000000000000000, -0.000000000000000000 ) ) ;
#3796 = EDGE_LOOP ( 'NONE', ( #3811, #5431, #1919, #4989, #1695 ) ) ;
#3797 = LINE ( 'NONE', #1134, #6365 ) ;
#3798 = CIRCLE ( 'NONE', #3277, 2.300000000000000266 ) ;
#3799 = EDGE_CURVE ( 'NONE', #999, #4101, #2490, .T. ) ;
#3800 = CARTESIAN_POINT ( 'NONE',  ( 16.99999999999999289, 2.000000000000000444, 2.000000000000000000 ) ) ;
#3801 = ORIENTED_EDGE ( 'NONE', *, *, #3721, .F. ) ;
#3802 = CARTESIAN_POINT ( 'NONE',  ( 57.99999999999999289, -5.999998500117836642, 28.43333333333333357 ) ) ;
#3803 = EDGE_CURVE ( 'NONE', #1362, #455, #3860, .T. ) ;
#3804 = CARTESIAN_POINT ( 'NONE',  ( 3.000000000000000444, 96.00000000000000000, -18.38477631085023489 ) ) ;
#3805 = ORIENTED_EDGE ( 'NONE', *, *, #6383, .T. ) ;
#3806 = ORIENTED_EDGE ( 'NONE', *, *, #6389, .F. ) ;
#3807 =( NAMED_UNIT ( * ) SI_UNIT ( $, .STERADIAN. ) SOLID_ANGLE_UNIT ( ) );
#3808 = DIRECTION ( 'NONE',  ( -1.000000000000000000, 0.000000000000000000, 0.000000000000000000 ) ) ;
#3809 = ADVANCED_FACE ( 'NONE', ( #5352 ), #2426, .F. ) ;
#3810 = DIRECTION ( 'NONE',  ( 1.541976423090495633E-16, -1.000000000000000000, 0.000000000000000000 ) ) ;
#3811 = ORIENTED_EDGE ( 'NONE', *, *, #1583, .T. ) ;
#3812 = FACE_OUTER_BOUND ( 'NONE', #5700, .T. ) ;
#3813 = DIRECTION ( 'NONE',  ( 0.000000000000000000, 0.000000000000000000, 1.000000000000000000 ) ) ;
#3814 = EDGE_LOOP ( 'NONE', ( #5646, #766, #4329, #1307 ) ) ;
#3815 = ORIENTED_EDGE ( 'NONE', *, *, #6385, .T. ) ;
#3816 = LINE ( 'NONE', #4241, #4139 ) ;
#3817 = CARTESIAN_POINT ( 'NONE',  ( 37.50000000000000000, 4.000000000000000000, 2.499999999999998668 ) ) ;
#3818 = DIRECTION ( 'NONE',  ( 1.650895163447427369E-16, 1.000000000000000000, -0.000000000000000000 ) ) ;
#3819 = VECTOR ( 'NONE', #1186, 1000.000000000000000 ) ;
#3820 = DIRECTION ( 'NONE',  ( 0.000000000000000000, 0.000000000000000000, -1.000000000000000000 ) ) ;
#3821 = AXIS2_PLACEMENT_3D ( 'NONE', #1585, #3604, #5932 ) ;
#3822 = ORIENTED_EDGE ( 'NONE', *, *, #5641, .F. ) ;
#3823 = ORIENTED_EDGE ( 'NONE', *, *, #2414, .T. ) ;
#3824 = DIRECTION ( 'NONE',  ( 1.000000000000000000, 0.000000000000000000, 1.957931771489248420E-16 ) ) ;
#3825 = AXIS2_PLACEMENT_3D ( 'NONE', #5369, #5951, #916 ) ;
#3826 = ADVANCED_FACE ( 'NONE', ( #4414, #6393, #1936 ), #94, .F. ) ;
#3827 = CARTESIAN_POINT ( 'NONE',  ( 70.25000000000000000, 3.000000000000000000, 25.10000000000000142 ) ) ;
#3828 = EDGE_CURVE ( 'NONE', #487, #1404, #3953, .T. ) ;
#3829 = CARTESIAN_POINT ( 'NONE',  ( 60.99999999999997158, 84.99999999999998579, 5.000000000000000000 ) ) ;
#3830 = CARTESIAN_POINT ( 'NONE',  ( 71.00000000000000000, 2.250000000000000444, 0.7500000000000006661 ) ) ;
#3831 = MANIFOLD_SOLID_BREP ( 'Cut-Extrude21', #3550 ) ;
#3832 = ADVANCED_FACE ( 'NONE', ( #6068 ), #2522, .T. ) ;
#3833 = CYLINDRICAL_SURFACE ( 'NONE', #1904, 0.7500000000000006661 ) ;
#3834 = ORIENTED_EDGE ( 'NONE', *, *, #3053, .T. ) ;
#3835 = LINE ( 'NONE', #2822, #1393 ) ;
#3836 = CIRCLE ( 'NONE', #4975, 0.7500000000000006661 ) ;
#3837 = ADVANCED_FACE ( 'NONE', ( #4019 ), #610, .T. ) ;
#3838 = FACE_OUTER_BOUND ( 'NONE', #5192, .T. ) ;
#3839 = ORIENTED_EDGE ( 'NONE', *, *, #651, .T. ) ;
#3840 = VERTEX_POINT ( 'NONE', #5930 ) ;
#3841 = PERSON_AND_ORGANIZATION ( #2078, #4953 ) ;
#3842 = DIRECTION ( 'NONE',  ( 8.068481283613059492E-17, -1.000000000000000000, 0.000000000000000000 ) ) ;
#3843 = LINE ( 'NONE', #5818, #5712 ) ;
#3844 = VERTEX_POINT ( 'NONE', #2593 ) ;
#3845 = PLANE ( 'NONE',  #1304 ) ;
#3846 = VECTOR ( 'NONE', #5480, 1000.000000000000000 ) ;
#3847 = LINE ( 'NONE', #2867, #3719 ) ;
#3848 = ORIENTED_EDGE ( 'NONE', *, *, #3828, .F. ) ;
#3849 = EDGE_CURVE ( 'NONE', #5952, #2878, #1028, .T. ) ;
#3850 = ORIENTED_EDGE ( 'NONE', *, *, #5587, .F. ) ;
#3851 = VECTOR ( 'NONE', #4201, 1000.000000000000000 ) ;
#3852 = DIRECTION ( 'NONE',  ( -0.000000000000000000, -0.000000000000000000, -1.000000000000000000 ) ) ;
#3853 = VECTOR ( 'NONE', #4311, 1000.000000000000000 ) ;
#3854 = DIRECTION ( 'NONE',  ( -0.4999999999999997224, -0.8660254037844388186, 0.000000000000000000 ) ) ;
#3855 = CARTESIAN_POINT ( 'NONE',  ( 41.99999999999999289, 0.000000000000000000, 13.00000000000000355 ) ) ;
#3856 = CARTESIAN_POINT ( 'NONE',  ( 1.999999999999999556, 32.00000000000000000, 7.000000000000000000 ) ) ;
#3857 = ORIENTED_EDGE ( 'NONE', *, *, #4008, .T. ) ;
#3858 = VERTEX_POINT ( 'NONE', #3985 ) ;
#3859 = DIRECTION ( 'NONE',  ( -1.000000000000000000, 0.000000000000000000, -0.000000000000000000 ) ) ;
#3860 = LINE ( 'NONE', #4898, #828 ) ;
#3861 = LINE ( 'NONE', #3378, #427 ) ;
#3862 = CARTESIAN_POINT ( 'NONE',  ( 58.99999999999998579, 65.00000000000000000, 7.000000000000000000 ) ) ;
#3863 = CARTESIAN_POINT ( 'NONE',  ( 60.99999999999997158, 63.50000000000000000, 1.999999999999997335 ) ) ;
#3864 = ORIENTED_EDGE ( 'NONE', *, *, #5846, .F. ) ;
#3865 = DIRECTION ( 'NONE',  ( -0.000000000000000000, -0.000000000000000000, 1.000000000000000000 ) ) ;
#3866 = LINE ( 'NONE', #874, #5200 ) ;
#3867 = VECTOR ( 'NONE', #4763, 1000.000000000000000 ) ;
#3868 = VERTEX_POINT ( 'NONE', #3469 ) ;
#3869 = COORDINATED_UNIVERSAL_TIME_OFFSET ( 5, 0, .BEHIND. ) ;
#3870 = DIRECTION ( 'NONE',  ( -1.541976423090495633E-16, 1.000000000000000000, -2.312964634635742957E-16 ) ) ;
#3871 = DIRECTION ( 'NONE',  ( -1.084202172485503571E-16, 1.000000000000000000, 0.000000000000000000 ) ) ;
#3872 = ADVANCED_FACE ( 'NONE', ( #4054 ), #1619, .T. ) ;
#3873 = VERTEX_POINT ( 'NONE', #5962 ) ;
#3874 = AXIS2_PLACEMENT_3D ( 'NONE', #397, #2375, #5366 ) ;
#3875 = CARTESIAN_POINT ( 'NONE',  ( 61.87305627518719575, -8.049999999999993605, 6.000000000000000000 ) ) ;
#3876 = VECTOR ( 'NONE', #5326, 1000.000000000000000 ) ;
#3877 = DIRECTION ( 'NONE',  ( -8.068481283613058260E-17, 1.000000000000000000, 0.000000000000000000 ) ) ;
#3878 = ORIENTED_EDGE ( 'NONE', *, *, #4485, .F. ) ;
#3879 = VECTOR ( 'NONE', #198, 999.9999999999998863 ) ;
#3880 = EDGE_LOOP ( 'NONE', ( #6058, #1584, #710, #5313 ) ) ;
#3881 = CARTESIAN_POINT ( 'NONE',  ( 58.99999999999998579, 37.99999999999999289, 11.95000000000000462 ) ) ;
#3882 = CARTESIAN_POINT ( 'NONE',  ( 41.99999999999999289, 2.000000000000000000, 2.500000000000002220 ) ) ;
#3883 = ADVANCED_FACE ( 'NONE', ( #3079 ), #4576, .T. ) ;
#3884 = CARTESIAN_POINT ( 'NONE',  ( 57.99999999999999289, 2.000000000000000000, 8.599999999999999645 ) ) ;
#3885 = DIRECTION ( 'NONE',  ( -1.239088197126290817E-16, 0.000000000000000000, -1.000000000000000000 ) ) ;
#3886 = ORIENTED_EDGE ( 'NONE', *, *, #2273, .F. ) ;
#3887 = EDGE_CURVE ( 'NONE', #2689, #4048, #541, .T. ) ;
#3888 = ORIENTED_EDGE ( 'NONE', *, *, #4749, .F. ) ;
#3889 = CARTESIAN_POINT ( 'NONE',  ( -5.800000000000018474, -3.499999999999998668, 0.000000000000000000 ) ) ;
#3890 = EDGE_CURVE ( 'NONE', #401, #364, #2701, .T. ) ;
#3891 = CARTESIAN_POINT ( 'NONE',  ( 58.99999999999998579, 32.00000000000000000, 7.000000000000000000 ) ) ;
#3892 = CARTESIAN_POINT ( 'NONE',  ( -1.492946391512539921E-14, 80.99999999999998579, 2.000000000000000000 ) ) ;
#3893 = CARTESIAN_POINT ( 'NONE',  ( 43.99999999999998579, 4.000000000000000000, 2.000000000000000000 ) ) ;
#3894 = DIRECTION ( 'NONE',  ( 0.5000000000000000000, -0.8660254037844385966, 0.000000000000000000 ) ) ;
#3895 = ORIENTED_EDGE ( 'NONE', *, *, #1220, .T. ) ;
#3896 = CARTESIAN_POINT ( 'NONE',  ( 51.00000000000000000, 0.000000000000000000, 16.00000000000000000 ) ) ;
#3897 = ADVANCED_FACE ( 'NONE', ( #1129 ), #2555, .F. ) ;
#3898 = CARTESIAN_POINT ( 'NONE',  ( 1.753887449625579409, -3.499999999999998668, 0.000000000000000000 ) ) ;
#3899 = ORIENTED_EDGE ( 'NONE', *, *, #6173, .T. ) ;
#3900 = VERTEX_POINT ( 'NONE', #1095 ) ;
#3901 = DATE_AND_TIME ( #4396, #2984 ) ;
#3902 = LINE ( 'NONE', #5008, #525 ) ;
#3903 = DIRECTION ( 'NONE',  ( -1.000000000000000000, 0.000000000000000000, 0.000000000000000000 ) ) ;
#3904 = ORIENTED_EDGE ( 'NONE', *, *, #413, .F. ) ;
#3905 = EDGE_CURVE ( 'NONE', #74, #5015, #1062, .T. ) ;
#3906 = DIRECTION ( 'NONE',  ( 1.000000000000000000, 0.000000000000000000, 4.180056568618811991E-16 ) ) ;
#3907 = EDGE_CURVE ( 'NONE', #5824, #4719, #3110, .T. ) ;
#3908 = DIRECTION ( 'NONE',  ( -0.000000000000000000, -1.000000000000000000, -0.000000000000000000 ) ) ;
#3909 = VERTEX_POINT ( 'NONE', #1511 ) ;
#3910 = ORIENTED_EDGE ( 'NONE', *, *, #1285, .T. ) ;
#3911 = CARTESIAN_POINT ( 'NONE',  ( 22.15000000000000213, 90.00000000000000000, 8.500000000000000000 ) ) ;
#3912 = CARTESIAN_POINT ( 'NONE',  ( 1.999999999999987121, 84.99999999999997158, 16.00000000000000000 ) ) ;
#3913 = EDGE_CURVE ( 'NONE', #885, #150, #2031, .T. ) ;
#3914 = DIRECTION ( 'NONE',  ( 0.000000000000000000, -0.000000000000000000, -1.000000000000000000 ) ) ;
#3915 = FACE_OUTER_BOUND ( 'NONE', #516, .T. ) ;
#3916 = EDGE_LOOP ( 'NONE', ( #2826, #5745, #3650, #5564, #573, #1606 ) ) ;
#3917 =( GEOMETRIC_REPRESENTATION_CONTEXT ( 3 ) GLOBAL_UNCERTAINTY_ASSIGNED_CONTEXT ( ( #5030 ) ) GLOBAL_UNIT_ASSIGNED_CONTEXT ( ( #4780, #2340, #3807 ) ) REPRESENTATION_CONTEXT ( 'NONE', 'WORKASPACE' ) );
#3918 = EDGE_CURVE ( 'NONE', #3942, #5308, #4995, .T. ) ;
#3919 = VERTEX_POINT ( 'NONE', #5996 ) ;
#3920 = DIRECTION ( 'NONE',  ( -0.000000000000000000, -6.177056887751240565E-16, -1.000000000000000000 ) ) ;
#3921 = VECTOR ( 'NONE', #5968, 1000.000000000000000 ) ;
#3922 = DIRECTION ( 'NONE',  ( 0.5000000000000000000, -0.8660254037844385966, 0.000000000000000000 ) ) ;
#3923 = VECTOR ( 'NONE', #1622, 1000.000000000000000 ) ;
#3924 = EDGE_CURVE ( 'NONE', #3684, #1308, #5515, .T. ) ;
#3925 = CIRCLE ( 'NONE', #396, 2.299999999999996270 ) ;
#3926 = CARTESIAN_POINT ( 'NONE',  ( 1.999999999999994893, 33.49999999999997158, 13.00000000000000888 ) ) ;
#3927 = CARTESIAN_POINT ( 'NONE',  ( 42.49999999999998579, 4.000000000000000000, 7.000000000000000000 ) ) ;
#3928 = DIRECTION ( 'NONE',  ( 1.000000000000000000, 0.000000000000000000, 0.000000000000000000 ) ) ;
#3929 = ORIENTED_EDGE ( 'NONE', *, *, #5629, .T. ) ;
#3930 = DIRECTION ( 'NONE',  ( 0.000000000000000000, 0.000000000000000000, -1.000000000000000000 ) ) ;
#3931 = DIRECTION ( 'NONE',  ( 1.541976423090495633E-16, -1.000000000000000000, 1.156482317317871478E-16 ) ) ;
#3932 = ORIENTED_EDGE ( 'NONE', *, *, #1927, .F. ) ;
#3933 = DIRECTION ( 'NONE',  ( -0.000000000000000000, -0.000000000000000000, 1.000000000000000000 ) ) ;
#3934 = EDGE_LOOP ( 'NONE', ( #5799, #5033, #231, #4297, #1091, #4691, #6061, #3509, #2970, #1724, #820, #1442, #5381, #4859, #127, #2225, #5490, #3932, #775, #1563, #6258, #5077 ) ) ;
#3935 = COORDINATED_UNIVERSAL_TIME_OFFSET ( 5, 0, .BEHIND. ) ;
#3936 = CARTESIAN_POINT ( 'NONE',  ( 2.689405676075239445E-17, 89.99999999999998579, 25.10000000000000142 ) ) ;
#3937 = CARTESIAN_POINT ( 'NONE',  ( -0.8730562751872168459, 98.04999999999999716, 0.000000000000000000 ) ) ;
#3938 = EDGE_LOOP ( 'NONE', ( #3979, #1922, #1014, #1709, #5428 ) ) ;
#3939 = FACE_OUTER_BOUND ( 'NONE', #1337, .T. ) ;
#3940 = CARTESIAN_POINT ( 'NONE',  ( 60.99999999999998579, 64.99999999999998579, 16.00000000000000000 ) ) ;
#3941 = ORIENTED_EDGE ( 'NONE', *, *, #2557, .T. ) ;
#3942 = VERTEX_POINT ( 'NONE', #219 ) ;
#3943 = DIRECTION ( 'NONE',  ( -1.000000000000000000, 0.000000000000000000, 0.000000000000000000 ) ) ;
#3944 = LINE ( 'NONE', #3882, #1251 ) ;
#3945 = VERTEX_POINT ( 'NONE', #6161 ) ;
#3946 = DIRECTION ( 'NONE',  ( -1.000000000000000000, 0.000000000000000000, 0.000000000000000000 ) ) ;
#3947 = CARTESIAN_POINT ( 'NONE',  ( 18.25000000000000355, 88.00000000000000000, 8.499999999999998224 ) ) ;
#3948 = ORIENTED_EDGE ( 'NONE', *, *, #856, .F. ) ;
#3949 = AXIS2_PLACEMENT_3D ( 'NONE', #2514, #1573, #4946 ) ;
#3950 = CIRCLE ( 'NONE', #938, 0.7500000000000000000 ) ;
#3951 = AXIS2_PLACEMENT_3D ( 'NONE', #4089, #4543, #5026 ) ;
#3952 = DIRECTION ( 'NONE',  ( -1.000000000000000000, 0.000000000000000000, 0.000000000000000000 ) ) ;
#3953 = LINE ( 'NONE', #1475, #3846 ) ;
#3954 = EDGE_CURVE ( 'NONE', #1637, #5800, #6333, .T. ) ;
#3955 = VECTOR ( 'NONE', #4230, 1000.000000000000000 ) ;
#3956 = PLANE ( 'NONE',  #1646 ) ;
#3957 = PLANE ( 'NONE',  #3252 ) ;
#3958 = DIRECTION ( 'NONE',  ( 0.000000000000000000, 0.000000000000000000, 1.000000000000000000 ) ) ;
#3959 = APPROVAL ( #6275, 'UNSPECIFIED' ) ;
#3960 = DIRECTION ( 'NONE',  ( -1.000000000000000000, 0.000000000000000000, 0.000000000000000000 ) ) ;
#3961 = VERTEX_POINT ( 'NONE', #6187 ) ;
#3962 = EDGE_CURVE ( 'NONE', #3840, #2761, #4466, .T. ) ;
#3963 = DIRECTION ( 'NONE',  ( -1.000000000000000000, -2.434699615406045218E-16, 0.000000000000000000 ) ) ;
#3964 = DIRECTION ( 'NONE',  ( -0.000000000000000000, -0.000000000000000000, 1.000000000000000000 ) ) ;
#3965 = VERTEX_POINT ( 'NONE', #5153 ) ;
#3966 = CARTESIAN_POINT ( 'NONE',  ( 60.99999999999997868, 64.99999999999998579, 12.99999999999999645 ) ) ;
#3967 = ORIENTED_EDGE ( 'NONE', *, *, #1025, .T. ) ;
#3968 = DIRECTION ( 'NONE',  ( -1.000000000000000000, -2.312964634635743450E-16, 0.000000000000000000 ) ) ;
#3969 = CYLINDRICAL_SURFACE ( 'NONE', #2091, 0.7500000000000006661 ) ;
#3970 = ORIENTED_EDGE ( 'NONE', *, *, #2364, .F. ) ;
#3971 = CARTESIAN_POINT ( 'NONE',  ( 70.25000000000000000, 3.000000000000000000, -18.38477631085023489 ) ) ;
#3972 = PLANE ( 'NONE',  #3825 ) ;
#3973 = VECTOR ( 'NONE', #3920, 1000.000000000000000 ) ;
#3974 = ORIENTED_EDGE ( 'NONE', *, *, #3220, .T. ) ;
#3975 = ORIENTED_EDGE ( 'NONE', *, *, #2476, .F. ) ;
#3976 = CARTESIAN_POINT ( 'NONE',  ( 1.999999999999990008, 63.49999999999997158, 16.00000000000000355 ) ) ;
#3977 = VECTOR ( 'NONE', #4805, 1000.000000000000000 ) ;
#3978 = LINE ( 'NONE', #2940, #2142 ) ;
#3979 = ORIENTED_EDGE ( 'NONE', *, *, #904, .T. ) ;
#3980 = CARTESIAN_POINT ( 'NONE',  ( 2.999999991999983795, 1.999999999999999556, 32.11556443806691874 ) ) ;
#3981 = CARTESIAN_POINT ( 'NONE',  ( 67.12694372481277583, 98.04999999999998295, 6.000000000000000000 ) ) ;
#3982 = ORIENTED_EDGE ( 'NONE', *, *, #2204, .F. ) ;
#3983 = VECTOR ( 'NONE', #3502, 1000.000000000000000 ) ;
#3984 = CARTESIAN_POINT ( 'NONE',  ( 70.99999999999998579, 99.24999999999997158, 0.7500000000000000000 ) ) ;
#3985 = CARTESIAN_POINT ( 'NONE',  ( 61.87305627518720286, 98.04999999999998295, 0.000000000000000000 ) ) ;
#3986 = EDGE_CURVE ( 'NONE', #1427, #5238, #5806, .T. ) ;
#3987 = DIRECTION ( 'NONE',  ( -1.000000000000000000, 0.000000000000000000, 1.239088197126290570E-16 ) ) ;
#3988 = FACE_OUTER_BOUND ( 'NONE', #2421, .T. ) ;
#3989 = DIRECTION ( 'NONE',  ( 0.000000000000000000, -1.445602896647339508E-15, -1.000000000000000000 ) ) ;
#3990 = DIRECTION ( 'NONE',  ( 0.000000000000000000, 0.000000000000000000, 1.000000000000000000 ) ) ;
#3991 = ORIENTED_EDGE ( 'NONE', *, *, #4022, .F. ) ;
#3992 = CIRCLE ( 'NONE', #478, 6.000000000000000000 ) ;
#3993 = EDGE_CURVE ( 'NONE', #1427, #3663, #2657, .T. ) ;
#3994 = CARTESIAN_POINT ( 'NONE',  ( 59.24611255037440571, -3.500000000000002220, 6.000000000000000000 ) ) ;
#3995 = DIRECTION ( 'NONE',  ( -0.000000000000000000, 1.000000000000000000, -0.000000000000000000 ) ) ;
#3996 = EDGE_CURVE ( 'NONE', #4566, #5050, #3632, .T. ) ;
#3997 = ORIENTED_EDGE ( 'NONE', *, *, #1025, .F. ) ;
#3998 = DIRECTION ( 'NONE',  ( 0.000000000000000000, 0.000000000000000000, 1.000000000000000000 ) ) ;
#3999 = VERTEX_POINT ( 'NONE', #4671 ) ;
#4000 = DIRECTION ( 'NONE',  ( -2.312964634635743450E-16, 1.000000000000000000, 0.000000000000000000 ) ) ;
#4001 = DIRECTION ( 'NONE',  ( 0.000000000000000000, 0.000000000000000000, 1.000000000000000000 ) ) ;
#4002 = ORIENTED_EDGE ( 'NONE', *, *, #1515, .F. ) ;
#4003 = LINE ( 'NONE', #4600, #362 ) ;
#4004 = ADVANCED_FACE ( 'NONE', ( #3724 ), #3236, .F. ) ;
#4005 = FACE_OUTER_BOUND ( 'NONE', #5852, .T. ) ;
#4006 = VERTEX_POINT ( 'NONE', #1247 ) ;
#4007 = ORIENTED_EDGE ( 'NONE', *, *, #6004, .T. ) ;
#4008 = EDGE_CURVE ( 'NONE', #1630, #3317, #1162, .T. ) ;
#4009 = VERTEX_POINT ( 'NONE', #2167 ) ;
#4010 = FACE_OUTER_BOUND ( 'NONE', #5506, .T. ) ;
#4011 = AXIS2_PLACEMENT_3D ( 'NONE', #18, #3426, #5376 ) ;
#4012 = CARTESIAN_POINT ( 'NONE',  ( 37.50000000000000000, 4.000000000000000000, 2.000000000000000000 ) ) ;
#4013 = ORIENTED_EDGE ( 'NONE', *, *, #4008, .F. ) ;
#4014 = EDGE_CURVE ( 'NONE', #4837, #2149, #4153, .T. ) ;
#4015 = LINE ( 'NONE', #1057, #4861 ) ;
#4016 = DIRECTION ( 'NONE',  ( 0.8660254037844385966, -0.5000000000000001110, 0.000000000000000000 ) ) ;
#4017 = ORIENTED_EDGE ( 'NONE', *, *, #2483, .T. ) ;
#4018 = FACE_OUTER_BOUND ( 'NONE', #3419, .T. ) ;
#4019 = FACE_OUTER_BOUND ( 'NONE', #2026, .T. ) ;
#4020 = LINE ( 'NONE', #3537, #800 ) ;
#4021 = CARTESIAN_POINT ( 'NONE',  ( -1.527864045000423054, 5.000000000000000888, 43.48477631085023631 ) ) ;
#4022 = EDGE_CURVE ( 'NONE', #328, #403, #5294, .T. ) ;
#4023 = CIRCLE ( 'NONE', #4850, 6.000000000000000000 ) ;
#4024 = DIRECTION ( 'NONE',  ( -1.000000000000000000, 0.000000000000000000, 0.000000000000000000 ) ) ;
#4025 = EDGE_CURVE ( 'NONE', #6163, #5155, #2742, .T. ) ;
#4026 = CARTESIAN_POINT ( 'NONE',  ( 36.49999999999998579, 90.00000000000000000, 8.499999999999998224 ) ) ;
#4027 = ORIENTED_EDGE ( 'NONE', *, *, #2647, .F. ) ;
#4028 = DIRECTION ( 'NONE',  ( 0.000000000000000000, -1.000000000000000000, 1.445602896647339163E-16 ) ) ;
#4029 = VECTOR ( 'NONE', #4269, 1000.000000000000000 ) ;
#4030 = LINE ( 'NONE', #6005, #3529 ) ;
#4031 = EDGE_LOOP ( 'NONE', ( #1918, #1687, #2821, #235 ) ) ;
#4032 = EDGE_CURVE ( 'NONE', #565, #4802, #5125, .T. ) ;
#4033 = DIRECTION ( 'NONE',  ( -0.000000000000000000, -0.000000000000000000, 1.000000000000000000 ) ) ;
#4034 = ORIENTED_EDGE ( 'NONE', *, *, #1690, .T. ) ;
#4035 = APPROVAL_STATUS ( 'not_yet_approved' ) ;
#4036 = CARTESIAN_POINT ( 'NONE',  ( 58.99999999999998579, 45.00000000000000000, 25.10000000000000142 ) ) ;
#4037 = AXIS2_PLACEMENT_3D ( 'NONE', #2935, #5404, #953 ) ;
#4038 = FACE_OUTER_BOUND ( 'NONE', #4073, .T. ) ;
#4039 = ORIENTED_EDGE ( 'NONE', *, *, #3608, .T. ) ;
#4040 = LINE ( 'NONE', #4107, #2972 ) ;
#4041 = EDGE_CURVE ( 'NONE', #2231, #1395, #3176, .T. ) ;
#4042 = CARTESIAN_POINT ( 'NONE',  ( -5.799999999999994493, 93.50000000000000000, 6.000000000000000000 ) ) ;
#4043 = ORIENTED_EDGE ( 'NONE', *, *, #2330, .T. ) ;
#4044 = ORIENTED_EDGE ( 'NONE', *, *, #6289, .F. ) ;
#4045 = ORIENTED_EDGE ( 'NONE', *, *, #5159, .T. ) ;
#4046 = DIRECTION ( 'NONE',  ( 1.541976423090495633E-16, -1.000000000000000000, 8.673617379884034239E-17 ) ) ;
#4047 = DIRECTION ( 'NONE',  ( 1.000000000000000000, 0.000000000000000000, 0.000000000000000000 ) ) ;
#4048 = VERTEX_POINT ( 'NONE', #3266 ) ;
#4049 = DIRECTION ( 'NONE',  ( -0.000000000000000000, -0.000000000000000000, -1.000000000000000000 ) ) ;
#4050 = ADVANCED_FACE ( 'NONE', ( #3757 ), #5734, .T. ) ;
#4051 = CARTESIAN_POINT ( 'NONE',  ( 60.99999999999999289, 8.999999999999996447, 0.000000000000000000 ) ) ;
#4052 = ORIENTED_EDGE ( 'NONE', *, *, #2832, .F. ) ;
#4053 = DIRECTION ( 'NONE',  ( -1.630376018710721586E-16, 0.000000000000000000, 1.000000000000000000 ) ) ;
#4054 = FACE_OUTER_BOUND ( 'NONE', #2424, .T. ) ;
#4055 = VECTOR ( 'NONE', #3178, 1000.000000000000000 ) ;
#4056 = ORIENTED_EDGE ( 'NONE', *, *, #1001, .T. ) ;
#4057 = VECTOR ( 'NONE', #3786, 1000.000000000000000 ) ;
#4058 = CYLINDRICAL_SURFACE ( 'NONE', #5788, 0.7500000000000000000 ) ;
#4059 = CARTESIAN_POINT ( 'NONE',  ( -6.126943724812807801, 98.04999999999998295, 0.000000000000000000 ) ) ;
#4060 = VECTOR ( 'NONE', #3320, 1000.000000000000000 ) ;
#4061 = DIRECTION ( 'NONE',  ( -0.000000000000000000, -0.000000000000000000, -1.000000000000000000 ) ) ;
#4062 = AXIS2_PLACEMENT_3D ( 'NONE', #4852, #4464, #1990 ) ;
#4063 = DIRECTION ( 'NONE',  ( 1.000000000000000000, 3.469446951953613400E-15, 0.000000000000000000 ) ) ;
#4064 = ORIENTED_EDGE ( 'NONE', *, *, #542, .T. ) ;
#4065 = VECTOR ( 'NONE', #5355, 1000.000000000000000 ) ;
#4066 = CARTESIAN_POINT ( 'NONE',  ( 58.99999999999997868, 64.99999999999998579, 15.99999999999999645 ) ) ;
#4067 = CARTESIAN_POINT ( 'NONE',  ( 1.999999999999999112, 5.000000000000000000, 2.000000000000010214 ) ) ;
#4068 = EDGE_LOOP ( 'NONE', ( #4247, #2922, #5184, #5364 ) ) ;
#4069 = LINE ( 'NONE', #3026, #5743 ) ;
#4070 = ORIENTED_EDGE ( 'NONE', *, *, #1029, .T. ) ;
#4071 = AXIS2_PLACEMENT_3D ( 'NONE', #2041, #3546, #4521 ) ;
#4072 = CARTESIAN_POINT ( 'NONE',  ( 22.50000000000000000, 0.000000000000000000, 13.00000000000000178 ) ) ;
#4073 = EDGE_LOOP ( 'NONE', ( #3547, #2407, #3521, #4783, #4425 ) ) ;
#4074 = CARTESIAN_POINT ( 'NONE',  ( 16.99999999999999289, 2.000000000000000000, 7.000000000000000000 ) ) ;
#4075 = CARTESIAN_POINT ( 'NONE',  ( 71.00000000000000000, 3.000000000000000000, -18.38477631085023489 ) ) ;
#4076 = ORIENTED_EDGE ( 'NONE', *, *, #1517, .F. ) ;
#4077 = ORIENTED_EDGE ( 'NONE', *, *, #425, .F. ) ;
#4078 = ORIENTED_EDGE ( 'NONE', *, *, #4786, .T. ) ;
#4079 = EDGE_CURVE ( 'NONE', #3489, #3070, #5672, .T. ) ;
#4080 = FACE_OUTER_BOUND ( 'NONE', #2469, .T. ) ;
#4081 = CARTESIAN_POINT ( 'NONE',  ( 58.99999999999998579, 31.49999999999999289, 11.95000000000000284 ) ) ;
#4082 = EDGE_LOOP ( 'NONE', ( #5127, #4432, #460, #1932 ) ) ;
#4083 = LINE ( 'NONE', #5089, #2157 ) ;
#4084 = LINE ( 'NONE', #2653, #5786 ) ;
#4085 = ORIENTED_EDGE ( 'NONE', *, *, #4904, .F. ) ;
#4086 = EDGE_CURVE ( 'NONE', #5738, #1250, #5180, .T. ) ;
#4087 = DIRECTION ( 'NONE',  ( -1.000000000000000000, -2.275047181608928137E-16, 0.000000000000000000 ) ) ;
#4088 = EDGE_CURVE ( 'NONE', #5683, #854, #792, .T. ) ;
#4089 = CARTESIAN_POINT ( 'NONE',  ( 57.99999999999997868, 99.99999999999998579, 43.48477631085023631 ) ) ;
#4090 = VECTOR ( 'NONE', #4836, 1000.000000000000000 ) ;
#4091 = EDGE_CURVE ( 'NONE', #3735, #1644, #163, .T. ) ;
#4092 = EDGE_LOOP ( 'NONE', ( #4461, #1178, #6238, #5312 ) ) ;
#4093 = VECTOR ( 'NONE', #2722, 1000.000000000000000 ) ;
#4094 = CARTESIAN_POINT ( 'NONE',  ( 58.99999999999997868, 63.49999999999998579, 16.00000000000000000 ) ) ;
#4095 = CARTESIAN_POINT ( 'NONE',  ( 8.999999999999984013, 0.000000000000000000, 2.000000000000000000 ) ) ;
#4096 = EDGE_CURVE ( 'NONE', #3165, #194, #4758, .T. ) ;
#4097 = CARTESIAN_POINT ( 'NONE',  ( 66.99999999999998579, 80.99999999999998579, 0.000000000000000000 ) ) ;
#4098 = CARTESIAN_POINT ( 'NONE',  ( 1.999999999999990008, 63.49999999999997158, 16.00000000000000355 ) ) ;
#4099 = LINE ( 'NONE', #3022, #2361 ) ;
#4100 = DIRECTION ( 'NONE',  ( 0.000000000000000000, 0.000000000000000000, -1.000000000000000000 ) ) ;
#4101 = VERTEX_POINT ( 'NONE', #3298 ) ;
#4102 = CYLINDRICAL_SURFACE ( 'NONE', #3048, 0.7500000000000000000 ) ;
#4103 = ORIENTED_EDGE ( 'NONE', *, *, #4387, .F. ) ;
#4104 = DIRECTION ( 'NONE',  ( 0.000000000000000000, 0.000000000000000000, 1.000000000000000000 ) ) ;
#4105 = VERTEX_POINT ( 'NONE', #2292 ) ;
#4106 = EDGE_CURVE ( 'NONE', #1962, #3293, #5285, .T. ) ;
#4107 = CARTESIAN_POINT ( 'NONE',  ( 58.99999999999998579, 37.99999999999999289, 11.95000000000000462 ) ) ;
#4108 = DIRECTION ( 'NONE',  ( -0.000000000000000000, -0.000000000000000000, 1.000000000000000000 ) ) ;
#4109 = AXIS2_PLACEMENT_3D ( 'NONE', #4327, #2891, #456 ) ;
#4110 = ORIENTED_EDGE ( 'NONE', *, *, #3532, .T. ) ;
#4111 = ORIENTED_EDGE ( 'NONE', *, *, #3207, .T. ) ;
#4112 = ORIENTED_EDGE ( 'NONE', *, *, #2201, .F. ) ;
#4113 = SPHERICAL_SURFACE ( 'NONE', #531, 0.7500000000000000000 ) ;
#4114 = EDGE_CURVE ( 'NONE', #2878, #5724, #1807, .T. ) ;
#4115 = CARTESIAN_POINT ( 'NONE',  ( 66.99999999999998579, 80.99999999999998579, 4.999999999999999112 ) ) ;
#4116 = ORIENTED_EDGE ( 'NONE', *, *, #6149, .T. ) ;
#4117 = ADVANCED_FACE ( 'NONE', ( #1312 ), #3540, .F. ) ;
#4118 = EDGE_CURVE ( 'NONE', #854, #5281, #1624, .T. ) ;
#4119 = DIRECTION ( 'NONE',  ( 1.982541115402065356E-16, -1.000000000000000000, -1.239088197126290817E-16 ) ) ;
#4120 = LINE ( 'NONE', #639, #2257 ) ;
#4121 = ORIENTED_EDGE ( 'NONE', *, *, #6066, .T. ) ;
#4122 = AXIS2_PLACEMENT_3D ( 'NONE', #5987, #1438, #1897 ) ;
#4123 = CARTESIAN_POINT ( 'NONE',  ( 40.39999999999997726, 88.00000000000000000, 8.500000000000001776 ) ) ;
#4124 = EDGE_CURVE ( 'NONE', #6272, #1154, #5485, .T. ) ;
#4125 = DIRECTION ( 'NONE',  ( 1.000000000000000000, 2.312964634635743450E-16, -0.000000000000000000 ) ) ;
#4126 = EDGE_CURVE ( 'NONE', #5879, #1037, #939, .T. ) ;
#4127 = ORIENTED_EDGE ( 'NONE', *, *, #76, .T. ) ;
#4128 = CARTESIAN_POINT ( 'NONE',  ( 29.71995838912544485, 2.000000000000000000, 16.00000000000000000 ) ) ;
#4129 = DIRECTION ( 'NONE',  ( -1.000000000000000000, 0.000000000000000000, 0.000000000000000000 ) ) ;
#4130 = DIRECTION ( 'NONE',  ( -1.000000000000000000, 0.000000000000000000, 1.208866533781748882E-16 ) ) ;
#4131 = LINE ( 'NONE', #1166, #287 ) ;
#4132 = EDGE_CURVE ( 'NONE', #1940, #4602, #3018, .T. ) ;
#4133 = CARTESIAN_POINT ( 'NONE',  ( 58.99999999999998579, 45.00000000000000000, 8.250000000000001776 ) ) ;
#4134 = ORIENTED_EDGE ( 'NONE', *, *, #5074, .T. ) ;
#4135 = CARTESIAN_POINT ( 'NONE',  ( 67.12694372481277583, 98.04999999999998295, 6.000000000000000000 ) ) ;
#4136 = CARTESIAN_POINT ( 'NONE',  ( 58.99999999999998579, 24.49999999999998934, 11.94999999999999929 ) ) ;
#4137 = VERTEX_POINT ( 'NONE', #28 ) ;
#4138 = AXIS2_PLACEMENT_3D ( 'NONE', #1122, #5639, #1158 ) ;
#4139 = VECTOR ( 'NONE', #2838, 1000.000000000000000 ) ;
#4140 = DIRECTION ( 'NONE',  ( -0.000000000000000000, 1.000000000000000000, -0.000000000000000000 ) ) ;
#4141 = LINE ( 'NONE', #564, #1849 ) ;
#4142 = ORIENTED_EDGE ( 'NONE', *, *, #5624, .F. ) ;
#4143 = VERTEX_POINT ( 'NONE', #545 ) ;
#4144 = ORIENTED_EDGE ( 'NONE', *, *, #4755, .T. ) ;
#4145 = VECTOR ( 'NONE', #2900, 1000.000000000000000 ) ;
#4146 = LINE ( 'NONE', #3592, #1356 ) ;
#4147 = CARTESIAN_POINT ( 'NONE',  ( 42.49999999999998579, 4.000000000000000000, 7.000000000000000000 ) ) ;
#4148 = ORIENTED_EDGE ( 'NONE', *, *, #5900, .T. ) ;
#4149 = DIRECTION ( 'NONE',  ( 1.000000000000000000, 0.000000000000000000, 0.000000000000000000 ) ) ;
#4150 = PLANE ( 'NONE',  #196 ) ;
#4151 = ORIENTED_EDGE ( 'NONE', *, *, #896, .F. ) ;
#4152 = CARTESIAN_POINT ( 'NONE',  ( 66.99999999999998579, 80.99999999999998579, 2.000000000000000000 ) ) ;
#4153 = LINE ( 'NONE', #6131, #1667 ) ;
#4154 = ORIENTED_EDGE ( 'NONE', *, *, #5805, .T. ) ;
#4155 = CARTESIAN_POINT ( 'NONE',  ( 60.99999999999999289, 0.000000000000000000, 0.000000000000000000 ) ) ;
#4156 = ADVANCED_FACE ( 'NONE', ( #1516 ), #5450, .F. ) ;
#4157 = CARTESIAN_POINT ( 'NONE',  ( 60.99999999999997868, 64.99999999999998579, 15.99999999999999645 ) ) ;
#4158 = VECTOR ( 'NONE', #4181, 1000.000000000000000 ) ;
#4159 = VECTOR ( 'NONE', #5315, 1000.000000000000000 ) ;
#4160 = PLANE ( 'NONE',  #131 ) ;
#4161 = ORIENTED_EDGE ( 'NONE', *, *, #1780, .T. ) ;
#4162 = AXIS2_PLACEMENT_3D ( 'NONE', #4115, #5087, #633 ) ;
#4163 = CARTESIAN_POINT ( 'NONE',  ( 42.49999999999998579, 2.000000000000000000, 2.000000000000000000 ) ) ;
#4164 = AXIS2_PLACEMENT_3D ( 'NONE', #2351, #4243, #3297 ) ;
#4165 = EDGE_CURVE ( 'NONE', #1644, #5944, #4962, .T. ) ;
#4166 = DIRECTION ( 'NONE',  ( -1.000000000000000000, 0.000000000000000000, 0.000000000000000000 ) ) ;
#4167 = ORIENTED_EDGE ( 'NONE', *, *, #703, .T. ) ;
#4168 = CARTESIAN_POINT ( 'NONE',  ( -6.000000000000002665, 3.000000000000000000, 43.48477631085023631 ) ) ;
#4169 = AXIS2_PLACEMENT_3D ( 'NONE', #2731, #3219, #847 ) ;
#4170 = DIRECTION ( 'NONE',  ( -0.000000000000000000, -1.000000000000000000, -0.000000000000000000 ) ) ;
#4171 = ORIENTED_EDGE ( 'NONE', *, *, #5893, .F. ) ;
#4172 = ORIENTED_EDGE ( 'NONE', *, *, #6108, .F. ) ;
#4173 = ORIENTED_EDGE ( 'NONE', *, *, #3612, .F. ) ;
#4174 = DIRECTION ( 'NONE',  ( 0.000000000000000000, 0.000000000000000000, -1.000000000000000000 ) ) ;
#4175 = PLANE ( 'NONE',  #2394 ) ;
#4176 = ORIENTED_EDGE ( 'NONE', *, *, #4276, .T. ) ;
#4177 = DIRECTION ( 'NONE',  ( 1.000000000000000000, 2.312964634635743450E-16, -0.000000000000000000 ) ) ;
#4178 = CARTESIAN_POINT ( 'NONE',  ( 62.52786404500040618, 84.99999999999998579, 2.000000000000000000 ) ) ;
#4179 = EDGE_LOOP ( 'NONE', ( #1784, #2644, #1202, #2856 ) ) ;
#4180 = DIRECTION ( 'NONE',  ( -0.000000000000000000, 1.000000000000000000, -0.000000000000000000 ) ) ;
#4181 = DIRECTION ( 'NONE',  ( -1.000000000000000000, 1.067522139062650671E-15, -0.000000000000000000 ) ) ;
#4182 = ORIENTED_EDGE ( 'NONE', *, *, #4899, .F. ) ;
#4183 = CIRCLE ( 'NONE', #5837, 5.999999999999998224 ) ;
#4184 = LINE ( 'NONE', #253, #6331 ) ;
#4185 = VECTOR ( 'NONE', #6407, 1000.000000000000000 ) ;
#4186 = EDGE_CURVE ( 'NONE', #1218, #3562, #997, .T. ) ;
#4187 = PLANE ( 'NONE',  #2528 ) ;
#4188 = AXIS2_PLACEMENT_3D ( 'NONE', #4221, #1785, #5623 ) ;
#4189 = VECTOR ( 'NONE', #317, 1000.000000000000000 ) ;
#4190 = DIRECTION ( 'NONE',  ( -1.000000000000000000, 0.000000000000000000, 0.000000000000000000 ) ) ;
#4191 = ORIENTED_EDGE ( 'NONE', *, *, #257, .F. ) ;
#4192 = FACE_OUTER_BOUND ( 'NONE', #3201, .T. ) ;
#4193 = EDGE_CURVE ( 'NONE', #3027, #2486, #5557, .T. ) ;
#4194 = CARTESIAN_POINT ( 'NONE',  ( 60.99999999999998579, 37.99999999999999289, 8.250000000000000000 ) ) ;
#4195 = ORIENTED_EDGE ( 'NONE', *, *, #2523, .T. ) ;
#4196 = DIRECTION ( 'NONE',  ( -1.000000000000000000, 0.000000000000000000, -0.000000000000000000 ) ) ;
#4197 = EDGE_CURVE ( 'NONE', #5510, #1037, #5588, .T. ) ;
#4198 = ORIENTED_EDGE ( 'NONE', *, *, #636, .F. ) ;
#4199 = ORIENTED_EDGE ( 'NONE', *, *, #1608, .F. ) ;
#4200 = DIRECTION ( 'NONE',  ( -0.000000000000000000, -1.000000000000000000, -0.000000000000000000 ) ) ;
#4201 = DIRECTION ( 'NONE',  ( 1.512840240677448454E-16, -1.000000000000000000, 0.000000000000000000 ) ) ;
#4202 = ORIENTED_EDGE ( 'NONE', *, *, #2871, .T. ) ;
#4203 = EDGE_CURVE ( 'NONE', #1828, #2858, #614, .T. ) ;
#4204 = CARTESIAN_POINT ( 'NONE',  ( 60.99999999999997158, 63.50000000000000000, 1.999999999999997335 ) ) ;
#4205 = VECTOR ( 'NONE', #3865, 1000.000000000000000 ) ;
#4206 = DIRECTION ( 'NONE',  ( -0.000000000000000000, -0.000000000000000000, 1.000000000000000000 ) ) ;
#4207 = ORIENTED_EDGE ( 'NONE', *, *, #3131, .F. ) ;
#4208 = ADVANCED_FACE ( 'NONE', ( #1100 ), #4548, .F. ) ;
#4209 = PRODUCT ( 'PI_REM_BOTTOM_REVB', 'PI_REM_BOTTOM_REVB', '', ( #4299 ) ) ;
#4210 = ORIENTED_EDGE ( 'NONE', *, *, #1282, .F. ) ;
#4211 = CARTESIAN_POINT ( 'NONE',  ( 40.39999999999997726, 88.00000000000000000, 8.500000000000001776 ) ) ;
#4212 = EDGE_CURVE ( 'NONE', #5360, #961, #99, .T. ) ;
#4213 = CARTESIAN_POINT ( 'NONE',  ( 58.99999999999997868, 49.99999999999999289, 4.999999999999995559 ) ) ;
#4214 = ORIENTED_EDGE ( 'NONE', *, *, #926, .T. ) ;
#4215 = ORIENTED_EDGE ( 'NONE', *, *, #6307, .F. ) ;
#4216 = CARTESIAN_POINT ( 'NONE',  ( -5.204170427930421283E-15, 33.50000000000000000, 2.000000000000006661 ) ) ;
#4217 = CIRCLE ( 'NONE', #5150, 0.7500000000000006661 ) ;
#4218 = CARTESIAN_POINT ( 'NONE',  ( 41.99999999999999289, 2.000000000000000000, 13.00000000000000355 ) ) ;
#4219 = DIRECTION ( 'NONE',  ( 0.000000000000000000, 0.000000000000000000, -1.000000000000000000 ) ) ;
#4220 = EDGE_LOOP ( 'NONE', ( #4338, #3520, #189, #1809 ) ) ;
#4221 = CARTESIAN_POINT ( 'NONE',  ( 61.87305627518720286, 98.04999999999998295, 6.000000000000000000 ) ) ;
#4222 = ADVANCED_FACE ( 'NONE', ( #2985 ), #6042, .F. ) ;
#4223 = DIRECTION ( 'NONE',  ( 1.000000000000000000, -0.000000000000000000, -0.000000000000000000 ) ) ;
#4224 = ORIENTED_EDGE ( 'NONE', *, *, #5157, .F. ) ;
#4225 = CARTESIAN_POINT ( 'NONE',  ( 71.00000000000000000, 3.000000000000000000, 25.10000000000000142 ) ) ;
#4226 = APPROVAL_PERSON_ORGANIZATION ( #2827, #3959, #2763 ) ;
#4227 = ORIENTED_EDGE ( 'NONE', *, *, #669, .T. ) ;
#4228 = VERTEX_POINT ( 'NONE', #1066 ) ;
#4229 = DIRECTION ( 'NONE',  ( -1.000000000000000000, -2.434699615406045218E-16, 0.000000000000000000 ) ) ;
#4230 = DIRECTION ( 'NONE',  ( -0.000000000000000000, -0.000000000000000000, -1.000000000000000000 ) ) ;
#4231 = AXIS2_PLACEMENT_3D ( 'NONE', #4066, #5036, #616 ) ;
#4232 = DIRECTION ( 'NONE',  ( -1.000000000000000000, 0.000000000000000000, -0.000000000000000000 ) ) ;
#4233 = VECTOR ( 'NONE', #1343, 1000.000000000000000 ) ;
#4234 = EDGE_CURVE ( 'NONE', #1404, #783, #3052, .T. ) ;
#4235 = VERTEX_POINT ( 'NONE', #5031 ) ;
#4236 = DIRECTION ( 'NONE',  ( -0.000000000000000000, -0.000000000000000000, -1.000000000000000000 ) ) ;
#4237 = DIRECTION ( 'NONE',  ( 0.000000000000000000, -1.000000000000000000, 0.000000000000000000 ) ) ;
#4238 = ORIENTED_EDGE ( 'NONE', *, *, #6053, .T. ) ;
#4239 = VECTOR ( 'NONE', #4787, 1000.000000000000000 ) ;
#4240 = ORIENTED_EDGE ( 'NONE', *, *, #5969, .F. ) ;
#4241 = CARTESIAN_POINT ( 'NONE',  ( 60.99999999999998579, 37.99999999999999289, 11.95000000000000462 ) ) ;
#4242 = DIRECTION ( 'NONE',  ( -7.304098846218140584E-16, 1.000000000000000000, 1.826024711554535146E-16 ) ) ;
#4243 = DIRECTION ( 'NONE',  ( -0.000000000000000000, 0.000000000000000000, 1.000000000000000000 ) ) ;
#4244 = EDGE_CURVE ( 'NONE', #468, #5724, #5068, .T. ) ;
#4245 = CARTESIAN_POINT ( 'NONE',  ( 70.25000000000000000, -9.999999999999998224, -18.38477631085023489 ) ) ;
#4246 = LINE ( 'NONE', #793, #1015 ) ;
#4247 = ORIENTED_EDGE ( 'NONE', *, *, #4351, .T. ) ;
#4248 = ORIENTED_EDGE ( 'NONE', *, *, #3443, .T. ) ;
#4249 = CARTESIAN_POINT ( 'NONE',  ( 4.250000000000000000, 88.00000000000000000, 8.500000000000000000 ) ) ;
#4250 = CARTESIAN_POINT ( 'NONE',  ( -5.204170427930421283E-15, 33.50000000000000000, 5.000000000000001776 ) ) ;
#4251 = CARTESIAN_POINT ( 'NONE',  ( 67.12694372481279004, 1.050000000000004485, 6.000000000000000000 ) ) ;
#4252 = ORIENTED_EDGE ( 'NONE', *, *, #1012, .F. ) ;
#4253 = PLANE ( 'NONE',  #5434 ) ;
#4254 = CARTESIAN_POINT ( 'NONE',  ( 58.74999999999998579, 99.99999999999998579, 0.7500000000000000000 ) ) ;
#4255 = ORIENTED_EDGE ( 'NONE', *, *, #3142, .T. ) ;
#4256 = LINE ( 'NONE', #4657, #1292 ) ;
#4257 = VECTOR ( 'NONE', #2648, 1000.000000000000000 ) ;
#4258 = VECTOR ( 'NONE', #3288, 1000.000000000000000 ) ;
#4259 = VECTOR ( 'NONE', #2626, 1000.000000000000000 ) ;
#4260 = ORIENTED_EDGE ( 'NONE', *, *, #3125, .T. ) ;
#4261 = VERTEX_POINT ( 'NONE', #2597 ) ;
#4262 = ORIENTED_EDGE ( 'NONE', *, *, #3599, .T. ) ;
#4263 = DIRECTION ( 'NONE',  ( 0.000000000000000000, 0.000000000000000000, 1.000000000000000000 ) ) ;
#4264 = DIRECTION ( 'NONE',  ( 0.000000000000000000, 0.000000000000000000, -1.000000000000000000 ) ) ;
#4265 = VERTEX_POINT ( 'NONE', #2460 ) ;
#4266 = VECTOR ( 'NONE', #3417, 1000.000000000000000 ) ;
#4267 = EDGE_CURVE ( 'NONE', #3203, #6087, #4447, .T. ) ;
#4268 = LINE ( 'NONE', #5206, #5357 ) ;
#4269 = DIRECTION ( 'NONE',  ( 0.000000000000000000, 0.000000000000000000, 1.000000000000000000 ) ) ;
#4270 = ORIENTED_EDGE ( 'NONE', *, *, #4614, .T. ) ;
#4271 = EDGE_CURVE ( 'NONE', #3775, #1862, #4374, .T. ) ;
#4272 = ORIENTED_EDGE ( 'NONE', *, *, #4509, .F. ) ;
#4273 = CARTESIAN_POINT ( 'NONE',  ( 70.25000000000000000, 3.000000000000000000, 0.000000000000000000 ) ) ;
#4274 = FACE_OUTER_BOUND ( 'NONE', #6120, .T. ) ;
#4275 = CARTESIAN_POINT ( 'NONE',  ( 64.49999999999997158, 93.49999999999998579, 6.000000000000000000 ) ) ;
#4276 = EDGE_CURVE ( 'NONE', #4449, #5683, #6220, .T. ) ;
#4277 = DIRECTION ( 'NONE',  ( 1.000000000000000000, 2.312964634635743450E-16, -0.000000000000000000 ) ) ;
#4278 = LINE ( 'NONE', #5103, #1124 ) ;
#4279 = ORIENTED_EDGE ( 'NONE', *, *, #5174, .F. ) ;
#4280 = EDGE_CURVE ( 'NONE', #1787, #2954, #376, .T. ) ;
#4281 = ORIENTED_EDGE ( 'NONE', *, *, #2206, .F. ) ;
#4282 = CARTESIAN_POINT ( 'NONE',  ( 2.250000000000000000, 99.99999999999998579, 0.7500000000000006661 ) ) ;
#4283 = CARTESIAN_POINT ( 'NONE',  ( -3.500000000000017764, -3.499999999999999112, 25.10000000000000142 ) ) ;
#4284 = EDGE_CURVE ( 'NONE', #1394, #4633, #5733, .T. ) ;
#4285 = AXIS2_PLACEMENT_3D ( 'NONE', #5058, #1061, #962 ) ;
#4286 = EDGE_CURVE ( 'NONE', #5694, #1272, #5300, .T. ) ;
#4287 = CARTESIAN_POINT ( 'NONE',  ( 70.99999999999998579, 99.24999999999997158, 43.48477631085023631 ) ) ;
#4288 = ORIENTED_EDGE ( 'NONE', *, *, #381, .F. ) ;
#4289 = CARTESIAN_POINT ( 'NONE',  ( 58.99999999999997158, 63.50000000000000000, 4.999999999999997335 ) ) ;
#4290 = VECTOR ( 'NONE', #2121, 1000.000000000000000 ) ;
#4291 = CARTESIAN_POINT ( 'NONE',  ( 58.99999999999998579, 33.50000000000000000, 7.000000000000000000 ) ) ;
#4292 = ORIENTED_EDGE ( 'NONE', *, *, #5039, .F. ) ;
#4293 = PLANE ( 'NONE',  #6384 ) ;
#4294 = VECTOR ( 'NONE', #5415, 1000.000000000000000 ) ;
#4295 = AXIS2_PLACEMENT_3D ( 'NONE', #837, #5899, #934 ) ;
#4296 = ORIENTED_EDGE ( 'NONE', *, *, #32, .F. ) ;
#4297 = ORIENTED_EDGE ( 'NONE', *, *, #3678, .F. ) ;
#4298 = ORIENTED_EDGE ( 'NONE', *, *, #4088, .T. ) ;
#4299 = MECHANICAL_CONTEXT ( 'NONE', #1094, 'mechanical' ) ;
#4300 = CARTESIAN_POINT ( 'NONE',  ( -1.658829323902822770E-15, 9.000000000000003553, 2.000000000000000000 ) ) ;
#4301 = FACE_OUTER_BOUND ( 'NONE', #4604, .T. ) ;
#4302 = ORIENTED_EDGE ( 'NONE', *, *, #4574, .T. ) ;
#4303 = DIRECTION ( 'NONE',  ( 4.180056568618811991E-16, 0.000000000000000000, -1.000000000000000000 ) ) ;
#4304 = CARTESIAN_POINT ( 'NONE',  ( 58.99999999999997158, 84.99999999999998579, 15.99999999999999645 ) ) ;
#4305 = ORIENTED_EDGE ( 'NONE', *, *, #2523, .F. ) ;
#4306 = EDGE_CURVE ( 'NONE', #2195, #5727, #2775, .T. ) ;
#4307 = ORIENTED_EDGE ( 'NONE', *, *, #3092, .T. ) ;
#4308 = DIRECTION ( 'NONE',  ( 0.000000000000000000, -1.000000000000000000, -0.000000000000000000 ) ) ;
#4309 = CARTESIAN_POINT ( 'NONE',  ( -8.753887449625585404, 93.49999999999995737, 0.000000000000000000 ) ) ;
#4310 = ADVANCED_FACE ( 'NONE', ( #3785 ), #4757, .F. ) ;
#4311 = DIRECTION ( 'NONE',  ( -1.000000000000000000, -3.301790326894848328E-16, 0.000000000000000000 ) ) ;
#4312 = DIRECTION ( 'NONE',  ( -5.731934358295342090E-32, 2.478176394252579662E-16, -1.000000000000000000 ) ) ;
#4313 = ORIENTED_EDGE ( 'NONE', *, *, #5182, .T. ) ;
#4314 = EDGE_CURVE ( 'NONE', #1116, #2410, #1653, .T. ) ;
#4315 = ORIENTED_EDGE ( 'NONE', *, *, #2756, .T. ) ;
#4316 = CARTESIAN_POINT ( 'NONE',  ( 56.99999999999997868, 88.00000000000000000, 25.10000000000000142 ) ) ;
#4317 = LINE ( 'NONE', #6292, #5915 ) ;
#4318 = EDGE_CURVE ( 'NONE', #1862, #3591, #5828, .T. ) ;
#4319 = CARTESIAN_POINT ( 'NONE',  ( 61.87305627518719575, -8.049999999999993605, 6.000000000000000000 ) ) ;
#4320 = ORIENTED_EDGE ( 'NONE', *, *, #3331, .F. ) ;
#4321 = CARTESIAN_POINT ( 'NONE',  ( -8.753887449625612049, -3.500000000000000444, 0.000000000000000000 ) ) ;
#4322 = VECTOR ( 'NONE', #3748, 1000.000000000000000 ) ;
#4323 = CC_DESIGN_DATE_AND_TIME_ASSIGNMENT ( #3355, #5720, ( #1660 ) ) ;
#4324 = DIRECTION ( 'NONE',  ( 0.000000000000000000, -1.000000000000000000, 0.000000000000000000 ) ) ;
#4325 = ORIENTED_EDGE ( 'NONE', *, *, #4798, .F. ) ;
#4326 = EDGE_CURVE ( 'NONE', #908, #3279, #1440, .T. ) ;
#4327 = CARTESIAN_POINT ( 'NONE',  ( -8.753887449625585404, 93.49999999999995737, 6.000000000000000000 ) ) ;
#4328 = CARTESIAN_POINT ( 'NONE',  ( 69.75388744962558008, 93.49999999999998579, 6.000000000000000000 ) ) ;
#4329 = ORIENTED_EDGE ( 'NONE', *, *, #1320, .F. ) ;
#4330 = ORIENTED_EDGE ( 'NONE', *, *, #5830, .F. ) ;
#4331 = CARTESIAN_POINT ( 'NONE',  ( 58.99999999999999289, 88.00000000000000000, 25.10000000000000142 ) ) ;
#4332 = CARTESIAN_POINT ( 'NONE',  ( 1.999999999999987121, 84.99999999999997158, 13.00000000000000178 ) ) ;
#4333 = FACE_OUTER_BOUND ( 'NONE', #1466, .T. ) ;
#4334 = ORIENTED_EDGE ( 'NONE', *, *, #5641, .T. ) ;
#4335 = CARTESIAN_POINT ( 'NONE',  ( -9.249999999999998224, 87.00000000000000000, 0.000000000000000000 ) ) ;
#4336 = CARTESIAN_POINT ( 'NONE',  ( -10.00000000000001599, 3.000000000000000000, 43.48477631085023631 ) ) ;
#4337 = EDGE_LOOP ( 'NONE', ( #1333, #5263, #6402, #5575 ) ) ;
#4338 = ORIENTED_EDGE ( 'NONE', *, *, #1966, .T. ) ;
#4339 = CIRCLE ( 'NONE', #2358, 6.000000000000005329 ) ;
#4340 = CARTESIAN_POINT ( 'NONE',  ( 58.99999999999999289, 8.749999999999996447, 8.249999999999994671 ) ) ;
#4341 = DIRECTION ( 'NONE',  ( -0.000000000000000000, -0.000000000000000000, 1.000000000000000000 ) ) ;
#4342 = DIRECTION ( 'NONE',  ( -0.000000000000000000, -1.000000000000000000, -0.000000000000000000 ) ) ;
#4343 = AXIS2_PLACEMENT_3D ( 'NONE', #4696, #1703, #2224 ) ;
#4344 = DIRECTION ( 'NONE',  ( 0.000000000000000000, -1.000000000000000000, 0.000000000000000000 ) ) ;
#4345 = EDGE_LOOP ( 'NONE', ( #4214, #485, #6182, #4320 ) ) ;
#4346 = VERTEX_POINT ( 'NONE', #2322 ) ;
#4347 = LINE ( 'NONE', #3304, #4496 ) ;
#4348 = AXIS2_PLACEMENT_3D ( 'NONE', #4075, #3161, #2670 ) ;
#4349 = CARTESIAN_POINT ( 'NONE',  ( 58.99999999999997868, 49.99999999999999289, 4.999999999999995559 ) ) ;
#4350 = DIRECTION ( 'NONE',  ( -0.000000000000000000, -0.000000000000000000, -1.000000000000000000 ) ) ;
#4351 = EDGE_CURVE ( 'NONE', #2195, #1525, #4727, .T. ) ;
#4352 = LINE ( 'NONE', #2919, #1905 ) ;
#4353 = CARTESIAN_POINT ( 'NONE',  ( -1.658829323902821981E-15, 9.000000000000000000, 0.000000000000000000 ) ) ;
#4354 = ORIENTED_EDGE ( 'NONE', *, *, #5422, .F. ) ;
#4355 = DIRECTION ( 'NONE',  ( -4.223530579796573848E-32, 1.826024711554535146E-16, -1.000000000000000000 ) ) ;
#4356 = VECTOR ( 'NONE', #3964, 1000.000000000000000 ) ;
#4357 = LINE ( 'NONE', #1331, #1256 ) ;
#4358 = VERTEX_POINT ( 'NONE', #1345 ) ;
#4359 = EDGE_CURVE ( 'NONE', #1298, #401, #5617, .T. ) ;
#4360 = ORIENTED_EDGE ( 'NONE', *, *, #4079, .T. ) ;
#4361 = DIRECTION ( 'NONE',  ( 0.000000000000000000, -0.000000000000000000, 1.000000000000000000 ) ) ;
#4362 = CARTESIAN_POINT ( 'NONE',  ( 3.000000000000000000, 99.24999999999998579, 0.7500000000000006661 ) ) ;
#4363 = ORIENTED_EDGE ( 'NONE', *, *, #1995, .F. ) ;
#4364 = VECTOR ( 'NONE', #1276, 1000.000000000000000 ) ;
#4365 = DIRECTION ( 'NONE',  ( 0.000000000000000000, -0.000000000000000000, -1.000000000000000000 ) ) ;
#4366 = VECTOR ( 'NONE', #6072, 1000.000000000000000 ) ;
#4367 = EDGE_CURVE ( 'NONE', #3003, #5719, #1311, .T. ) ;
#4368 = VECTOR ( 'NONE', #677, 1000.000000000000000 ) ;
#4369 = LINE ( 'NONE', #5311, #5793 ) ;
#4370 = ORIENTED_EDGE ( 'NONE', *, *, #851, .T. ) ;
#4371 = ADVANCED_FACE ( 'NONE', ( #5246 ), #5284, .F. ) ;
#4372 = ORIENTED_EDGE ( 'NONE', *, *, #3340, .T. ) ;
#4373 = CYLINDRICAL_SURFACE ( 'NONE', #2077, 2.300000000000000266 ) ;
#4374 = CIRCLE ( 'NONE', #4164, 0.7500000000000006661 ) ;
#4375 = DIRECTION ( 'NONE',  ( 0.000000000000000000, -1.000000000000000000, 1.734723475976806848E-16 ) ) ;
#4376 = VECTOR ( 'NONE', #5456, 1000.000000000000000 ) ;
#4377 = LINE ( 'NONE', #3980, #2062 ) ;
#4378 = LINE ( 'NONE', #1508, #5066 ) ;
#4379 = ORIENTED_EDGE ( 'NONE', *, *, #5345, .T. ) ;
#4380 = VECTOR ( 'NONE', #1822, 1000.000000000000000 ) ;
#4381 = ORIENTED_EDGE ( 'NONE', *, *, #2324, .T. ) ;
#4382 = CARTESIAN_POINT ( 'NONE',  ( 1.999999999999990008, 64.99999999999997158, 13.00000000000000355 ) ) ;
#4383 = EDGE_CURVE ( 'NONE', #1218, #1958, #3224, .T. ) ;
#4384 = FACE_OUTER_BOUND ( 'NONE', #69, .T. ) ;
#4385 = DIRECTION ( 'NONE',  ( -0.000000000000000000, -0.000000000000000000, -1.000000000000000000 ) ) ;
#4386 = DIRECTION ( 'NONE',  ( -0.000000000000000000, -0.000000000000000000, -1.000000000000000000 ) ) ;
#4387 = EDGE_CURVE ( 'NONE', #4633, #522, #2809, .T. ) ;
#4388 = ADVANCED_FACE ( 'NONE', ( #6285 ), #168, .F. ) ;
#4389 = LINE ( 'NONE', #1484, #5327 ) ;
#4390 = ORIENTED_EDGE ( 'NONE', *, *, #3986, .F. ) ;
#4391 = CARTESIAN_POINT ( 'NONE',  ( 58.99999999999999289, 88.00000000000000000, 0.5857864376269013018 ) ) ;
#4392 = CARTESIAN_POINT ( 'NONE',  ( 58.99999999999997868, 64.99999999999998579, 12.99999999999999645 ) ) ;
#4393 = VECTOR ( 'NONE', #2592, 1000.000000000000227 ) ;
#4394 = ADVANCED_FACE ( 'NONE', ( #3334 ), #2840, .F. ) ;
#4395 = ORIENTED_EDGE ( 'NONE', *, *, #1878, .T. ) ;
#4396 = CALENDAR_DATE ( 2026, 10, 10 ) ;
#4397 = DIRECTION ( 'NONE',  ( 0.000000000000000000, 0.000000000000000000, -1.000000000000000000 ) ) ;
#4398 = DIRECTION ( 'NONE',  ( -1.000000000000000000, 0.000000000000000000, 0.000000000000000000 ) ) ;
#4399 = ORIENTED_EDGE ( 'NONE', *, *, #1453, .F. ) ;
#4400 = CARTESIAN_POINT ( 'NONE',  ( 56.99999999999997868, 63.50000000000000000, 7.000000000000000000 ) ) ;
#4401 = EDGE_CURVE ( 'NONE', #2231, #1760, #4684, .T. ) ;
#4402 = VECTOR ( 'NONE', #517, 1000.000000000000000 ) ;
#4403 = DIRECTION ( 'NONE',  ( 0.000000000000000000, 0.000000000000000000, -1.000000000000000000 ) ) ;
#4404 = VERTEX_POINT ( 'NONE', #50 ) ;
#4405 = ORIENTED_EDGE ( 'NONE', *, *, #4014, .F. ) ;
#4406 = FACE_BOUND ( 'NONE', #120, .T. ) ;
#4407 = FACE_OUTER_BOUND ( 'NONE', #3938, .T. ) ;
#4408 = CARTESIAN_POINT ( 'NONE',  ( 58.99999999999999289, 8.749999999999996447, 8.249999999999994671 ) ) ;
#4409 = ADVANCED_FACE ( 'NONE', ( #4407 ), #2384, .F. ) ;
#4410 = DIRECTION ( 'NONE',  ( -1.000000000000000000, -1.541976423090495633E-16, -0.000000000000000000 ) ) ;
#4411 = ORIENTED_EDGE ( 'NONE', *, *, #5147, .T. ) ;
#4412 = ORIENTED_EDGE ( 'NONE', *, *, #4132, .T. ) ;
#4413 = CARTESIAN_POINT ( 'NONE',  ( 69.75388744962559429, -3.499999999999999556, 0.000000000000000000 ) ) ;
#4414 = FACE_OUTER_BOUND ( 'NONE', #5716, .T. ) ;
#4415 = VECTOR ( 'NONE', #4713, 1000.000000000000000 ) ;
#4416 = CARTESIAN_POINT ( 'NONE',  ( 18.50000000000000000, 4.000000000000000000, 2.000000000000000000 ) ) ;
#4417 = CARTESIAN_POINT ( 'NONE',  ( 58.99999999999998579, 65.00000000000000000, 7.000000000000000000 ) ) ;
#4418 = CARTESIAN_POINT ( 'NONE',  ( -9.249999999999998224, 87.75000000000000000, -18.38477631085023489 ) ) ;
#4419 = ORIENTED_EDGE ( 'NONE', *, *, #2298, .T. ) ;
#4420 = LINE ( 'NONE', #3313, #2135 ) ;
#4421 = AXIS2_PLACEMENT_3D ( 'NONE', #3097, #491, #2475 ) ;
#4422 = DIRECTION ( 'NONE',  ( 1.000000000000000000, 0.000000000000000000, 0.000000000000000000 ) ) ;
#4423 = VERTEX_POINT ( 'NONE', #4012 ) ;
#4424 = DIRECTION ( 'NONE',  ( 0.000000000000000000, -1.000000000000000000, 0.000000000000000000 ) ) ;
#4425 = ORIENTED_EDGE ( 'NONE', *, *, #6409, .F. ) ;
#4426 = CARTESIAN_POINT ( 'NONE',  ( 58.99999999999997868, 49.99999999999999289, 1.999999999999995781 ) ) ;
#4427 = CARTESIAN_POINT ( 'NONE',  ( 58.99999999999997158, 84.99999999999998579, 2.000000000000000000 ) ) ;
#4428 = ORIENTED_EDGE ( 'NONE', *, *, #825, .T. ) ;
#4429 = DIRECTION ( 'NONE',  ( -0.000000000000000000, 0.000000000000000000, 1.000000000000000000 ) ) ;
#4430 = CARTESIAN_POINT ( 'NONE',  ( -1.310679959626920933E-14, 84.99999999999997158, 5.000000000000000000 ) ) ;
#4431 = ORIENTED_EDGE ( 'NONE', *, *, #4234, .F. ) ;
#4432 = ORIENTED_EDGE ( 'NONE', *, *, #2849, .F. ) ;
#4433 = EDGE_CURVE ( 'NONE', #252, #4949, #5409, .T. ) ;
#4434 = LINE ( 'NONE', #3460, #831 ) ;
#4435 = LINE ( 'NONE', #1505, #5455 ) ;
#4436 = DIRECTION ( 'NONE',  ( 0.000000000000000000, 0.000000000000000000, -1.000000000000000000 ) ) ;
#4437 = LINE ( 'NONE', #3464, #2989 ) ;
#4438 = ORIENTED_EDGE ( 'NONE', *, *, #1891, .F. ) ;
#4439 = DIRECTION ( 'NONE',  ( -0.000000000000000000, -0.000000000000000000, -1.000000000000000000 ) ) ;
#4440 = EDGE_CURVE ( 'NONE', #409, #3317, #3944, .T. ) ;
#4441 = AXIS2_PLACEMENT_3D ( 'NONE', #3545, #5003, #2038 ) ;
#4442 = DIRECTION ( 'NONE',  ( 0.4999999999999990563, 0.8660254037844391517, 0.000000000000000000 ) ) ;
#4443 = VECTOR ( 'NONE', #2785, 1000.000000000000000 ) ;
#4444 = AXIS2_PLACEMENT_3D ( 'NONE', #2051, #3032, #2613 ) ;
#4445 = DIRECTION ( 'NONE',  ( -1.000000000000000000, -1.541976423090495633E-16, -0.000000000000000000 ) ) ;
#4446 = DIRECTION ( 'NONE',  ( -0.5000000000000002220, -0.8660254037844384856, 0.000000000000000000 ) ) ;
#4447 = LINE ( 'NONE', #1971, #2915 ) ;
#4448 = DIRECTION ( 'NONE',  ( -1.981409407805800388E-32, 1.284980352575413685E-16, 1.000000000000000000 ) ) ;
#4449 = VERTEX_POINT ( 'NONE', #3461 ) ;
#4450 = DIRECTION ( 'NONE',  ( 0.4999999999999997780, 0.8660254037844388186, 0.000000000000000000 ) ) ;
#4451 = ORIENTED_EDGE ( 'NONE', *, *, #4831, .T. ) ;
#4452 = ORIENTED_EDGE ( 'NONE', *, *, #4267, .F. ) ;
#4453 = CARTESIAN_POINT ( 'NONE',  ( 1.999999999999986677, 87.99999999999998579, 8.599999999999999645 ) ) ;
#4454 = ORIENTED_EDGE ( 'NONE', *, *, #5553, .F. ) ;
#4455 = DIRECTION ( 'NONE',  ( 1.000000000000000000, 2.312964634635743450E-16, -0.000000000000000000 ) ) ;
#4456 = CARTESIAN_POINT ( 'NONE',  ( -1.200000000000017497, -3.499999999999999112, 25.10000000000000142 ) ) ;
#4457 = EDGE_LOOP ( 'NONE', ( #2860, #690, #2347, #3164 ) ) ;
#4458 = DIRECTION ( 'NONE',  ( -1.000000000000000000, 0.000000000000000000, 0.000000000000000000 ) ) ;
#4459 = DIRECTION ( 'NONE',  ( -1.000000000000000000, 1.334402673828313339E-16, 0.000000000000000000 ) ) ;
#4460 = ORIENTED_EDGE ( 'NONE', *, *, #2688, .T. ) ;
#4461 = ORIENTED_EDGE ( 'NONE', *, *, #1810, .T. ) ;
#4462 = CARTESIAN_POINT ( 'NONE',  ( -1.310679959626920933E-14, 84.99999999999997158, 13.00000000000000178 ) ) ;
#4463 = EDGE_CURVE ( 'NONE', #6272, #5567, #5343, .T. ) ;
#4464 = DIRECTION ( 'NONE',  ( 0.000000000000000000, 0.000000000000000000, -1.000000000000000000 ) ) ;
#4465 = ORIENTED_EDGE ( 'NONE', *, *, #733, .T. ) ;
#4466 = CIRCLE ( 'NONE', #2183, 6.000000000000005329 ) ;
#4467 = CARTESIAN_POINT ( 'NONE',  ( 1.999999999999995337, 32.00000000000000000, 5.000000000000006217 ) ) ;
#4468 = DIRECTION ( 'NONE',  ( -0.000000000000000000, -0.000000000000000000, 1.000000000000000000 ) ) ;
#4469 = ORIENTED_EDGE ( 'NONE', *, *, #3907, .F. ) ;
#4470 = AXIS2_PLACEMENT_3D ( 'NONE', #3658, #1118, #2674 ) ;
#4471 = AXIS2_PLACEMENT_3D ( 'NONE', #6210, #5663, #4746 ) ;
#4472 = AXIS2_PLACEMENT_3D ( 'NONE', #1546, #5093, #5552 ) ;
#4473 = LINE ( 'NONE', #539, #4393 ) ;
#4474 = ADVANCED_FACE ( 'NONE', ( #958 ), #5889, .T. ) ;
#4475 = CARTESIAN_POINT ( 'NONE',  ( 58.99999999999997158, 84.99999999999998579, 15.99999999999999645 ) ) ;
#4476 = VECTOR ( 'NONE', #3682, 1000.000000000000000 ) ;
#4477 = EDGE_CURVE ( 'NONE', #6009, #6002, #3978, .T. ) ;
#4478 = DIRECTION ( 'NONE',  ( 1.000000000000000000, -0.000000000000000000, -0.000000000000000000 ) ) ;
#4479 = LINE ( 'NONE', #5065, #4882 ) ;
#4480 = DIRECTION ( 'NONE',  ( -0.000000000000000000, -0.000000000000000000, -1.000000000000000000 ) ) ;
#4481 = ADVANCED_FACE ( 'NONE', ( #986 ), #2025, .T. ) ;
#4482 = CARTESIAN_POINT ( 'NONE',  ( -1.527864045000369986, 5.000000000000060396, 43.48477631085024342 ) ) ;
#4483 = VERTEX_POINT ( 'NONE', #4919 ) ;
#4484 = FACE_OUTER_BOUND ( 'NONE', #5413, .T. ) ;
#4485 = EDGE_CURVE ( 'NONE', #588, #1669, #1538, .T. ) ;
#4486 = DIRECTION ( 'NONE',  ( 1.000000000000000000, 2.312964634635743450E-16, -0.000000000000000000 ) ) ;
#4487 = ORIENTED_EDGE ( 'NONE', *, *, #2364, .T. ) ;
#4488 = CARTESIAN_POINT ( 'NONE',  ( 60.99999999999997158, 65.00000000000000000, 1.999999999999997335 ) ) ;
#4489 = ORIENTED_EDGE ( 'NONE', *, *, #4326, .T. ) ;
#4490 = ADVANCED_FACE ( 'NONE', ( #4890 ), #5921, .F. ) ;
#4491 = CARTESIAN_POINT ( 'NONE',  ( 58.99999999999997868, 64.99999999999998579, 15.99999999999999645 ) ) ;
#4492 = CARTESIAN_POINT ( 'NONE',  ( 58.99999999999997158, 84.99999999999998579, 5.000000000000000000 ) ) ;
#4493 = ORIENTED_EDGE ( 'NONE', *, *, #152, .T. ) ;
#4494 = DIRECTION ( 'NONE',  ( -0.000000000000000000, -0.000000000000000000, 1.000000000000000000 ) ) ;
#4495 = DIRECTION ( 'NONE',  ( 1.000000000000000000, 0.000000000000000000, 0.000000000000000000 ) ) ;
#4496 = VECTOR ( 'NONE', #2327, 1000.000000000000000 ) ;
#4497 = ORIENTED_EDGE ( 'NONE', *, *, #4197, .T. ) ;
#4498 = ORIENTED_EDGE ( 'NONE', *, *, #4772, .F. ) ;
#4499 = VERTEX_POINT ( 'NONE', #4502 ) ;
#4500 = PLANE ( 'NONE',  #1553 ) ;
#4501 = AXIS2_PLACEMENT_3D ( 'NONE', #4738, #204, #230 ) ;
#4502 = CARTESIAN_POINT ( 'NONE',  ( -1.200000000000001954, 93.50000000000000000, 25.10000000000000142 ) ) ;
#4503 = ORIENTED_EDGE ( 'NONE', *, *, #6296, .T. ) ;
#4504 = CARTESIAN_POINT ( 'NONE',  ( 57.99999999999999289, 2.000000000000000000, -18.38477631085023489 ) ) ;
#4505 = CARTESIAN_POINT ( 'NONE',  ( 2.999999999999982236, -6.000000000000000888, 43.48477631085023631 ) ) ;
#4506 = ORIENTED_EDGE ( 'NONE', *, *, #4124, .F. ) ;
#4507 = VECTOR ( 'NONE', #5619, 1000.000000000000000 ) ;
#4508 = EDGE_CURVE ( 'NONE', #5238, #1298, #5955, .T. ) ;
#4509 = EDGE_CURVE ( 'NONE', #1790, #2149, #4435, .T. ) ;
#4510 = CARTESIAN_POINT ( 'NONE',  ( 58.99999999999998579, 37.99999999999999289, 8.250000000000000000 ) ) ;
#4511 = DIRECTION ( 'NONE',  ( 1.000000000000000000, 0.000000000000000000, 0.000000000000000000 ) ) ;
#4512 = ADVANCED_FACE ( 'NONE', ( #6419 ), #1407, .F. ) ;
#4513 = FACE_OUTER_BOUND ( 'NONE', #1111, .T. ) ;
#4514 = DIRECTION ( 'NONE',  ( 1.000000000000000000, 1.541976423090495633E-16, 0.000000000000000000 ) ) ;
#4515 = EDGE_CURVE ( 'NONE', #5600, #2535, #2904, .T. ) ;
#4516 = DIRECTION ( 'NONE',  ( -0.000000000000000000, -0.000000000000000000, -1.000000000000000000 ) ) ;
#4517 = LINE ( 'NONE', #5069, #1481 ) ;
#4518 = EDGE_LOOP ( 'NONE', ( #6420, #1359, #367, #3217 ) ) ;
#4519 = AXIS2_PLACEMENT_3D ( 'NONE', #686, #3213, #5199 ) ;
#4520 = CARTESIAN_POINT ( 'NONE',  ( 70.25000000000000000, -9.249999999999998224, 0.000000000000000000 ) ) ;
#4521 = DIRECTION ( 'NONE',  ( 0.000000000000000000, -1.000000000000000000, 0.000000000000000000 ) ) ;
#4522 = ORIENTED_EDGE ( 'NONE', *, *, #6385, .F. ) ;
#4523 = CARTESIAN_POINT ( 'NONE',  ( -1.002284675008821649E-14, 64.99999999999997158, 16.00000000000000355 ) ) ;
#4524 = ORIENTED_EDGE ( 'NONE', *, *, #1223, .F. ) ;
#4525 = APPROVAL ( #6208, 'UNSPECIFIED' ) ;
#4526 = DIRECTION ( 'NONE',  ( 0.000000000000000000, -1.000000000000000000, 0.000000000000000000 ) ) ;
#4527 = EDGE_CURVE ( 'NONE', #5537, #2295, #1018, .T. ) ;
#4528 = DIRECTION ( 'NONE',  ( 1.000000000000000000, 0.000000000000000000, 0.000000000000000000 ) ) ;
#4529 = VERTEX_POINT ( 'NONE', #405 ) ;
#4530 = DIRECTION ( 'NONE',  ( -1.982541115402065356E-16, 1.000000000000000000, 1.239088197126290817E-16 ) ) ;
#4531 = DIRECTION ( 'NONE',  ( -0.000000000000000000, -0.000000000000000000, -1.000000000000000000 ) ) ;
#4532 = ORIENTED_EDGE ( 'NONE', *, *, #1620, .T. ) ;
#4533 = ORIENTED_EDGE ( 'NONE', *, *, #655, .F. ) ;
#4534 = ORIENTED_EDGE ( 'NONE', *, *, #1895, .T. ) ;
#4535 = LINE ( 'NONE', #3976, #2908 ) ;
#4536 = VECTOR ( 'NONE', #3484, 1000.000000000000000 ) ;
#4537 = DIRECTION ( 'NONE',  ( 0.000000000000000000, -1.000000000000000000, -0.000000000000000000 ) ) ;
#4538 = EDGE_LOOP ( 'NONE', ( #1571, #251, #5661, #2499 ) ) ;
#4539 = DIRECTION ( 'NONE',  ( 1.000000000000000000, 0.000000000000000000, 0.000000000000000000 ) ) ;
#4540 = CARTESIAN_POINT ( 'NONE',  ( 27.71995838912544485, 0.000000000000000000, 16.00000000000000355 ) ) ;
#4541 = ORIENTED_EDGE ( 'NONE', *, *, #663, .F. ) ;
#4542 = CARTESIAN_POINT ( 'NONE',  ( 36.49999999999997868, 90.00000000000000000, 25.10000000000000142 ) ) ;
#4543 = DIRECTION ( 'NONE',  ( 1.067522139062650671E-15, 1.000000000000000000, 0.000000000000000000 ) ) ;
#4544 = DIRECTION ( 'NONE',  ( 0.000000000000000000, 0.000000000000000000, -1.000000000000000000 ) ) ;
#4545 = CARTESIAN_POINT ( 'NONE',  ( 18.25000000000000355, 90.00000000000000000, 8.499999999999998224 ) ) ;
#4546 = AXIS2_PLACEMENT_3D ( 'NONE', #5924, #4468, #1993 ) ;
#4547 = VECTOR ( 'NONE', #2286, 1000.000000000000000 ) ;
#4548 = CYLINDRICAL_SURFACE ( 'NONE', #5512, 6.000000000000000000 ) ;
#4549 = CARTESIAN_POINT ( 'NONE',  ( 62.19999999999998153, 93.49999999999998579, 0.000000000000000000 ) ) ;
#4550 = ORIENTED_EDGE ( 'NONE', *, *, #2206, .T. ) ;
#4551 = CARTESIAN_POINT ( 'NONE',  ( 4.000000000000000000, 63.50000000000000000, 7.000000000000000000 ) ) ;
#4552 = EDGE_CURVE ( 'NONE', #2348, #3999, #2417, .T. ) ;
#4553 = CYLINDRICAL_SURFACE ( 'NONE', #4870, 6.000000000000000000 ) ;
#4554 = EDGE_LOOP ( 'NONE', ( #3392, #788, #3766, #5729, #185, #1551 ) ) ;
#4555 = LINE ( 'NONE', #1491, #760 ) ;
#4556 = ORIENTED_EDGE ( 'NONE', *, *, #4682, .T. ) ;
#4557 = PLANE ( 'NONE',  #1674 ) ;
#4558 = VECTOR ( 'NONE', #4342, 1000.000000000000000 ) ;
#4559 = DIRECTION ( 'NONE',  ( 1.000000000000000000, 0.000000000000000000, 0.000000000000000000 ) ) ;
#4560 = ORIENTED_EDGE ( 'NONE', *, *, #3361, .F. ) ;
#4561 = DIRECTION ( 'NONE',  ( -0.000000000000000000, 0.000000000000000000, -1.000000000000000000 ) ) ;
#4562 = DIRECTION ( 'NONE',  ( 0.8660254037844387076, 0.5000000000000001110, -0.000000000000000000 ) ) ;
#4563 = ORIENTED_EDGE ( 'NONE', *, *, #1690, .F. ) ;
#4564 = ADVANCED_FACE ( 'NONE', ( #2193 ), #1730, .F. ) ;
#4565 = EDGE_LOOP ( 'NONE', ( #2023, #5278, #4844, #6376 ) ) ;
#4566 = VERTEX_POINT ( 'NONE', #3170 ) ;
#4567 = CARTESIAN_POINT ( 'NONE',  ( 43.99999999999998579, 2.000000000000000000, 2.000000000000000000 ) ) ;
#4568 = FACE_BOUND ( 'NONE', #1991, .T. ) ;
#4569 = ORIENTED_EDGE ( 'NONE', *, *, #1301, .F. ) ;
#4570 = EDGE_CURVE ( 'NONE', #5696, #2048, #3992, .T. ) ;
#4571 = LINE ( 'NONE', #5606, #1211 ) ;
#4572 = CARTESIAN_POINT ( 'NONE',  ( 57.99999999999999289, -9.249999999999998224, 0.000000000000000000 ) ) ;
#4573 = ORIENTED_EDGE ( 'NONE', *, *, #5171, .F. ) ;
#4574 = EDGE_CURVE ( 'NONE', #63, #2928, #214, .T. ) ;
#4575 = PLANE ( 'NONE',  #1170 ) ;
#4576 = PLANE ( 'NONE',  #5507 ) ;
#4577 = AXIS2_PLACEMENT_3D ( 'NONE', #469, #2446, #1017 ) ;
#4578 = VECTOR ( 'NONE', #5448, 1000.000000000000000 ) ;
#4579 = VECTOR ( 'NONE', #3523, 1000.000000000000000 ) ;
#4580 = ORIENTED_EDGE ( 'NONE', *, *, #1620, .F. ) ;
#4581 = AXIS2_PLACEMENT_3D ( 'NONE', #4097, #5965, #1482 ) ;
#4582 = CARTESIAN_POINT ( 'NONE',  ( 57.99999999999999289, -9.249999999999998224, 0.7500000000000006661 ) ) ;
#4583 = DIRECTION ( 'NONE',  ( 0.000000000000000000, -1.000000000000000000, 0.000000000000000000 ) ) ;
#4584 = EDGE_CURVE ( 'NONE', #2260, #5738, #721, .T. ) ;
#4585 = AXIS2_PLACEMENT_3D ( 'NONE', #3189, #3166, #5143 ) ;
#4586 = CARTESIAN_POINT ( 'NONE',  ( -8.753887449625585404, 93.49999999999995737, 0.000000000000000000 ) ) ;
#4587 = DIRECTION ( 'NONE',  ( -1.000000000000000000, 0.000000000000000000, 0.000000000000000000 ) ) ;
#4588 = VECTOR ( 'NONE', #4190, 1000.000000000000000 ) ;
#4589 = PLANE ( 'NONE',  #3196 ) ;
#4590 = EDGE_CURVE ( 'NONE', #1203, #4105, #6154, .T. ) ;
#4591 = CARTESIAN_POINT ( 'NONE',  ( 70.24999999999998579, 87.00000000000000000, 43.48477631085023631 ) ) ;
#4592 = EDGE_CURVE ( 'NONE', #6007, #3364, #3779, .T. ) ;
#4593 = VERTEX_POINT ( 'NONE', #3661 ) ;
#4594 = CYLINDRICAL_SURFACE ( 'NONE', #557, 0.7500000000000006661 ) ;
#4595 = ORIENTED_EDGE ( 'NONE', *, *, #5520, .T. ) ;
#4596 = EDGE_CURVE ( 'NONE', #4743, #5702, #5960, .T. ) ;
#4597 = CIRCLE ( 'NONE', #1781, 2.299999999999996270 ) ;
#4598 = CARTESIAN_POINT ( 'NONE',  ( 67.12694372481277583, 98.04999999999998295, 0.000000000000000000 ) ) ;
#4599 = ORIENTED_EDGE ( 'NONE', *, *, #5359, .T. ) ;
#4600 = CARTESIAN_POINT ( 'NONE',  ( 1.999999999999987121, 84.99999999999997158, 13.00000000000000178 ) ) ;
#4601 = CARTESIAN_POINT ( 'NONE',  ( 1.999999999999987121, 84.99999999999997158, 5.000000000000000000 ) ) ;
#4602 = VERTEX_POINT ( 'NONE', #5758 ) ;
#4603 = EDGE_CURVE ( 'NONE', #2954, #4631, #3798, .T. ) ;
#4604 = EDGE_LOOP ( 'NONE', ( #862, #1172, #6303, #5007 ) ) ;
#4605 = EDGE_LOOP ( 'NONE', ( #2894, #4609 ) ) ;
#4606 = DIRECTION ( 'NONE',  ( -0.000000000000000000, 0.000000000000000000, 1.000000000000000000 ) ) ;
#4607 = FACE_OUTER_BOUND ( 'NONE', #5674, .T. ) ;
#4608 = EDGE_CURVE ( 'NONE', #325, #5108, #2767, .T. ) ;
#4609 = ORIENTED_EDGE ( 'NONE', *, *, #193, .T. ) ;
#4610 = DIRECTION ( 'NONE',  ( 1.000000000000000000, 2.312964634635743450E-16, -0.000000000000000000 ) ) ;
#4611 = CARTESIAN_POINT ( 'NONE',  ( 2.249999999999982236, -9.999999999999998224, 25.10000000000000142 ) ) ;
#4612 = ORIENTED_EDGE ( 'NONE', *, *, #3168, .T. ) ;
#4613 = CARTESIAN_POINT ( 'NONE',  ( -9.974659986866640793E-15, 65.00000000000000000, 5.000000000000001776 ) ) ;
#4614 = EDGE_CURVE ( 'NONE', #5925, #38, #5725, .T. ) ;
#4615 = DIRECTION ( 'NONE',  ( -1.000000000000000000, -3.469446951953613400E-15, -0.000000000000000000 ) ) ;
#4616 = AXIS2_PLACEMENT_3D ( 'NONE', #3675, #5656, #4685 ) ;
#4617 = B_SPLINE_CURVE_WITH_KNOTS ( 'NONE', 3,
 ( #3596, #126, #3564, #3075 ),
 .UNSPECIFIED., .F., .F.,
 ( 4, 4 ),
 ( 0.000000000000000000, 1.000000000000000000 ),
 .UNSPECIFIED. ) ;
#4618 = ORIENTED_EDGE ( 'NONE', *, *, #4956, .T. ) ;
#4619 = VECTOR ( 'NONE', #4803, 1000.000000000000000 ) ;
#4620 = DIRECTION ( 'NONE',  ( -0.000000000000000000, -1.000000000000000000, -0.000000000000000000 ) ) ;
#4621 = DIRECTION ( 'NONE',  ( -0.000000000000000000, -1.000000000000000000, -0.000000000000000000 ) ) ;
#4622 = DIRECTION ( 'NONE',  ( -1.000000000000000000, -1.541976423090495633E-16, 0.000000000000000000 ) ) ;
#4623 = LINE ( 'NONE', #1347, #5993 ) ;
#4624 = LINE ( 'NONE', #2265, #3544 ) ;
#4625 = ORIENTED_EDGE ( 'NONE', *, *, #186, .F. ) ;
#4626 = LINE ( 'NONE', #3582, #1483 ) ;
#4627 = CARTESIAN_POINT ( 'NONE',  ( 57.99999999999999289, 2.000000000000000000, 25.10000000000000142 ) ) ;
#4628 = ORIENTED_EDGE ( 'NONE', *, *, #159, .F. ) ;
#4629 = LINE ( 'NONE', #232, #1710 ) ;
#4630 = CARTESIAN_POINT ( 'NONE',  ( 1.753887449625579409, -3.499999999999998668, 6.000000000000000000 ) ) ;
#4631 = VERTEX_POINT ( 'NONE', #2679 ) ;
#4632 = ORIENTED_EDGE ( 'NONE', *, *, #3077, .F. ) ;
#4633 = VERTEX_POINT ( 'NONE', #5239 ) ;
#4634 = DIRECTION ( 'NONE',  ( 1.000000000000000000, 0.000000000000000000, -0.000000000000000000 ) ) ;
#4635 = LINE ( 'NONE', #5787, #4060 ) ;
#4636 = VERTEX_POINT ( 'NONE', #4204 ) ;
#4637 = DIRECTION ( 'NONE',  ( -0.4999999999999943934, -0.8660254037844420383, 0.000000000000000000 ) ) ;
#4638 = CARTESIAN_POINT ( 'NONE',  ( 71.00000000000000000, 2.250000000000000444, 0.7500000000000006661 ) ) ;
#4639 = ORIENTED_EDGE ( 'NONE', *, *, #5650, .F. ) ;
#4640 = EDGE_CURVE ( 'NONE', #63, #664, #816, .T. ) ;
#4641 = VECTOR ( 'NONE', #4177, 1000.000000000000000 ) ;
#4642 = DIRECTION ( 'NONE',  ( -0.000000000000000000, 0.000000000000000000, 1.000000000000000000 ) ) ;
#4643 = DIRECTION ( 'NONE',  ( -2.006177025403370771E-32, 8.673617379884034239E-17, -1.000000000000000000 ) ) ;
#4644 = ORIENTED_EDGE ( 'NONE', *, *, #6429, .T. ) ;
#4645 = CC_DESIGN_PERSON_AND_ORGANIZATION_ASSIGNMENT ( #3841, #5816, ( #1420 ) ) ;
#4646 = EDGE_CURVE ( 'NONE', #5132, #3965, #5666, .T. ) ;
#4647 = PLANE ( 'NONE',  #6155 ) ;
#4648 = DIRECTION ( 'NONE',  ( -1.000000000000000000, 0.000000000000000000, 0.000000000000000000 ) ) ;
#4649 = APPROVAL_PERSON_ORGANIZATION ( #1396, #4525, #6343 ) ;
#4650 = CARTESIAN_POINT ( 'NONE',  ( -6.000000000000014211, 87.00000000000000000, 0.000000000000000000 ) ) ;
#4651 = ORIENTED_EDGE ( 'NONE', *, *, #256, .F. ) ;
#4652 = CARTESIAN_POINT ( 'NONE',  ( -6.126943724812807801, 98.04999999999998295, 6.000000000000000000 ) ) ;
#4653 = CARTESIAN_POINT ( 'NONE',  ( -6.000000000000002665, 9.000000000000001776, 43.48477631085023631 ) ) ;
#4654 = ORIENTED_EDGE ( 'NONE', *, *, #2172, .T. ) ;
#4655 = VECTOR ( 'NONE', #1627, 1000.000000000000000 ) ;
#4656 = AXIS2_PLACEMENT_3D ( 'NONE', #486, #2468, #5730 ) ;
#4657 = CARTESIAN_POINT ( 'NONE',  ( 43.99999999999998579, 2.000000000000000000, 7.000000000000000000 ) ) ;
#4658 = DIRECTION ( 'NONE',  ( -0.000000000000000000, 0.000000000000000000, 1.000000000000000000 ) ) ;
#4659 = ORIENTED_EDGE ( 'NONE', *, *, #1885, .F. ) ;
#4660 = VERTEX_POINT ( 'NONE', #4695 ) ;
#4661 = ORIENTED_EDGE ( 'NONE', *, *, #1804, .T. ) ;
#4662 = AXIS2_PLACEMENT_3D ( 'NONE', #2152, #3130, #4495 ) ;
#4663 = LINE ( 'NONE', #631, #1772 ) ;
#4664 = CARTESIAN_POINT ( 'NONE',  ( -6.126943724812814906, -8.050000000000000711, 6.000000000000000000 ) ) ;
#4665 = EDGE_LOOP ( 'NONE', ( #4550, #490 ) ) ;
#4666 = CARTESIAN_POINT ( 'NONE',  ( 29.71995838912544485, 2.000000000000000000, 20.00000000000000000 ) ) ;
#4667 = LINE ( 'NONE', #1271, #3305 ) ;
#4668 = ORIENTED_EDGE ( 'NONE', *, *, #1531, .T. ) ;
#4669 = ADVANCED_FACE ( 'NONE', ( #5175 ), #2223, .T. ) ;
#4670 = DIRECTION ( 'NONE',  ( 1.000000000000000000, 0.000000000000000000, 0.000000000000000000 ) ) ;
#4671 = CARTESIAN_POINT ( 'NONE',  ( 58.99999999999999289, 8.750000000000005329, 25.10000000000000142 ) ) ;
#4672 = VECTOR ( 'NONE', #6046, 1000.000000000000000 ) ;
#4673 = ORIENTED_EDGE ( 'NONE', *, *, #4401, .T. ) ;
#4674 = ADVANCED_FACE ( 'NONE', ( #240 ), #5692, .T. ) ;
#4675 = FACE_OUTER_BOUND ( 'NONE', #2216, .T. ) ;
#4676 = LINE ( 'NONE', #3205, #867 ) ;
#4677 = EDGE_CURVE ( 'NONE', #1757, #2482, #4268, .T. ) ;
#4678 = AXIS2_PLACEMENT_3D ( 'NONE', #2067, #3498, #1999 ) ;
#4679 = DIRECTION ( 'NONE',  ( 1.000000000000000000, 1.541976423090495633E-16, 0.000000000000000000 ) ) ;
#4680 = ORIENTED_EDGE ( 'NONE', *, *, #5390, .F. ) ;
#4681 = VECTOR ( 'NONE', #3387, 1000.000000000000000 ) ;
#4682 = EDGE_CURVE ( 'NONE', #2702, #1757, #2736, .T. ) ;
#4683 = LINE ( 'NONE', #228, #2120 ) ;
#4684 = CIRCLE ( 'NONE', #4062, 0.7500000000000006661 ) ;
#4685 = DIRECTION ( 'NONE',  ( 1.000000000000000000, 0.000000000000000000, -0.000000000000000000 ) ) ;
#4686 = ORIENTED_EDGE ( 'NONE', *, *, #5257, .T. ) ;
#4687 = ADVANCED_FACE ( 'NONE', ( #431, #2933 ), #3845, .T. ) ;
#4688 = LINE ( 'NONE', #1751, #5344 ) ;
#4689 = ORIENTED_EDGE ( 'NONE', *, *, #3197, .F. ) ;
#4690 = EDGE_CURVE ( 'NONE', #1729, #3868, #5338, .T. ) ;
#4691 = ORIENTED_EDGE ( 'NONE', *, *, #3350, .F. ) ;
#4692 = LINE ( 'NONE', #2156, #5611 ) ;
#4693 = CARTESIAN_POINT ( 'NONE',  ( 1.999999999999999112, 5.000000000000000888, 13.00000000000001066 ) ) ;
#4694 = ORIENTED_EDGE ( 'NONE', *, *, #3633, .F. ) ;
#4695 = CARTESIAN_POINT ( 'NONE',  ( 10.00000000000000000, 0.000000000000000000, 16.00000000000000355 ) ) ;
#4696 = CARTESIAN_POINT ( 'NONE',  ( 42.49999999999998579, 2.000000000000000000, 7.000000000000000000 ) ) ;
#4697 = ORIENTED_EDGE ( 'NONE', *, *, #5074, .F. ) ;
#4698 = CARTESIAN_POINT ( 'NONE',  ( 0.000000000000000000, 0.000000000000000000, 25.10000000000000142 ) ) ;
#4699 = CARTESIAN_POINT ( 'NONE',  ( 1.999999999999999556, 33.50000000000000000, 7.000000000000000000 ) ) ;
#4700 = ORIENTED_EDGE ( 'NONE', *, *, #4025, .F. ) ;
#4701 = EDGE_CURVE ( 'NONE', #4802, #1903, #1401, .T. ) ;
#4702 = AXIS2_PLACEMENT_3D ( 'NONE', #4994, #2488, #23 ) ;
#4703 = ORIENTED_EDGE ( 'NONE', *, *, #465, .T. ) ;
#4704 = DIRECTION ( 'NONE',  ( -0.000000000000000000, -1.000000000000000000, -0.000000000000000000 ) ) ;
#4705 = LINE ( 'NONE', #5187, #5949 ) ;
#4706 = CIRCLE ( 'NONE', #3051, 2.300000000000000266 ) ;
#4707 = LINE ( 'NONE', #3208, #2615 ) ;
#4708 = ADVANCED_FACE ( 'NONE', ( #1860 ), #399, .F. ) ;
#4709 = ORIENTED_EDGE ( 'NONE', *, *, #432, .T. ) ;
#4710 = FACE_OUTER_BOUND ( 'NONE', #1798, .T. ) ;
#4711 = DIRECTION ( 'NONE',  ( 0.000000000000000000, 0.000000000000000000, -1.000000000000000000 ) ) ;
#4712 = VERTEX_POINT ( 'NONE', #5821 ) ;
#4713 = DIRECTION ( 'NONE',  ( -0.000000000000000000, 0.000000000000000000, -1.000000000000000000 ) ) ;
#4714 = ORIENTED_EDGE ( 'NONE', *, *, #1417, .T. ) ;
#4715 = EDGE_CURVE ( 'NONE', #956, #2245, #177, .T. ) ;
#4716 = ORIENTED_EDGE ( 'NONE', *, *, #3331, .T. ) ;
#4717 = DIRECTION ( 'NONE',  ( 0.000000000000000000, 1.000000000000000000, -8.673617379884034239E-17 ) ) ;
#4718 = FACE_OUTER_BOUND ( 'NONE', #6171, .T. ) ;
#4719 = VERTEX_POINT ( 'NONE', #4335 ) ;
#4720 = CARTESIAN_POINT ( 'NONE',  ( 58.99999999999997158, 84.99999999999998579, 2.000000000000000000 ) ) ;
#4721 = AXIS2_PLACEMENT_3D ( 'NONE', #2239, #5717, #4196 ) ;
#4722 = CARTESIAN_POINT ( 'NONE',  ( 61.87305627518720286, 98.04999999999998295, 0.000000000000000000 ) ) ;
#4723 = EDGE_LOOP ( 'NONE', ( #2706, #3774, #3788, #3101, #4848, #4260, #5501, #283, #145, #697, #629, #2572 ) ) ;
#4724 = ORIENTED_EDGE ( 'NONE', *, *, #926, .F. ) ;
#4725 = CARTESIAN_POINT ( 'NONE',  ( 40.39999999999997726, 90.00000000000000000, 25.10000000000000853 ) ) ;
#4726 = DIRECTION ( 'NONE',  ( -1.045014142154702998E-16, 0.000000000000000000, -1.000000000000000000 ) ) ;
#4727 = LINE ( 'NONE', #3265, #2708 ) ;
#4728 = CARTESIAN_POINT ( 'NONE',  ( 1.999999999999999556, 2.000000000000000888, 25.10000000000000142 ) ) ;
#4729 = CARTESIAN_POINT ( 'NONE',  ( 61.87305627518720286, 1.050000000000004485, 6.000000000000000000 ) ) ;
#4730 = VERTEX_POINT ( 'NONE', #1830 ) ;
#4731 = ORIENTED_EDGE ( 'NONE', *, *, #2652, .T. ) ;
#4732 = CARTESIAN_POINT ( 'NONE',  ( 27.71995838912544485, 2.000000000000000000, 20.00000000000000355 ) ) ;
#4733 = LINE ( 'NONE', #1714, #4189 ) ;
#4734 = FACE_BOUND ( 'NONE', #4605, .T. ) ;
#4735 = ORIENTED_EDGE ( 'NONE', *, *, #5154, .T. ) ;
#4736 = LINE ( 'NONE', #4163, #2525 ) ;
#4737 = ADVANCED_FACE ( 'NONE', ( #3939 ), #464, .F. ) ;
#4738 = CARTESIAN_POINT ( 'NONE',  ( 64.49999999999997158, 93.49999999999998579, 6.000000000000000000 ) ) ;
#4739 = ORIENTED_EDGE ( 'NONE', *, *, #254, .T. ) ;
#4740 = CARTESIAN_POINT ( 'NONE',  ( 58.74999999999998579, 99.99999999999998579, 43.48477631085023631 ) ) ;
#4741 = ADVANCED_FACE ( 'NONE', ( #3812 ), #6377, .F. ) ;
#4742 = ORIENTED_EDGE ( 'NONE', *, *, #1029, .F. ) ;
#4743 = VERTEX_POINT ( 'NONE', #2966 ) ;
#4744 = CARTESIAN_POINT ( 'NONE',  ( 67.12694372481277583, 88.94999999999998863, 6.000000000000000000 ) ) ;
#4745 = VECTOR ( 'NONE', #2843, 1000.000000000000000 ) ;
#4746 = DIRECTION ( 'NONE',  ( 1.000000000000000000, 0.000000000000000000, -0.000000000000000000 ) ) ;
#4747 = VECTOR ( 'NONE', #1547, 1000.000000000000000 ) ;
#4748 = ORIENTED_EDGE ( 'NONE', *, *, #4974, .T. ) ;
#4749 = EDGE_CURVE ( 'NONE', #2689, #4265, #4217, .T. ) ;
#4750 = CARTESIAN_POINT ( 'NONE',  ( 56.99999999999997868, 32.00000000000000711, 7.000000000000000000 ) ) ;
#4751 = ORIENTED_EDGE ( 'NONE', *, *, #5231, .T. ) ;
#4752 = VECTOR ( 'NONE', #1403, 1000.000000000000000 ) ;
#4753 = ORIENTED_EDGE ( 'NONE', *, *, #636, .T. ) ;
#4754 = CARTESIAN_POINT ( 'NONE',  ( 22.50000000000000000, 2.000000000000000000, 13.00000000000000178 ) ) ;
#4755 = EDGE_CURVE ( 'NONE', #6278, #5782, #850, .T. ) ;
#4756 = CARTESIAN_POINT ( 'NONE',  ( 1.999999999999999556, 2.000000000000000888, 2.000000000000000000 ) ) ;
#4757 = PLANE ( 'NONE',  #1874 ) ;
#4758 = LINE ( 'NONE', #311, #4057 ) ;
#4759 = EDGE_CURVE ( 'NONE', #640, #1630, #2314, .T. ) ;
#4760 = DIRECTION ( 'NONE',  ( -2.312964634635743450E-16, 1.000000000000000000, 0.000000000000000000 ) ) ;
#4761 = VERTEX_POINT ( 'NONE', #6410 ) ;
#4762 = EDGE_LOOP ( 'NONE', ( #2677, #1040, #2242, #6282 ) ) ;
#4763 = DIRECTION ( 'NONE',  ( 1.000000000000000000, 2.312964634635743450E-16, -0.000000000000000000 ) ) ;
#4764 = LINE ( 'NONE', #1255, #4507 ) ;
#4765 = DIRECTION ( 'NONE',  ( 1.982541115402065356E-16, -1.000000000000000000, -1.239088197126290817E-16 ) ) ;
#4766 = ORIENTED_EDGE ( 'NONE', *, *, #4271, .T. ) ;
#4767 = DIRECTION ( 'NONE',  ( 0.000000000000000000, 0.000000000000000000, -1.000000000000000000 ) ) ;
#4768 = CARTESIAN_POINT ( 'NONE',  ( -9.974659986866640793E-15, 65.00000000000000000, 2.000000000000002665 ) ) ;
#4769 = ORIENTED_EDGE ( 'NONE', *, *, #1149, .F. ) ;
#4770 = LINE ( 'NONE', #1821, #4925 ) ;
#4771 = AXIS2_PLACEMENT_3D ( 'NONE', #1670, #4634, #5662 ) ;
#4772 = EDGE_CURVE ( 'NONE', #1539, #102, #2833, .T. ) ;
#4773 = EDGE_CURVE ( 'NONE', #4952, #2267, #2411, .T. ) ;
#4774 = AXIS2_PLACEMENT_3D ( 'NONE', #4693, #3810, #238 ) ;
#4775 = AXIS2_PLACEMENT_3D ( 'NONE', #2198, #4643, #2137 ) ;
#4776 = ADVANCED_FACE ( 'NONE', ( #1463 ), #3455, .F. ) ;
#4777 = EDGE_LOOP ( 'NONE', ( #2640, #2825, #3558, #1696, #2332, #435, #4789, #5233, #5145, #3302, #4044, #1068, #2762, #1144, #4052, #4272 ) ) ;
#4778 = ORIENTED_EDGE ( 'NONE', *, *, #3125, .F. ) ;
#4779 = ORIENTED_EDGE ( 'NONE', *, *, #4932, .F. ) ;
#4780 =( LENGTH_UNIT ( ) NAMED_UNIT ( * ) SI_UNIT ( .MILLI., .METRE. ) );
#4781 = CARTESIAN_POINT ( 'NONE',  ( 3.000000000000000000, 99.24999999999998579, 0.000000000000000000 ) ) ;
#4782 = CYLINDRICAL_SURFACE ( 'NONE', #1449, 0.7500000000000006661 ) ;
#4783 = ORIENTED_EDGE ( 'NONE', *, *, #5650, .T. ) ;
#4784 = VECTOR ( 'NONE', #6209, 1000.000000000000000 ) ;
#4785 = DIRECTION ( 'NONE',  ( 0.000000000000000000, 0.000000000000000000, -1.000000000000000000 ) ) ;
#4786 = EDGE_CURVE ( 'NONE', #5155, #2786, #5881, .T. ) ;
#4787 = DIRECTION ( 'NONE',  ( 0.000000000000000000, -1.000000000000000000, 0.000000000000000000 ) ) ;
#4788 = ORIENTED_EDGE ( 'NONE', *, *, #4603, .F. ) ;
#4789 = ORIENTED_EDGE ( 'NONE', *, *, #3536, .F. ) ;
#4790 = DIRECTION ( 'NONE',  ( -0.000000000000000000, -1.000000000000000000, -0.000000000000000000 ) ) ;
#4791 = ADVANCED_FACE ( 'NONE', ( #1338 ), #3322, .F. ) ;
#4792 = FACE_OUTER_BOUND ( 'NONE', #5570, .T. ) ;
#4793 = CARTESIAN_POINT ( 'NONE',  ( 8.999999999999984013, -6.000000000000000000, 30.10000000000000142 ) ) ;
#4794 = LINE ( 'NONE', #6222, #2464 ) ;
#4795 = ORIENTED_EDGE ( 'NONE', *, *, #1381, .T. ) ;
#4796 = ORIENTED_EDGE ( 'NONE', *, *, #459, .F. ) ;
#4797 = CARTESIAN_POINT ( 'NONE',  ( -10.00000000000001776, -9.249999999999998224, 43.48477631085023631 ) ) ;
#4798 = EDGE_CURVE ( 'NONE', #1457, #3746, #6312, .T. ) ;
#4799 = LINE ( 'NONE', #4862, #6028 ) ;
#4800 = VECTOR ( 'NONE', #5124, 1000.000000000000000 ) ;
#4801 = CARTESIAN_POINT ( 'NONE',  ( 58.99999999999997158, 84.99999999999998579, 5.000000000000000000 ) ) ;
#4802 = VERTEX_POINT ( 'NONE', #5950 ) ;
#4803 = DIRECTION ( 'NONE',  ( -1.000000000000000000, 0.000000000000000000, 0.000000000000000000 ) ) ;
#4804 = VECTOR ( 'NONE', #5910, 1000.000000000000000 ) ;
#4805 = DIRECTION ( 'NONE',  ( 1.000000000000000000, 2.312964634635743450E-16, -0.000000000000000000 ) ) ;
#4806 = ORIENTED_EDGE ( 'NONE', *, *, #1201, .T. ) ;
#4807 = CARTESIAN_POINT ( 'NONE',  ( -0.8730562751872202876, -8.050000000000000711, 0.000000000000000000 ) ) ;
#4808 = VECTOR ( 'NONE', #4648, 1000.000000000000000 ) ;
#4809 = CARTESIAN_POINT ( 'NONE',  ( 58.99999999999999289, 3.000000000000000000, -18.38477631085023489 ) ) ;
#4810 = ORIENTED_EDGE ( 'NONE', *, *, #5147, .F. ) ;
#4811 = VERTEX_POINT ( 'NONE', #146 ) ;
#4812 = DIRECTION ( 'NONE',  ( 0.000000000000000000, 0.000000000000000000, 1.000000000000000000 ) ) ;
#4813 = LINE ( 'NONE', #3776, #5919 ) ;
#4814 = CARTESIAN_POINT ( 'NONE',  ( -8.753887449625612049, -3.500000000000000444, 6.000000000000000000 ) ) ;
#4815 = EDGE_LOOP ( 'NONE', ( #6298, #6223, #844, #4929 ) ) ;
#4816 = DIRECTION ( 'NONE',  ( 2.312964634635743450E-16, -1.000000000000000000, 0.000000000000000000 ) ) ;
#4817 = DIRECTION ( 'NONE',  ( 1.000000000000000000, 0.000000000000000000, 0.000000000000000000 ) ) ;
#4818 = ORIENTED_EDGE ( 'NONE', *, *, #2558, .T. ) ;
#4819 = VERTEX_POINT ( 'NONE', #1564 ) ;
#4820 = CARTESIAN_POINT ( 'NONE',  ( 64.50000000000000000, -3.500000000000000000, 0.000000000000000000 ) ) ;
#4821 = CARTESIAN_POINT ( 'NONE',  ( 3.000000000000000000, 99.24999999999998579, 0.000000000000000000 ) ) ;
#4822 = DIRECTION ( 'NONE',  ( -0.8660254037844388186, 0.4999999999999997224, 0.000000000000000000 ) ) ;
#4823 = AXIS2_PLACEMENT_3D ( 'NONE', #368, #3906, #4303 ) ;
#4824 = DIRECTION ( 'NONE',  ( -2.246918268451775308E-31, 1.445602896647339508E-15, 1.000000000000000000 ) ) ;
#4825 = CARTESIAN_POINT ( 'NONE',  ( 70.24999999999998579, 99.24999999999997158, 0.000000000000000000 ) ) ;
#4826 = EDGE_CURVE ( 'NONE', #5336, #1795, #4003, .T. ) ;
#4827 = ORIENTED_EDGE ( 'NONE', *, *, #4244, .T. ) ;
#4828 = ORIENTED_EDGE ( 'NONE', *, *, #4032, .T. ) ;
#4829 = DIRECTION ( 'NONE',  ( -0.000000000000000000, -0.000000000000000000, 1.000000000000000000 ) ) ;
#4830 = LINE ( 'NONE', #6327, #1039 ) ;
#4831 = EDGE_CURVE ( 'NONE', #3919, #2154, #5080, .T. ) ;
#4832 = CARTESIAN_POINT ( 'NONE',  ( 41.99999999999999289, 2.000000000000000000, 13.00000000000000355 ) ) ;
#4833 = CARTESIAN_POINT ( 'NONE',  ( 18.25000000000000355, 88.00000000000000000, 8.499999999999998224 ) ) ;
#4834 = VECTOR ( 'NONE', #1923, 1000.000000000000000 ) ;
#4835 = EDGE_CURVE ( 'NONE', #6081, #1839, #5568, .T. ) ;
#4836 = DIRECTION ( 'NONE',  ( -1.000000000000000000, -1.982541115402065356E-16, -0.000000000000000000 ) ) ;
#4837 = VERTEX_POINT ( 'NONE', #2050 ) ;
#4838 = CARTESIAN_POINT ( 'NONE',  ( 57.99999999999999289, -6.000000000000000000, 25.10000000000000142 ) ) ;
#4839 = CARTESIAN_POINT ( 'NONE',  ( -10.00000000000001599, 3.000000000000000000, 0.7500000000000006661 ) ) ;
#4840 = ORIENTED_EDGE ( 'NONE', *, *, #2952, .T. ) ;
#4841 = EDGE_LOOP ( 'NONE', ( #2803, #598, #4171, #5640 ) ) ;
#4842 = CARTESIAN_POINT ( 'NONE',  ( 3.000000000000000000, 99.99999999999998579, 0.7500000000000006661 ) ) ;
#4843 = LINE ( 'NONE', #4427, #122 ) ;
#4844 = ORIENTED_EDGE ( 'NONE', *, *, #2001, .F. ) ;
#4845 = VECTOR ( 'NONE', #4229, 1000.000000000000000 ) ;
#4846 = CARTESIAN_POINT ( 'NONE',  ( 0.000000000000000000, 0.000000000000000000, 25.10000000000000142 ) ) ;
#4847 = DIRECTION ( 'NONE',  ( 1.000000000000000000, -0.000000000000000000, 0.000000000000000000 ) ) ;
#4848 = ORIENTED_EDGE ( 'NONE', *, *, #2266, .F. ) ;
#4849 = ORIENTED_EDGE ( 'NONE', *, *, #2107, .T. ) ;
#4850 = AXIS2_PLACEMENT_3D ( 'NONE', #5561, #1000, #4028 ) ;
#4851 = FACE_BOUND ( 'NONE', #1350, .T. ) ;
#4852 = CARTESIAN_POINT ( 'NONE',  ( 70.24999999999998579, 99.24999999999997158, 0.7500000000000000000 ) ) ;
#4853 = DIRECTION ( 'NONE',  ( 0.4999999999999943934, 0.8660254037844420383, 0.000000000000000000 ) ) ;
#4854 = VECTOR ( 'NONE', #4237, 1000.000000000000000 ) ;
#4855 = CARTESIAN_POINT ( 'NONE',  ( 58.99999999999999289, 33.50000000000000000, 7.000000000000000000 ) ) ;
#4856 = ORIENTED_EDGE ( 'NONE', *, *, #4041, .T. ) ;
#4857 = EDGE_CURVE ( 'NONE', #3778, #757, #2577, .T. ) ;
#4858 = EDGE_CURVE ( 'NONE', #3961, #1711, #595, .T. ) ;
#4859 = ORIENTED_EDGE ( 'NONE', *, *, #2558, .F. ) ;
#4860 = CARTESIAN_POINT ( 'NONE',  ( 10.00000000000000000, 2.000000000000000000, 16.00000000000000000 ) ) ;
#4861 = VECTOR ( 'NONE', #1121, 1000.000000000000000 ) ;
#4862 = CARTESIAN_POINT ( 'NONE',  ( -0.8730562751872177341, 1.050000000000000488, 0.000000000000000000 ) ) ;
#4863 = ADVANCED_FACE ( 'NONE', ( #5979 ), #5046, .F. ) ;
#4864 = DIRECTION ( 'NONE',  ( 0.000000000000000000, 0.000000000000000000, -1.000000000000000000 ) ) ;
#4865 = LINE ( 'NONE', #5356, #353 ) ;
#4866 = ADVANCED_FACE ( 'NONE', ( #624 ), #2542, .F. ) ;
#4867 = LINE ( 'NONE', #5936, #5642 ) ;
#4868 = ORIENTED_EDGE ( 'NONE', *, *, #5888, .F. ) ;
#4869 = DIRECTION ( 'NONE',  ( 0.000000000000000000, 1.000000000000000000, -0.000000000000000000 ) ) ;
#4870 = AXIS2_PLACEMENT_3D ( 'NONE', #1594, #1072, #3058 ) ;
#4871 = EDGE_CURVE ( 'NONE', #1962, #3673, #4040, .T. ) ;
#4872 = LINE ( 'NONE', #3804, #1879 ) ;
#4873 = EDGE_LOOP ( 'NONE', ( #6346, #4452, #3423, #4469 ) ) ;
#4874 = VERTEX_POINT ( 'NONE', #1634 ) ;
#4875 = CALENDAR_DATE ( 2026, 10, 10 ) ;
#4876 = CARTESIAN_POINT ( 'NONE',  ( 1.999999999999999112, 5.000000000000000888, 13.00000000000001066 ) ) ;
#4877 = EDGE_CURVE ( 'NONE', #1795, #2965, #55, .T. ) ;
#4878 = DIRECTION ( 'NONE',  ( 0.000000000000000000, 0.000000000000000000, 1.000000000000000000 ) ) ;
#4879 = EDGE_LOOP ( 'NONE', ( #5956, #3416, #4325, #835 ) ) ;
#4880 = CIRCLE ( 'NONE', #4577, 2.299999999999996270 ) ;
#4881 = DIRECTION ( 'NONE',  ( -0.000000000000000000, -1.000000000000000000, -0.000000000000000000 ) ) ;
#4882 = VECTOR ( 'NONE', #27, 1000.000000000000114 ) ;
#4883 = VECTOR ( 'NONE', #4277, 1000.000000000000000 ) ;
#4884 = CARTESIAN_POINT ( 'NONE',  ( 60.99999999999997868, 49.99999999999999289, 1.999999999999995781 ) ) ;
#4885 = ORIENTED_EDGE ( 'NONE', *, *, #5151, .T. ) ;
#4886 = ORIENTED_EDGE ( 'NONE', *, *, #4124, .T. ) ;
#4887 = AXIS2_PLACEMENT_3D ( 'NONE', #5723, #814, #4232 ) ;
#4888 = PLANE ( 'NONE',  #6023 ) ;
#4889 = VECTOR ( 'NONE', #1929, 1000.000000000000000 ) ;
#4890 = FACE_OUTER_BOUND ( 'NONE', #4179, .T. ) ;
#4891 = AXIS2_PLACEMENT_3D ( 'NONE', #6194, #3643, #4679 ) ;
#4892 = CARTESIAN_POINT ( 'NONE',  ( 58.99999999999997158, 84.99999999999998579, 12.99999999999999822 ) ) ;
#4893 = PLANE ( 'NONE',  #2777 ) ;
#4894 = EDGE_LOOP ( 'NONE', ( #5250, #3503, #2754, #5016 ) ) ;
#4895 = VECTOR ( 'NONE', #6370, 1000.000000000000000 ) ;
#4896 = ORIENTED_EDGE ( 'NONE', *, *, #741, .F. ) ;
#4897 = DIRECTION ( 'NONE',  ( -0.4999999999999990563, -0.8660254037844391517, 0.000000000000000000 ) ) ;
#4898 = CARTESIAN_POINT ( 'NONE',  ( 18.50000000000000355, 2.000000000000000000, 2.000000000000000000 ) ) ;
#4899 = EDGE_CURVE ( 'NONE', #2535, #5719, #3516, .T. ) ;
#4900 = CARTESIAN_POINT ( 'NONE',  ( -0.8730562751872168459, 98.04999999999999716, 0.000000000000000000 ) ) ;
#4901 = CARTESIAN_POINT ( 'NONE',  ( -6.000000000000002665, 9.000000000000001776, 16.00000000000001066 ) ) ;
#4902 = ORIENTED_EDGE ( 'NONE', *, *, #6006, .T. ) ;
#4903 = FACE_OUTER_BOUND ( 'NONE', #2462, .T. ) ;
#4904 = EDGE_CURVE ( 'NONE', #4358, #3844, #1113, .T. ) ;
#4905 = CARTESIAN_POINT ( 'NONE',  ( 1.999999999999994893, 33.49999999999997158, 16.00000000000001066 ) ) ;
#4906 = ORIENTED_EDGE ( 'NONE', *, *, #4126, .T. ) ;
#4907 = EDGE_LOOP ( 'NONE', ( #5167, #1055, #1088 ) ) ;
#4908 = PLANE ( 'NONE',  #4992 ) ;
#4909 = CARTESIAN_POINT ( 'NONE',  ( 58.75000000000000000, -9.249999999999998224, -18.38477631085023489 ) ) ;
#4910 = EDGE_LOOP ( 'NONE', ( #3105, #5908, #5778, #4315 ) ) ;
#4911 = VECTOR ( 'NONE', #5135, 1000.000000000000000 ) ;
#4912 = DIRECTION ( 'NONE',  ( -0.000000000000000000, -1.000000000000000000, -0.000000000000000000 ) ) ;
#4913 = VECTOR ( 'NONE', #2208, 1000.000000000000000 ) ;
#4914 = LINE ( 'NONE', #4430, #4145 ) ;
#4915 = ORIENTED_EDGE ( 'NONE', *, *, #3794, .T. ) ;
#4916 = ADVANCED_FACE ( 'NONE', ( #3619 ), #75, .F. ) ;
#4917 = ORIENTED_EDGE ( 'NONE', *, *, #3828, .T. ) ;
#4918 = DIRECTION ( 'NONE',  ( 1.000000000000000000, 2.312964634635743450E-16, 0.000000000000000000 ) ) ;
#4919 = CARTESIAN_POINT ( 'NONE',  ( -1.527864045000428161, 84.99999999999997158, 16.00000000000000355 ) ) ;
#4920 = LINE ( 'NONE', #1867, #1745 ) ;
#4921 = LINE ( 'NONE', #924, #2880 ) ;
#4922 = EDGE_LOOP ( 'NONE', ( #4202, #1332, #5548, #3268 ) ) ;
#4923 = PLANE ( 'NONE',  #3352 ) ;
#4924 = CARTESIAN_POINT ( 'NONE',  ( 4.000000000000000000, 32.00000000000000000, 2.000000000000000000 ) ) ;
#4925 = VECTOR ( 'NONE', #5779, 1000.000000000000000 ) ;
#4926 = CARTESIAN_POINT ( 'NONE',  ( 29.71995838912544485, 0.000000000000000000, 20.00000000000000000 ) ) ;
#4927 = CARTESIAN_POINT ( 'NONE',  ( 41.99999999999999289, 0.000000000000000000, 13.00000000000000355 ) ) ;
#4928 = CARTESIAN_POINT ( 'NONE',  ( -1.527864045000395965, 5.000000000000032863, 5.000000000000005329 ) ) ;
#4929 = ORIENTED_EDGE ( 'NONE', *, *, #1416, .T. ) ;
#4930 = CARTESIAN_POINT ( 'NONE',  ( 59.24611255037440571, -3.500000000000002220, 0.000000000000000000 ) ) ;
#4931 = AXIS2_PLACEMENT_3D ( 'NONE', #5368, #2377, #4365 ) ;
#4932 = EDGE_CURVE ( 'NONE', #5800, #5770, #1985, .T. ) ;
#4933 = DIRECTION ( 'NONE',  ( -0.000000000000000000, -0.000000000000000000, 1.000000000000000000 ) ) ;
#4934 = ORIENTED_EDGE ( 'NONE', *, *, #3612, .T. ) ;
#4935 = PLANE ( 'NONE',  #4656 ) ;
#4936 = VERTEX_POINT ( 'NONE', #5464 ) ;
#4937 = LINE ( 'NONE', #1006, #3539 ) ;
#4938 = LINE ( 'NONE', #1858, #2831 ) ;
#4939 = ADVANCED_FACE ( 'NONE', ( #1009 ), #2999, .F. ) ;
#4940 = EDGE_LOOP ( 'NONE', ( #4070, #2415, #2987, #179 ) ) ;
#4941 = CARTESIAN_POINT ( 'NONE',  ( 58.99999999999998579, 32.00000000000000000, 7.000000000000000000 ) ) ;
#4942 = DIRECTION ( 'NONE',  ( 1.000000000000000000, 0.000000000000000000, 1.957931771489248420E-16 ) ) ;
#4943 = ORIENTED_EDGE ( 'NONE', *, *, #5375, .T. ) ;
#4944 = EDGE_CURVE ( 'NONE', #5406, #252, #1722, .T. ) ;
#4945 = ORIENTED_EDGE ( 'NONE', *, *, #822, .F. ) ;
#4946 = DIRECTION ( 'NONE',  ( 0.000000000000000000, 0.000000000000000000, -1.000000000000000000 ) ) ;
#4947 = CARTESIAN_POINT ( 'NONE',  ( 0.000000000000000000, -9.249999999999998224, -0.000000000000000000 ) ) ;
#4948 = EDGE_CURVE ( 'NONE', #4743, #2245, #44, .T. ) ;
#4949 = VERTEX_POINT ( 'NONE', #1664 ) ;
#4950 = DIRECTION ( 'NONE',  ( 1.000000000000000000, -1.067522139062650671E-15, 0.000000000000000000 ) ) ;
#4951 = DIRECTION ( 'NONE',  ( 0.000000000000000000, -0.000000000000000000, -1.000000000000000000 ) ) ;
#4952 = VERTEX_POINT ( 'NONE', #714 ) ;
#4953 = ORGANIZATION ( 'UNSPECIFIED', 'UNSPECIFIED', '' ) ;
#4954 = EDGE_CURVE ( 'NONE', #1395, #3775, #5109, .T. ) ;
#4955 = CARTESIAN_POINT ( 'NONE',  ( 43.99999999999998579, 2.000000000000000000, 7.000000000000000000 ) ) ;
#4956 = EDGE_CURVE ( 'NONE', #2260, #2587, #3770, .T. ) ;
#4957 = AXIS2_PLACEMENT_3D ( 'NONE', #4820, #1834, #2319 ) ;
#4958 =( BOUNDED_CURVE ( )  B_SPLINE_CURVE ( 3, ( #1578, #2623, #5547, #53 ),
 .UNSPECIFIED., .F., .F. ) 
 B_SPLINE_CURVE_WITH_KNOTS ( ( 4, 4 ),
 ( 4.712388980384689674, 6.283185307179586232 ),
 .UNSPECIFIED. ) 
 CURVE ( )  GEOMETRIC_REPRESENTATION_ITEM ( )  RATIONAL_B_SPLINE_CURVE ( ( 1.000000000000000000, 0.8047378541243649375, 0.8047378541243649375, 1.000000000000000000 ) ) 
 REPRESENTATION_ITEM ( '' )  );
#4959 = AXIS2_PLACEMENT_3D ( 'NONE', #5339, #4847, #4403 ) ;
#4960 = LINE ( 'NONE', #3081, #2259 ) ;
#4961 = LINE ( 'NONE', #1548, #121 ) ;
#4962 = LINE ( 'NONE', #3114, #6231 ) ;
#4963 = DIRECTION ( 'NONE',  ( -7.304098846218140584E-16, 1.000000000000000000, 1.826024711554535146E-16 ) ) ;
#4964 = ORIENTED_EDGE ( 'NONE', *, *, #4944, .F. ) ;
#4965 = FACE_OUTER_BOUND ( 'NONE', #1823, .T. ) ;
#4966 = DIRECTION ( 'NONE',  ( 0.000000000000000000, 0.000000000000000000, -1.000000000000000000 ) ) ;
#4967 = VERTEX_POINT ( 'NONE', #1788 ) ;
#4968 = CARTESIAN_POINT ( 'NONE',  ( 1.999999999999999112, 5.000000000000004441, 16.00000000000001421 ) ) ;
#4969 = ORIENTED_EDGE ( 'NONE', *, *, #1287, .T. ) ;
#4970 = SECURITY_CLASSIFICATION_LEVEL ( 'unclassified' ) ;
#4971 = CYLINDRICAL_SURFACE ( 'NONE', #5820, 6.000000000000005329 ) ;
#4972 = FACE_OUTER_BOUND ( 'NONE', #2097, .T. ) ;
#4973 = EDGE_LOOP ( 'NONE', ( #2280, #1789, #382, #89 ) ) ;
#4974 = EDGE_CURVE ( 'NONE', #1903, #1328, #746, .T. ) ;
#4975 = AXIS2_PLACEMENT_3D ( 'NONE', #1629, #587, #2568 ) ;
#4976 = CARTESIAN_POINT ( 'NONE',  ( 1.999999999999995337, 31.99999999999997868, 16.00000000000000711 ) ) ;
#4977 = EDGE_CURVE ( 'NONE', #2859, #2512, #6146, .T. ) ;
#4978 = LINE ( 'NONE', #5534, #2584 ) ;
#4979 = ORIENTED_EDGE ( 'NONE', *, *, #4114, .T. ) ;
#4980 = ORIENTED_EDGE ( 'NONE', *, *, #6099, .T. ) ;
#4981 = ORIENTED_EDGE ( 'NONE', *, *, #4509, .T. ) ;
#4982 = DIRECTION ( 'NONE',  ( 0.000000000000000000, 1.000000000000000000, 0.000000000000000000 ) ) ;
#4983 = CARTESIAN_POINT ( 'NONE',  ( -0.8730562751871727700, 88.95000000000001705, 6.000000000000000000 ) ) ;
#4984 = ORIENTED_EDGE ( 'NONE', *, *, #5520, .F. ) ;
#4985 = ADVANCED_FACE ( 'NONE', ( #1263 ), #3250, .F. ) ;
#4986 = VECTOR ( 'NONE', #1279, 1000.000000000000000 ) ;
#4987 = CARTESIAN_POINT ( 'NONE',  ( 66.99999999999998579, 80.99999999999998579, 25.10000000000000497 ) ) ;
#4988 = DIRECTION ( 'NONE',  ( 0.000000000000000000, -1.000000000000000000, 1.192622389734055124E-16 ) ) ;
#4989 = ORIENTED_EDGE ( 'NONE', *, *, #5451, .F. ) ;
#4990 = VECTOR ( 'NONE', #6284, 1000.000000000000000 ) ;
#4991 = EDGE_CURVE ( 'NONE', #2154, #599, #3703, .T. ) ;
#4992 = AXIS2_PLACEMENT_3D ( 'NONE', #5494, #4526, #2046 ) ;
#4993 = VECTOR ( 'NONE', #4341, 1000.000000000000000 ) ;
#4994 = CARTESIAN_POINT ( 'NONE',  ( 0.000000000000000000, 0.000000000000000000, 2.000000000000000000 ) ) ;
#4995 = LINE ( 'NONE', #5059, #123 ) ;
#4996 = VECTOR ( 'NONE', #3710, 1000.000000000000000 ) ;
#4997 = EDGE_CURVE ( 'NONE', #1231, #2609, #4256, .T. ) ;
#4998 = PLANE ( 'NONE',  #3821 ) ;
#4999 = CARTESIAN_POINT ( 'NONE',  ( -1.658829323902821784E-14, 90.00000000000000000, 2.000000000000000000 ) ) ;
#5000 = CARTESIAN_POINT ( 'NONE',  ( 4.000000000000000000, 32.00000000000000000, 7.000000000000000000 ) ) ;
#5001 = CARTESIAN_POINT ( 'NONE',  ( -9.249999999999998224, 99.24999999999998579, 0.7500000000000000000 ) ) ;
#5002 = VERTEX_POINT ( 'NONE', #5627 ) ;
#5003 = DIRECTION ( 'NONE',  ( 0.000000000000000000, -1.000000000000000000, 0.000000000000000000 ) ) ;
#5004 = CARTESIAN_POINT ( 'NONE',  ( 27.71995838912544485, 0.000000000000000000, 20.00000000000000355 ) ) ;
#5005 = ORIENTED_EDGE ( 'NONE', *, *, #5551, .T. ) ;
#5006 = LINE ( 'NONE', #589, #4402 ) ;
#5007 = ORIENTED_EDGE ( 'NONE', *, *, #3993, .T. ) ;
#5008 = CARTESIAN_POINT ( 'NONE',  ( 2.999999999999982681, 3.000000000000000000, 0.000000000000000000 ) ) ;
#5009 = DIRECTION ( 'NONE',  ( 1.000000000000000000, 2.312964634635743450E-16, -0.000000000000000000 ) ) ;
#5010 = ORIENTED_EDGE ( 'NONE', *, *, #2272, .F. ) ;
#5011 = DIRECTION ( 'NONE',  ( 0.000000000000000000, -0.000000000000000000, 1.000000000000000000 ) ) ;
#5012 = DIRECTION ( 'NONE',  ( 0.000000000000000000, 1.000000000000000000, 1.826024711554535146E-16 ) ) ;
#5013 = VECTOR ( 'NONE', #930, 1000.000000000000000 ) ;
#5014 = VERTEX_POINT ( 'NONE', #5750 ) ;
#5015 = VERTEX_POINT ( 'NONE', #1295 ) ;
#5016 = ORIENTED_EDGE ( 'NONE', *, *, #5587, .T. ) ;
#5017 = CARTESIAN_POINT ( 'NONE',  ( -9.999999999999998224, 87.75000000000000000, 0.7500000000000006661 ) ) ;
#5018 = VECTOR ( 'NONE', #3584, 1000.000000000000000 ) ;
#5019 = FACE_OUTER_BOUND ( 'NONE', #6134, .T. ) ;
#5020 = ORIENTED_EDGE ( 'NONE', *, *, #229, .T. ) ;
#5021 = CIRCLE ( 'NONE', #2214, 0.7500000000000006661 ) ;
#5022 = CARTESIAN_POINT ( 'NONE',  ( 0.000000000000000000, -9.249999999999998224, 0.7500000000000000000 ) ) ;
#5023 = ORIENTED_EDGE ( 'NONE', *, *, #1618, .T. ) ;
#5024 = VECTOR ( 'NONE', #768, 1000.000000000000000 ) ;
#5025 = DIRECTION ( 'NONE',  ( 1.000000000000000000, 2.312964634635743450E-16, -0.000000000000000000 ) ) ;
#5026 = DIRECTION ( 'NONE',  ( -1.000000000000000000, 1.067522139062650671E-15, 0.000000000000000000 ) ) ;
#5027 = EDGE_CURVE ( 'NONE', #2318, #2402, #265, .T. ) ;
#5028 = CARTESIAN_POINT ( 'NONE',  ( -1.387778780781446859E-15, 9.000000000000005329, 16.00000000000001066 ) ) ;
#5029 = CARTESIAN_POINT ( 'NONE',  ( -6.126943724812814906, -8.050000000000000711, 0.000000000000000000 ) ) ;
#5030 = UNCERTAINTY_MEASURE_WITH_UNIT (LENGTH_MEASURE( 1.000000000000000082E-05 ), #4780, 'distance_accuracy_value', 'NONE');
#5031 = CARTESIAN_POINT ( 'NONE',  ( 69.75388744962559429, -3.499999999999999556, 0.000000000000000000 ) ) ;
#5032 = CARTESIAN_POINT ( 'NONE',  ( -6.000000000000015987, 87.00000000000000000, -18.38477631085023489 ) ) ;
#5033 = ORIENTED_EDGE ( 'NONE', *, *, #3608, .F. ) ;
#5034 = VECTOR ( 'NONE', #6118, 1000.000000000000000 ) ;
#5035 = ADVANCED_FACE ( 'NONE', ( #3677 ), #1721, .F. ) ;
#5036 = DIRECTION ( 'NONE',  ( 0.000000000000000000, 0.000000000000000000, 1.000000000000000000 ) ) ;
#5037 = DIRECTION ( 'NONE',  ( -0.000000000000000000, -1.000000000000000000, -0.000000000000000000 ) ) ;
#5038 = VERTEX_POINT ( 'NONE', #659 ) ;
#5039 = EDGE_CURVE ( 'NONE', #5062, #5287, #295, .T. ) ;
#5040 = DIRECTION ( 'NONE',  ( -0.000000000000000000, -0.000000000000000000, -1.000000000000000000 ) ) ;
#5041 = ORIENTED_EDGE ( 'NONE', *, *, #2095, .F. ) ;
#5042 = DIRECTION ( 'NONE',  ( 0.8660254037844387076, 0.5000000000000001110, -0.000000000000000000 ) ) ;
#5043 = CARTESIAN_POINT ( 'NONE',  ( -9.250000000000017764, -9.249999999999998224, 0.000000000000000000 ) ) ;
#5044 = ORIENTED_EDGE ( 'NONE', *, *, #1096, .F. ) ;
#5045 = ADVANCED_FACE ( 'NONE', ( #5230 ), #6202, .F. ) ;
#5046 = PLANE ( 'NONE',  #5669 ) ;
#5047 = CARTESIAN_POINT ( 'NONE',  ( 51.00000000000000000, 2.000000000000000000, 20.00000000000000355 ) ) ;
#5048 = EDGE_LOOP ( 'NONE', ( #6116, #1801, #4943, #1269 ) ) ;
#5049 = ORIENTED_EDGE ( 'NONE', *, *, #2287, .F. ) ;
#5050 = VERTEX_POINT ( 'NONE', #2180 ) ;
#5051 = PLANE ( 'NONE',  #4771 ) ;
#5052 = CARTESIAN_POINT ( 'NONE',  ( -6.000000000000014211, 87.00000000000000000, 25.10000000000000142 ) ) ;
#5053 = ORIENTED_EDGE ( 'NONE', *, *, #5664, .F. ) ;
#5054 = CARTESIAN_POINT ( 'NONE',  ( 58.99999999999997868, 64.99999999999998579, 15.99999999999999645 ) ) ;
#5055 = DIRECTION ( 'NONE',  ( 1.000000000000000000, 0.000000000000000000, 0.000000000000000000 ) ) ;
#5056 = ORIENTED_EDGE ( 'NONE', *, *, #183, .F. ) ;
#5057 = EDGE_CURVE ( 'NONE', #1621, #999, #4629, .T. ) ;
#5058 = CARTESIAN_POINT ( 'NONE',  ( 67.12694372481280425, -8.049999999999991829, 6.000000000000000000 ) ) ;
#5059 = CARTESIAN_POINT ( 'NONE',  ( 60.99999999999997868, 49.99999999999999289, 12.99999999999999645 ) ) ;
#5060 = ADVANCED_FACE ( 'NONE', ( #176 ), #2700, .F. ) ;
#5061 = ADVANCED_FACE ( 'NONE', ( #3160 ), #5137, .F. ) ;
#5062 = VERTEX_POINT ( 'NONE', #5166 ) ;
#5063 = EDGE_CURVE ( 'NONE', #5631, #1725, #4688, .T. ) ;
#5064 = LINE ( 'NONE', #612, #3301 ) ;
#5065 = CARTESIAN_POINT ( 'NONE',  ( 61.87305627518717444, 88.94999999999998863, 6.000000000000000000 ) ) ;
#5066 = VECTOR ( 'NONE', #4410, 1000.000000000000000 ) ;
#5067 = VECTOR ( 'NONE', #1631, 1000.000000000000000 ) ;
#5068 = LINE ( 'NONE', #6432, #2395 ) ;
#5069 = CARTESIAN_POINT ( 'NONE',  ( 67.12694372481277583, 88.94999999999998863, 6.000000000000000000 ) ) ;
#5070 = EDGE_CURVE ( 'NONE', #205, #116, #2368, .T. ) ;
#5071 = FACE_OUTER_BOUND ( 'NONE', #3621, .T. ) ;
#5072 = VECTOR ( 'NONE', #4170, 1000.000000000000000 ) ;
#5073 = FACE_OUTER_BOUND ( 'NONE', #535, .T. ) ;
#5074 = EDGE_CURVE ( 'NONE', #787, #3965, #6368, .T. ) ;
#5075 = EDGE_LOOP ( 'NONE', ( #4215, #5389, #1084, #3411 ) ) ;
#5076 = CARTESIAN_POINT ( 'NONE',  ( 2.689339828220160822, -9.999999999999998224, 0.3106601717798215256 ) ) ;
#5077 = ORIENTED_EDGE ( 'NONE', *, *, #381, .T. ) ;
#5078 = DIRECTION ( 'NONE',  ( 0.000000000000000000, 1.000000000000000000, 0.000000000000000000 ) ) ;
#5079 = ORIENTED_EDGE ( 'NONE', *, *, #5516, .F. ) ;
#5080 = LINE ( 'NONE', #2610, #1191 ) ;
#5081 = DIRECTION ( 'NONE',  ( -0.5000000000000000000, 0.8660254037844385966, 0.000000000000000000 ) ) ;
#5082 = ORIENTED_EDGE ( 'NONE', *, *, #6332, .F. ) ;
#5083 = ORIENTED_EDGE ( 'NONE', *, *, #6392, .F. ) ;
#5084 = EDGE_CURVE ( 'NONE', #305, #5002, #5240, .T. ) ;
#5085 = ORIENTED_EDGE ( 'NONE', *, *, #6141, .F. ) ;
#5086 = CARTESIAN_POINT ( 'NONE',  ( 18.25000000000000355, 88.00000000000000000, 25.10000000000000142 ) ) ;
#5087 = DIRECTION ( 'NONE',  ( 2.865967179147672687E-32, -1.239088197126291063E-16, 1.000000000000000000 ) ) ;
#5088 = VERTEX_POINT ( 'NONE', #360 ) ;
#5089 = CARTESIAN_POINT ( 'NONE',  ( -1.527864045000428161, 84.99999999999997158, -18.38477631085023489 ) ) ;
#5090 = FACE_OUTER_BOUND ( 'NONE', #6047, .T. ) ;
#5091 = VERTEX_POINT ( 'NONE', #3896 ) ;
#5092 = LINE ( 'NONE', #3600, #4800 ) ;
#5093 = DIRECTION ( 'NONE',  ( 1.000000000000000000, 0.000000000000000000, 0.000000000000000000 ) ) ;
#5094 = VECTOR ( 'NONE', #3625, 1000.000000000000000 ) ;
#5095 = VECTOR ( 'NONE', #2437, 1000.000000000000000 ) ;
#5096 = VERTEX_POINT ( 'NONE', #5872 ) ;
#5097 = AXIS2_PLACEMENT_3D ( 'NONE', #1386, #3343, #5290 ) ;
#5098 = PLANE ( 'NONE',  #1323 ) ;
#5099 = DIRECTION ( 'NONE',  ( 5.944228223417400069E-32, -2.569960705150826877E-16, 1.000000000000000000 ) ) ;
#5100 = VECTOR ( 'NONE', #1947, 1000.000000000000000 ) ;
#5101 = CARTESIAN_POINT ( 'NONE',  ( 58.99999999999998579, 32.00000000000000000, 7.000000000000000000 ) ) ;
#5102 = DIRECTION ( 'NONE',  ( -0.000000000000000000, -1.000000000000000000, -0.000000000000000000 ) ) ;
#5103 = CARTESIAN_POINT ( 'NONE',  ( 1.999999999999986677, 87.00000000000000000, 0.000000000000000000 ) ) ;
#5104 = CARTESIAN_POINT ( 'NONE',  ( 70.25000000000000000, -9.249999999999998224, 0.7500000000000000000 ) ) ;
#5105 = ORIENTED_EDGE ( 'NONE', *, *, #5946, .T. ) ;
#5106 = CARTESIAN_POINT ( 'NONE',  ( 58.99999999999999289, 2.000000000000000000, 8.599999999999999645 ) ) ;
#5107 = CARTESIAN_POINT ( 'NONE',  ( -8.753887449625585404, 93.49999999999995737, 6.000000000000000000 ) ) ;
#5108 = VERTEX_POINT ( 'NONE', #2403 ) ;
#5109 = LINE ( 'NONE', #4740, #1917 ) ;
#5110 = EDGE_CURVE ( 'NONE', #5496, #114, #5330, .T. ) ;
#5111 = CARTESIAN_POINT ( 'NONE',  ( 22.15000000000000213, 88.00000000000000000, 25.10000000000000497 ) ) ;
#5112 = ORIENTED_EDGE ( 'NONE', *, *, #778, .F. ) ;
#5113 = ORIENTED_EDGE ( 'NONE', *, *, #2256, .F. ) ;
#5114 = ORIENTED_EDGE ( 'NONE', *, *, #2959, .T. ) ;
#5115 = LINE ( 'NONE', #182, #4476 ) ;
#5116 = CARTESIAN_POINT ( 'NONE',  ( -9.249999999999998224, 99.24999999999998579, 25.10000000000000142 ) ) ;
#5117 = ORIENTED_EDGE ( 'NONE', *, *, #4186, .T. ) ;
#5118 = DIRECTION ( 'NONE',  ( -6.172852385856527051E-32, 2.668805347656627171E-16, -1.000000000000000000 ) ) ;
#5119 = VECTOR ( 'NONE', #5579, 1000.000000000000000 ) ;
#5120 = EDGE_CURVE ( 'NONE', #1034, #2138, #3348, .T. ) ;
#5121 = LINE ( 'NONE', #5509, #2163 ) ;
#5122 = ORIENTED_EDGE ( 'NONE', *, *, #4857, .F. ) ;
#5123 = CIRCLE ( 'NONE', #2422, 6.000000000000000000 ) ;
#5124 = DIRECTION ( 'NONE',  ( -0.5000000000000004441, -0.8660254037844383745, 0.000000000000000000 ) ) ;
#5125 = LINE ( 'NONE', #2255, #4368 ) ;
#5126 = VECTOR ( 'NONE', #1222, 1000.000000000000000 ) ;
#5127 = ORIENTED_EDGE ( 'NONE', *, *, #1728, .T. ) ;
#5128 = VECTOR ( 'NONE', #387, 1000.000000000000000 ) ;
#5129 = LINE ( 'NONE', #4128, #416 ) ;
#5130 = LINE ( 'NONE', #2663, #3879 ) ;
#5131 = DIRECTION ( 'NONE',  ( 1.000000000000000000, 2.312964634635743450E-16, -0.000000000000000000 ) ) ;
#5132 = VERTEX_POINT ( 'NONE', #807 ) ;
#5133 = CARTESIAN_POINT ( 'NONE',  ( 1.753887449625579409, -3.499999999999998668, 6.000000000000000000 ) ) ;
#5134 = AXIS2_PLACEMENT_3D ( 'NONE', #6247, #2281, #3715 ) ;
#5135 = DIRECTION ( 'NONE',  ( -0.000000000000000000, -1.000000000000000000, -0.000000000000000000 ) ) ;
#5136 = ORIENTED_EDGE ( 'NONE', *, *, #628, .F. ) ;
#5137 = PLANE ( 'NONE',  #5759 ) ;
#5138 = ADVANCED_FACE ( 'NONE', ( #873 ), #4293, .F. ) ;
#5139 = CARTESIAN_POINT ( 'NONE',  ( 70.25000000000000000, -9.249999999999998224, 25.10000000000000142 ) ) ;
#5140 = ORIENTED_EDGE ( 'NONE', *, *, #3336, .T. ) ;
#5141 = EDGE_LOOP ( 'NONE', ( #4465, #243, #2789, #1950 ) ) ;
#5142 = ORIENTED_EDGE ( 'NONE', *, *, #1854, .F. ) ;
#5143 = DIRECTION ( 'NONE',  ( -1.000000000000000000, 0.000000000000000000, -0.000000000000000000 ) ) ;
#5144 = DIRECTION ( 'NONE',  ( 1.000000000000000000, 2.312964634635743450E-16, -0.000000000000000000 ) ) ;
#5145 = ORIENTED_EDGE ( 'NONE', *, *, #3083, .T. ) ;
#5146 = DIRECTION ( 'NONE',  ( -1.000000000000000000, 0.000000000000000000, 0.000000000000000000 ) ) ;
#5147 = EDGE_CURVE ( 'NONE', #2037, #1940, #2336, .T. ) ;
#5148 = CARTESIAN_POINT ( 'NONE',  ( 57.99999999999999289, -9.689339828220177253, 8.127451321766318455E-16 ) ) ;
#5149 = VERTEX_POINT ( 'NONE', #1882 ) ;
#5150 = AXIS2_PLACEMENT_3D ( 'NONE', #3360, #4429, #2899 ) ;
#5151 = EDGE_CURVE ( 'NONE', #4761, #5348, #326, .T. ) ;
#5152 = CARTESIAN_POINT ( 'NONE',  ( -6.126943724812813130, 1.050000000000001377, 6.000000000000000000 ) ) ;
#5153 = CARTESIAN_POINT ( 'NONE',  ( 60.99999999999998579, 24.49999999999998934, 8.250000000000000000 ) ) ;
#5154 = EDGE_CURVE ( 'NONE', #5694, #3900, #5903, .T. ) ;
#5155 = VERTEX_POINT ( 'NONE', #2431 ) ;
#5156 = LINE ( 'NONE', #6225, #3534 ) ;
#5157 = EDGE_CURVE ( 'NONE', #3261, #1637, #2857, .T. ) ;
#5158 = CARTESIAN_POINT ( 'NONE',  ( 3.000000000000001332, 87.99999999999998579, -18.38477631085023489 ) ) ;
#5159 = EDGE_CURVE ( 'NONE', #955, #764, #4770, .T. ) ;
#5160 = CARTESIAN_POINT ( 'NONE',  ( 56.99999999999997868, 92.68337520964459486, 8.500000000000000000 ) ) ;
#5161 = ORIENTED_EDGE ( 'NONE', *, *, #2134, .F. ) ;
#5162 = CARTESIAN_POINT ( 'NONE',  ( 22.15000000000000213, 88.00000000000000000, 8.500000000000000000 ) ) ;
#5163 = CYLINDRICAL_SURFACE ( 'NONE', #6261, 0.7500000000000006661 ) ;
#5164 = ORIENTED_EDGE ( 'NONE', *, *, #3229, .F. ) ;
#5165 = VECTOR ( 'NONE', #572, 1000.000000000000000 ) ;
#5166 = CARTESIAN_POINT ( 'NONE',  ( 2.420465108467715808E-17, 80.99999999999998579, 25.10000000000000142 ) ) ;
#5167 = ORIENTED_EDGE ( 'NONE', *, *, #2199, .T. ) ;
#5168 = ORIENTED_EDGE ( 'NONE', *, *, #2832, .T. ) ;
#5169 = VECTOR ( 'NONE', #6422, 1000.000000000000000 ) ;
#5170 = CARTESIAN_POINT ( 'NONE',  ( 0.000000000000000000, 99.24999999999998579, 0.000000000000000000 ) ) ;
#5171 = EDGE_CURVE ( 'NONE', #1051, #3873, #964, .T. ) ;
#5172 = CARTESIAN_POINT ( 'NONE',  ( -1.527864045000428161, 84.99999999999997158, 5.000000000000000888 ) ) ;
#5173 = ORIENTED_EDGE ( 'NONE', *, *, #1601, .T. ) ;
#5174 = EDGE_CURVE ( 'NONE', #4837, #116, #2923, .T. ) ;
#5175 = FACE_OUTER_BOUND ( 'NONE', #5691, .T. ) ;
#5176 = LINE ( 'NONE', #3780, #1022 ) ;
#5177 = ORIENTED_EDGE ( 'NONE', *, *, #1125, .F. ) ;
#5178 = LINE ( 'NONE', #217, #2628 ) ;
#5179 = ADVANCED_FACE ( 'NONE', ( #4903 ), #1329, .F. ) ;
#5180 = LINE ( 'NONE', #5247, #1558 ) ;
#5181 = CIRCLE ( 'NONE', #1864, 0.7500000000000000000 ) ;
#5182 = EDGE_CURVE ( 'NONE', #764, #664, #4420, .T. ) ;
#5183 = ORIENTED_EDGE ( 'NONE', *, *, #592, .T. ) ;
#5184 = ORIENTED_EDGE ( 'NONE', *, *, #1212, .T. ) ;
#5185 = CARTESIAN_POINT ( 'NONE',  ( -5.165621017353156624E-15, 33.49999999999997158, 13.00000000000000888 ) ) ;
#5186 = VECTOR ( 'NONE', #162, 1000.000000000000000 ) ;
#5187 = CARTESIAN_POINT ( 'NONE',  ( 22.50000000000000000, 2.000000000000000000, 13.00000000000000178 ) ) ;
#5188 = VECTOR ( 'NONE', #3575, 999.9999999999998863 ) ;
#5189 = VECTOR ( 'NONE', #4615, 1000.000000000000000 ) ;
#5190 = EDGE_CURVE ( 'NONE', #955, #63, #5844, .T. ) ;
#5191 = DIRECTION ( 'NONE',  ( 1.000000000000000000, -1.067522139062650671E-15, 0.000000000000000000 ) ) ;
#5192 = EDGE_LOOP ( 'NONE', ( #1633, #1117, #4680, #4840 ) ) ;
#5193 = VECTOR ( 'NONE', #2507, 1000.000000000000000 ) ;
#5194 = DIRECTION ( 'NONE',  ( -1.000000000000000000, 0.000000000000000000, -0.000000000000000000 ) ) ;
#5195 = AXIS2_PLACEMENT_3D ( 'NONE', #4793, #6319, #4129 ) ;
#5196 = VECTOR ( 'NONE', #4219, 1000.000000000000000 ) ;
#5197 = CARTESIAN_POINT ( 'NONE',  ( 56.99999999999997868, 32.00000000000000711, 2.000000000000000000 ) ) ;
#5198 = EDGE_LOOP ( 'NONE', ( #6216, #4078, #1183, #4735 ) ) ;
#5199 = DIRECTION ( 'NONE',  ( -1.000000000000000000, -2.312964634635743450E-16, 0.000000000000000000 ) ) ;
#5200 = VECTOR ( 'NONE', #6340, 1000.000000000000000 ) ;
#5201 = ORIENTED_EDGE ( 'NONE', *, *, #6033, .F. ) ;
#5202 = ORIENTED_EDGE ( 'NONE', *, *, #5946, .F. ) ;
#5203 = DIRECTION ( 'NONE',  ( 0.000000000000000000, 0.000000000000000000, 1.000000000000000000 ) ) ;
#5204 = DIRECTION ( 'NONE',  ( -1.541976423090495633E-16, 1.000000000000000000, -2.312964634635743450E-15 ) ) ;
#5205 = ORIENTED_EDGE ( 'NONE', *, *, #6117, .T. ) ;
#5206 = CARTESIAN_POINT ( 'NONE',  ( 58.99999999999997158, 84.99999999999998579, 5.000000000000000000 ) ) ;
#5207 = FACE_OUTER_BOUND ( 'NONE', #3666, .T. ) ;
#5208 = ORIENTED_EDGE ( 'NONE', *, *, #3409, .T. ) ;
#5209 = EDGE_LOOP ( 'NONE', ( #5937, #4573, #4778, #1235 ) ) ;
#5210 = PLANE ( 'NONE',  #5481 ) ;
#5211 = CARTESIAN_POINT ( 'NONE',  ( 1.999999999999986677, 87.99999999999998579, 25.10000000000000142 ) ) ;
#5212 = CARTESIAN_POINT ( 'NONE',  ( 10.00000000000000000, 2.000000000000000000, 20.00000000000000000 ) ) ;
#5213 = DIRECTION ( 'NONE',  ( -1.000000000000000000, 0.000000000000000000, -0.000000000000000000 ) ) ;
#5214 = DIRECTION ( 'NONE',  ( 1.000000000000000000, 0.000000000000000000, 0.000000000000000000 ) ) ;
#5215 = ORIENTED_EDGE ( 'NONE', *, *, #3274, .T. ) ;
#5216 = VECTOR ( 'NONE', #5025, 1000.000000000000000 ) ;
#5217 = ORIENTED_EDGE ( 'NONE', *, *, #3238, .F. ) ;
#5218 = DIRECTION ( 'NONE',  ( 1.000000000000000000, -0.000000000000000000, 0.000000000000000000 ) ) ;
#5219 = EDGE_CURVE ( 'NONE', #3571, #1760, #3835, .T. ) ;
#5220 = AXIS2_PLACEMENT_3D ( 'NONE', #2303, #1293, #3211 ) ;
#5221 = DIRECTION ( 'NONE',  ( -0.000000000000000000, -0.000000000000000000, -1.000000000000000000 ) ) ;
#5222 = AXIS2_PLACEMENT_3D ( 'NONE', #6295, #5293, #5839 ) ;
#5223 = FACE_OUTER_BOUND ( 'NONE', #2406, .T. ) ;
#5224 = ORIENTED_EDGE ( 'NONE', *, *, #841, .T. ) ;
#5225 = DIRECTION ( 'NONE',  ( -0.000000000000000000, -1.000000000000000000, -0.000000000000000000 ) ) ;
#5226 = EDGE_CURVE ( 'NONE', #565, #2235, #420, .T. ) ;
#5227 = EDGE_CURVE ( 'NONE', #1838, #5149, #1520, .T. ) ;
#5228 = CARTESIAN_POINT ( 'NONE',  ( 57.99999999999997868, 99.68933982822017015, 8.094095757878784083E-15 ) ) ;
#5229 = EDGE_LOOP ( 'NONE', ( #3525, #2792, #3948, #713, #4796, #6249 ) ) ;
#5230 = FACE_OUTER_BOUND ( 'NONE', #293, .T. ) ;
#5231 = EDGE_CURVE ( 'NONE', #1154, #2037, #1552, .T. ) ;
#5232 = ORIENTED_EDGE ( 'NONE', *, *, #6102, .T. ) ;
#5233 = ORIENTED_EDGE ( 'NONE', *, *, #4118, .T. ) ;
#5234 = PERSON_AND_ORGANIZATION_ROLE ( 'creator' ) ;
#5235 = CARTESIAN_POINT ( 'NONE',  ( 2.250000000000000000, 99.99999999999998579, 0.7500000000000006661 ) ) ;
#5236 = EDGE_CURVE ( 'NONE', #5879, #3844, #33, .T. ) ;
#5237 = FACE_OUTER_BOUND ( 'NONE', #4894, .T. ) ;
#5238 = VERTEX_POINT ( 'NONE', #4520 ) ;
#5239 = CARTESIAN_POINT ( 'NONE',  ( 67.12694372481280425, -8.049999999999991829, 6.000000000000000000 ) ) ;
#5240 = CIRCLE ( 'NONE', #773, 6.000000000000000000 ) ;
#5241 = FACE_OUTER_BOUND ( 'NONE', #519, .T. ) ;
#5242 = ORIENTED_EDGE ( 'NONE', *, *, #473, .T. ) ;
#5243 = ORIENTED_EDGE ( 'NONE', *, *, #2240, .F. ) ;
#5244 = CARTESIAN_POINT ( 'NONE',  ( 66.79999999999999716, -3.500000000000000000, 0.000000000000000000 ) ) ;
#5245 = DIRECTION ( 'NONE',  ( 1.000000000000000000, -1.521687259628778569E-17, 0.000000000000000000 ) ) ;
#5246 = FACE_OUTER_BOUND ( 'NONE', #4538, .T. ) ;
#5247 = CARTESIAN_POINT ( 'NONE',  ( 18.25000000000000355, 90.00000000000000000, 25.10000000000000142 ) ) ;
#5248 = DIRECTION ( 'NONE',  ( 0.5000000000000000000, -0.8660254037844385966, 0.000000000000000000 ) ) ;
#5249 = EDGE_CURVE ( 'NONE', #4101, #1862, #3446, .T. ) ;
#5250 = ORIENTED_EDGE ( 'NONE', *, *, #4701, .T. ) ;
#5251 = VECTOR ( 'NONE', #3554, 1000.000000000000000 ) ;
#5252 = EDGE_LOOP ( 'NONE', ( #4885, #4560, #3108, #914 ) ) ;
#5253 = CARTESIAN_POINT ( 'NONE',  ( 10.00000000000000000, 2.000000000000000000, 20.00000000000000000 ) ) ;
#5254 = ADVANCED_FACE ( 'NONE', ( #6045 ), #4589, .F. ) ;
#5255 = DIRECTION ( 'NONE',  ( 1.000000000000000000, 0.000000000000000000, 0.000000000000000000 ) ) ;
#5256 = EDGE_CURVE ( 'NONE', #3680, #5925, #4099, .T. ) ;
#5257 = EDGE_CURVE ( 'NONE', #2452, #4137, #2076, .T. ) ;
#5258 = DIRECTION ( 'NONE',  ( -1.000000000000000000, 0.000000000000000000, -0.000000000000000000 ) ) ;
#5259 = ORIENTED_EDGE ( 'NONE', *, *, #5866, .T. ) ;
#5260 = CARTESIAN_POINT ( 'NONE',  ( 2.250000000000000000, 99.24999999999998579, 25.10000000000000142 ) ) ;
#5261 = EDGE_CURVE ( 'NONE', #4936, #5660, #6003, .T. ) ;
#5262 = CYLINDRICAL_SURFACE ( 'NONE', #3046, 6.000000000000000888 ) ;
#5263 = ORIENTED_EDGE ( 'NONE', *, *, #459, .T. ) ;
#5264 = CARTESIAN_POINT ( 'NONE',  ( 60.99999999999998579, 80.99999999999998579, 2.000000000000000000 ) ) ;
#5265 = AXIS2_PLACEMENT_3D ( 'NONE', #4504, #52, #2895 ) ;
#5266 = EDGE_CURVE ( 'NONE', #1115, #5050, #2009, .T. ) ;
#5267 = ORIENTED_EDGE ( 'NONE', *, *, #4759, .F. ) ;
#5268 = ORIENTED_EDGE ( 'NONE', *, *, #5157, .T. ) ;
#5269 = ORIENTED_EDGE ( 'NONE', *, *, #3057, .T. ) ;
#5270 = PERSON_AND_ORGANIZATION_ROLE ( 'design_owner' ) ;
#5271 = FACE_BOUND ( 'NONE', #3282, .T. ) ;
#5272 = VECTOR ( 'NONE', #1454, 1000.000000000000000 ) ;
#5273 = FACE_OUTER_BOUND ( 'NONE', #3549, .T. ) ;
#5274 = VECTOR ( 'NONE', #3933, 1000.000000000000000 ) ;
#5275 = ORIENTED_EDGE ( 'NONE', *, *, #6113, .T. ) ;
#5276 = DIRECTION ( 'NONE',  ( 1.000000000000000000, 0.000000000000000000, 0.000000000000000000 ) ) ;
#5277 = LINE ( 'NONE', #1731, #1430 ) ;
#5278 = ORIENTED_EDGE ( 'NONE', *, *, #546, .F. ) ;
#5279 = ADVANCED_FACE ( 'NONE', ( #5071 ), #65, .F. ) ;
#5280 = VECTOR ( 'NONE', #5861, 1000.000000000000000 ) ;
#5281 = VERTEX_POINT ( 'NONE', #3579 ) ;
#5282 = LINE ( 'NONE', #6403, #2683 ) ;
#5283 = CARTESIAN_POINT ( 'NONE',  ( -6.126943724812782932, 88.95000000000001705, 0.000000000000000000 ) ) ;
#5284 = PLANE ( 'NONE',  #222 ) ;
#5285 = LINE ( 'NONE', #6255, #4883 ) ;
#5286 = DIRECTION ( 'NONE',  ( -1.000000000000000000, 0.000000000000000000, -1.957931771489248420E-16 ) ) ;
#5287 = VERTEX_POINT ( 'NONE', #1070 ) ;
#5288 = ORIENTED_EDGE ( 'NONE', *, *, #5805, .F. ) ;
#5289 = CARTESIAN_POINT ( 'NONE',  ( 59.24611255037439150, 93.49999999999995737, 6.000000000000000000 ) ) ;
#5290 = DIRECTION ( 'NONE',  ( -1.000000000000000000, 0.000000000000000000, -1.630376018710721586E-16 ) ) ;
#5291 = DIRECTION ( 'NONE',  ( 1.000000000000000000, 0.000000000000000000, 0.000000000000000000 ) ) ;
#5292 = ORIENTED_EDGE ( 'NONE', *, *, #3476, .T. ) ;
#5293 = DIRECTION ( 'NONE',  ( -8.896017825522089339E-17, 0.000000000000000000, 1.000000000000000000 ) ) ;
#5294 = CIRCLE ( 'NONE', #3014, 5.999999999999998224 ) ;
#5295 = FACE_OUTER_BOUND ( 'NONE', #1503, .T. ) ;
#5296 = VERTEX_POINT ( 'NONE', #2114 ) ;
#5297 = DIRECTION ( 'NONE',  ( -1.000000000000000000, -0.000000000000000000, -1.630376018710721586E-16 ) ) ;
#5298 = AXIS2_PLACEMENT_3D ( 'NONE', #4152, #5698, #3631 ) ;
#5299 = VECTOR ( 'NONE', #5634, 1000.000000000000000 ) ;
#5300 = CIRCLE ( 'NONE', #5195, 6.000000000000000000 ) ;
#5301 = ORIENTED_EDGE ( 'NONE', *, *, #2100, .T. ) ;
#5302 = ORIENTED_EDGE ( 'NONE', *, *, #4106, .F. ) ;
#5303 = VERTEX_POINT ( 'NONE', #514 ) ;
#5304 = DIRECTION ( 'NONE',  ( 1.000000000000000000, 0.000000000000000000, 0.000000000000000000 ) ) ;
#5305 = DIRECTION ( 'NONE',  ( -1.000000000000000000, -2.275047181608928137E-16, 0.000000000000000000 ) ) ;
#5306 = PLANE ( 'NONE',  #220 ) ;
#5307 = ADVANCED_FACE ( 'NONE', ( #2988 ), #1035, .F. ) ;
#5308 = VERTEX_POINT ( 'NONE', #1592 ) ;
#5309 = AXIS2_PLACEMENT_3D ( 'NONE', #1826, #6306, #5817 ) ;
#5310 = CARTESIAN_POINT ( 'NONE',  ( 58.99999999999997868, 64.99999999999998579, 15.99999999999999645 ) ) ;
#5311 = CARTESIAN_POINT ( 'NONE',  ( 22.50000000000000000, 4.000000000000000000, 0.000000000000000000 ) ) ;
#5312 = ORIENTED_EDGE ( 'NONE', *, *, #5063, .T. ) ;
#5313 = ORIENTED_EDGE ( 'NONE', *, *, #4646, .T. ) ;
#5314 = DIRECTION ( 'NONE',  ( -0.000000000000000000, -0.000000000000000000, -1.000000000000000000 ) ) ;
#5315 = DIRECTION ( 'NONE',  ( -0.000000000000000000, -0.000000000000000000, 1.000000000000000000 ) ) ;
#5316 = DIRECTION ( 'NONE',  ( 0.000000000000000000, 0.000000000000000000, -1.000000000000000000 ) ) ;
#5317 = ADVANCED_FACE ( 'NONE', ( #4965 ), #550, .T. ) ;
#5318 = LINE ( 'NONE', #5829, #5280 ) ;
#5319 = DIRECTION ( 'NONE',  ( 0.000000000000000000, -0.000000000000000000, -1.000000000000000000 ) ) ;
#5320 = EDGE_LOOP ( 'NONE', ( #3483, #3021 ) ) ;
#5321 = ORIENTED_EDGE ( 'NONE', *, *, #186, .T. ) ;
#5322 = DIRECTION ( 'NONE',  ( 0.000000000000000000, 0.000000000000000000, 1.000000000000000000 ) ) ;
#5323 = CARTESIAN_POINT ( 'NONE',  ( 51.99999999999998579, 96.00000000000000000, 25.10000000000000497 ) ) ;
#5324 = VECTOR ( 'NONE', #2106, 1000.000000000000000 ) ;
#5325 = LINE ( 'NONE', #2817, #607 ) ;
#5326 = DIRECTION ( 'NONE',  ( 0.000000000000000000, 0.000000000000000000, -1.000000000000000000 ) ) ;
#5327 = VECTOR ( 'NONE', #6366, 1000.000000000000000 ) ;
#5328 = DIRECTION ( 'NONE',  ( -0.000000000000000000, -0.000000000000000000, -1.000000000000000000 ) ) ;
#5329 = ORIENTED_EDGE ( 'NONE', *, *, #2374, .T. ) ;
#5330 = LINE ( 'NONE', #4807, #1092 ) ;
#5331 = VECTOR ( 'NONE', #2530, 1000.000000000000000 ) ;
#5332 = CARTESIAN_POINT ( 'NONE',  ( 64.50000000000000000, -3.500000000000000000, 6.000000000000000000 ) ) ;
#5333 = ORIENTED_EDGE ( 'NONE', *, *, #2951, .F. ) ;
#5334 = CARTESIAN_POINT ( 'NONE',  ( 57.99999999999999289, -6.000000000000000000, -18.38477631085023489 ) ) ;
#5335 = DIRECTION ( 'NONE',  ( -0.5000000000000000000, 0.8660254037844385966, 0.000000000000000000 ) ) ;
#5336 = VERTEX_POINT ( 'NONE', #1 ) ;
#5337 = EDGE_CURVE ( 'NONE', #1394, #4235, #585, .T. ) ;
#5338 = LINE ( 'NONE', #4400, #380 ) ;
#5339 = CARTESIAN_POINT ( 'NONE',  ( 70.99999999999998579, 87.00000000000000000, 43.48477631085023631 ) ) ;
#5340 = ORIENTED_EDGE ( 'NONE', *, *, #1330, .F. ) ;
#5341 = ORIENTED_EDGE ( 'NONE', *, *, #2252, .T. ) ;
#5342 = DIRECTION ( 'NONE',  ( -1.000000000000000000, 0.000000000000000000, 0.000000000000000000 ) ) ;
#5343 = LINE ( 'NONE', #4983, #4889 ) ;
#5344 = VECTOR ( 'NONE', #2212, 1000.000000000000000 ) ;
#5345 = EDGE_CURVE ( 'NONE', #3239, #630, #4023, .T. ) ;
#5346 = LINE ( 'NONE', #501, #5383 ) ;
#5347 = CARTESIAN_POINT ( 'NONE',  ( -0.8730562751872202876, -8.050000000000000711, 0.000000000000000000 ) ) ;
#5348 = VERTEX_POINT ( 'NONE', #2955 ) ;
#5349 = EDGE_CURVE ( 'NONE', #1853, #1790, #5454, .T. ) ;
#5350 = ORIENTED_EDGE ( 'NONE', *, *, #4186, .F. ) ;
#5351 = PLANE ( 'NONE',  #3146 ) ;
#5352 = FACE_OUTER_BOUND ( 'NONE', #1694, .T. ) ;
#5353 = ADVANCED_FACE ( 'NONE', ( #4484 ), #378, .F. ) ;
#5354 = EDGE_CURVE ( 'NONE', #3945, #6157, #4131, .T. ) ;
#5355 = DIRECTION ( 'NONE',  ( -0.000000000000000000, -0.000000000000000000, -1.000000000000000000 ) ) ;
#5356 = CARTESIAN_POINT ( 'NONE',  ( 36.49999999999997868, 88.00000000000000000, 25.10000000000000142 ) ) ;
#5357 = VECTOR ( 'NONE', #752, 1000.000000000000000 ) ;
#5358 = CARTESIAN_POINT ( 'NONE',  ( 58.99999999999997868, 49.99999999999999289, 1.999999999999995781 ) ) ;
#5359 = EDGE_CURVE ( 'NONE', #6425, #1539, #5735, .T. ) ;
#5360 = VERTEX_POINT ( 'NONE', #3267 ) ;
#5361 = DIRECTION ( 'NONE',  ( -0.000000000000000000, 1.000000000000000000, 0.000000000000000000 ) ) ;
#5362 = LINE ( 'NONE', #4905, #6349 ) ;
#5363 = VERTEX_POINT ( 'NONE', #4825 ) ;
#5364 = ORIENTED_EDGE ( 'NONE', *, *, #3242, .T. ) ;
#5365 = CARTESIAN_POINT ( 'NONE',  ( 66.99999999999998579, 9.000000000000001776, -18.38477631085023489 ) ) ;
#5366 = DIRECTION ( 'NONE',  ( -1.000000000000000000, 0.000000000000000000, 0.000000000000000000 ) ) ;
#5367 = EDGE_LOOP ( 'NONE', ( #2780, #143, #5748, #42 ) ) ;
#5368 = CARTESIAN_POINT ( 'NONE',  ( 58.99999999999998579, 65.00000000000000000, 7.000000000000000000 ) ) ;
#5369 = CARTESIAN_POINT ( 'NONE',  ( 0.000000000000000000, 0.000000000000000000, 7.000000000000000000 ) ) ;
#5370 = ORIENTED_EDGE ( 'NONE', *, *, #4126, .F. ) ;
#5371 = VERTEX_POINT ( 'NONE', #2811 ) ;
#5372 = AXIS2_PLACEMENT_3D ( 'NONE', #5892, #1960, #4988 ) ;
#5373 = VECTOR ( 'NONE', #509, 1000.000000000000227 ) ;
#5374 = DIRECTION ( 'NONE',  ( -0.000000000000000000, -0.000000000000000000, 1.000000000000000000 ) ) ;
#5375 = EDGE_CURVE ( 'NONE', #4719, #276, #4278, .T. ) ;
#5376 = DIRECTION ( 'NONE',  ( 0.000000000000000000, -0.000000000000000000, -1.000000000000000000 ) ) ;
#5377 = LINE ( 'NONE', #1899, #96 ) ;
#5378 = VECTOR ( 'NONE', #3517, 1000.000000000000000 ) ;
#5379 = CARTESIAN_POINT ( 'NONE',  ( 2.999999999999982236, -6.000000000000000888, 0.000000000000000000 ) ) ;
#5380 = VERTEX_POINT ( 'NONE', #650 ) ;
#5381 = ORIENTED_EDGE ( 'NONE', *, *, #896, .T. ) ;
#5382 = DIRECTION ( 'NONE',  ( 0.000000000000000000, 0.000000000000000000, 1.000000000000000000 ) ) ;
#5383 = VECTOR ( 'NONE', #5411, 1000.000000000000000 ) ;
#5384 = FACE_OUTER_BOUND ( 'NONE', #1682, .T. ) ;
#5385 = EDGE_CURVE ( 'NONE', #1790, #6163, #3609, .T. ) ;
#5386 = LINE ( 'NONE', #4287, #197 ) ;
#5387 = CARTESIAN_POINT ( 'NONE',  ( 0.000000000000000000, 0.000000000000000000, 7.000000000000000000 ) ) ;
#5388 = LINE ( 'NONE', #1974, #3771 ) ;
#5389 = ORIENTED_EDGE ( 'NONE', *, *, #4857, .T. ) ;
#5390 = EDGE_CURVE ( 'NONE', #4811, #2440, #6109, .T. ) ;
#5391 = CARTESIAN_POINT ( 'NONE',  ( 57.99999999999999289, -5.999999250058918321, 26.76666666666666927 ) ) ;
#5392 = DIRECTION ( 'NONE',  ( -0.000000000000000000, -0.000000000000000000, 1.000000000000000000 ) ) ;
#5393 = ORIENTED_EDGE ( 'NONE', *, *, #4515, .T. ) ;
#5394 = ORIENTED_EDGE ( 'NONE', *, *, #6337, .F. ) ;
#5395 = PERSON_AND_ORGANIZATION_ROLE ( 'design_supplier' ) ;
#5396 = LINE ( 'NONE', #4491, #16 ) ;
#5397 = CARTESIAN_POINT ( 'NONE',  ( -1.249000902703301266E-14, 80.99999999999998579, 13.00000000000000178 ) ) ;
#5398 = EDGE_LOOP ( 'NONE', ( #590, #5832, #5571, #1253 ) ) ;
#5399 = CIRCLE ( 'NONE', #2600, 0.7500000000000006661 ) ;
#5400 = CARTESIAN_POINT ( 'NONE',  ( 58.99999999999997158, 84.99999999999998579, 15.99999999999999645 ) ) ;
#5401 = VECTOR ( 'NONE', #3728, 1000.000000000000000 ) ;
#5402 = AXIS2_PLACEMENT_3D ( 'NONE', #1087, #1574, #601 ) ;
#5403 = AXIS2_PLACEMENT_3D ( 'NONE', #5000, #4024, #1135 ) ;
#5404 = DIRECTION ( 'NONE',  ( 0.000000000000000000, -0.000000000000000000, 1.000000000000000000 ) ) ;
#5405 = VERTEX_POINT ( 'NONE', #1837 ) ;
#5406 = VERTEX_POINT ( 'NONE', #1771 ) ;
#5407 = VECTOR ( 'NONE', #4200, 1000.000000000000000 ) ;
#5408 = CARTESIAN_POINT ( 'NONE',  ( -9.689339828220177253, 87.00000000000000000, 7.051379093030740663E-16 ) ) ;
#5409 = LINE ( 'NONE', #1957, #732 ) ;
#5410 = AXIS2_PLACEMENT_3D ( 'NONE', #3120, #2, #5941 ) ;
#5411 = DIRECTION ( 'NONE',  ( -1.541976423090495387E-16, 1.000000000000000000, -0.000000000000000000 ) ) ;
#5412 = DIRECTION ( 'NONE',  ( -1.541976423090495880E-16, 1.000000000000000000, -1.284980352575413685E-16 ) ) ;
#5413 = EDGE_LOOP ( 'NONE', ( #1979, #1600, #4198, #702 ) ) ;
#5414 = CARTESIAN_POINT ( 'NONE',  ( 8.999999999999996447, 90.00000000000000000, 0.000000000000000000 ) ) ;
#5415 = DIRECTION ( 'NONE',  ( 0.000000000000000000, 1.000000000000000000, 0.000000000000000000 ) ) ;
#5416 = EDGE_CURVE ( 'NONE', #3253, #6267, #3150, .T. ) ;
#5417 = FACE_BOUND ( 'NONE', #716, .T. ) ;
#5418 = EDGE_CURVE ( 'NONE', #5537, #3209, #3505, .T. ) ;
#5419 = DIRECTION ( 'NONE',  ( -1.000000000000000000, 0.000000000000000000, 1.239088197126290570E-16 ) ) ;
#5420 = PLANE ( 'NONE',  #5840 ) ;
#5421 = ORIENTED_EDGE ( 'NONE', *, *, #932, .T. ) ;
#5422 = EDGE_CURVE ( 'NONE', #1272, #3159, #3117, .T. ) ;
#5423 = DIRECTION ( 'NONE',  ( -0.000000000000000000, -1.000000000000000000, -0.000000000000000000 ) ) ;
#5424 = DIRECTION ( 'NONE',  ( 0.5000000000000004441, 0.8660254037844382635, 0.000000000000000000 ) ) ;
#5425 = ADVANCED_FACE ( 'NONE', ( #312 ), #763, .F. ) ;
#5426 = ORIENTED_EDGE ( 'NONE', *, *, #811, .F. ) ;
#5427 = DIRECTION ( 'NONE',  ( -1.982541115402065356E-16, 1.000000000000000000, 1.239088197126290817E-16 ) ) ;
#5428 = ORIENTED_EDGE ( 'NONE', *, *, #1174, .T. ) ;
#5429 = LINE ( 'NONE', #3936, #4266 ) ;
#5430 = CARTESIAN_POINT ( 'NONE',  ( -0.8730562751872202876, -8.050000000000000711, 6.000000000000000000 ) ) ;
#5431 = ORIENTED_EDGE ( 'NONE', *, *, #4022, .T. ) ;
#5432 = CARTESIAN_POINT ( 'NONE',  ( -4.934324553889582082E-15, 31.99999999999997158, 13.00000000000000888 ) ) ;
#5433 = EDGE_CURVE ( 'NONE', #5149, #4137, #3787, .T. ) ;
#5434 = AXIS2_PLACEMENT_3D ( 'NONE', #1717, #711, #1290 ) ;
#5435 = DIRECTION ( 'NONE',  ( 1.000000000000000000, 0.000000000000000000, 0.000000000000000000 ) ) ;
#5436 = ORIENTED_EDGE ( 'NONE', *, *, #266, .F. ) ;
#5437 = EDGE_CURVE ( 'NONE', #2276, #1020, #4623, .T. ) ;
#5438 = ORIENTED_EDGE ( 'NONE', *, *, #1130, .F. ) ;
#5439 = LINE ( 'NONE', #6090, #1448 ) ;
#5440 = DIRECTION ( 'NONE',  ( -2.674902700537828060E-32, 1.734723475976806848E-16, 1.000000000000000000 ) ) ;
#5441 = ORIENTED_EDGE ( 'NONE', *, *, #445, .T. ) ;
#5442 = PLANE ( 'NONE',  #5688 ) ;
#5443 = CARTESIAN_POINT ( 'NONE',  ( 1.999999999999986677, 87.00000000000000000, -18.38477631085023489 ) ) ;
#5444 = ORIENTED_EDGE ( 'NONE', *, *, #4677, .F. ) ;
#5445 = FACE_OUTER_BOUND ( 'NONE', #2969, .T. ) ;
#5446 = DIRECTION ( 'NONE',  ( 0.000000000000000000, 0.000000000000000000, -1.000000000000000000 ) ) ;
#5447 = DIRECTION ( 'NONE',  ( 1.000000000000000000, 0.000000000000000000, 1.957931771489248420E-16 ) ) ;
#5448 = DIRECTION ( 'NONE',  ( 1.000000000000000000, 0.000000000000000000, 0.000000000000000000 ) ) ;
#5449 = EDGE_CURVE ( 'NONE', #74, #3942, #4246, .T. ) ;
#5450 = PLANE ( 'NONE',  #5403 ) ;
#5451 = EDGE_CURVE ( 'NONE', #1839, #2531, #4794, .T. ) ;
#5452 = LINE ( 'NONE', #4482, #3365 ) ;
#5453 = ORIENTED_EDGE ( 'NONE', *, *, #2360, .T. ) ;
#5454 = LINE ( 'NONE', #1976, #1645 ) ;
#5455 = VECTOR ( 'NONE', #3492, 1000.000000000000000 ) ;
#5456 = DIRECTION ( 'NONE',  ( -1.734723475976807094E-15, -1.000000000000000000, -0.000000000000000000 ) ) ;
#5457 = ORIENTED_EDGE ( 'NONE', *, *, #3913, .T. ) ;
#5458 = ADVANCED_FACE ( 'NONE', ( #6256 ), #2778, .T. ) ;
#5459 = FACE_OUTER_BOUND ( 'NONE', #1363, .T. ) ;
#5460 = ORIENTED_EDGE ( 'NONE', *, *, #3656, .T. ) ;
#5461 = FACE_OUTER_BOUND ( 'NONE', #2096, .T. ) ;
#5462 = DIRECTION ( 'NONE',  ( -1.000000000000000000, -1.541976423090495633E-16, -0.000000000000000000 ) ) ;
#5463 = ORIENTED_EDGE ( 'NONE', *, *, #2976, .F. ) ;
#5464 = CARTESIAN_POINT ( 'NONE',  ( 27.71995838912544485, 2.000000000000000444, 16.00000000000000355 ) ) ;
#5465 = ADVANCED_FACE ( 'NONE', ( #1808 ), #2144, .F. ) ;
#5466 = CARTESIAN_POINT ( 'NONE',  ( 57.99999999999999289, 2.000000000000000000, 0.000000000000000000 ) ) ;
#5467 = ORIENTED_EDGE ( 'NONE', *, *, #1581, .T. ) ;
#5468 = ORIENTED_EDGE ( 'NONE', *, *, #4574, .F. ) ;
#5469 = ORIENTED_EDGE ( 'NONE', *, *, #3077, .T. ) ;
#5470 = LINE ( 'NONE', #2416, #5704 ) ;
#5471 = DIRECTION ( 'NONE',  ( -0.000000000000000000, -0.000000000000000000, -1.000000000000000000 ) ) ;
#5472 = VERTEX_POINT ( 'NONE', #826 ) ;
#5473 = LINE ( 'NONE', #5054, #285 ) ;
#5474 = EDGE_CURVE ( 'NONE', #1848, #2276, #2323, .T. ) ;
#5475 = CARTESIAN_POINT ( 'NONE',  ( 3.000000000000000000, 99.99999999999998579, -18.38477631085023489 ) ) ;
#5476 = ORIENTED_EDGE ( 'NONE', *, *, #3644, .T. ) ;
#5477 = VECTOR ( 'NONE', #536, 1000.000000000000000 ) ;
#5478 = CARTESIAN_POINT ( 'NONE',  ( -9.974659986866640793E-15, 65.00000000000000000, 2.000000000000002665 ) ) ;
#5479 = AXIS2_PLACEMENT_3D ( 'NONE', #5443, #4344, #4951 ) ;
#5480 = DIRECTION ( 'NONE',  ( -0.000000000000000000, -0.000000000000000000, 1.000000000000000000 ) ) ;
#5481 = AXIS2_PLACEMENT_3D ( 'NONE', #758, #2740, #789 ) ;
#5482 = CIRCLE ( 'NONE', #4444, 6.000000000000000000 ) ;
#5483 = DIRECTION ( 'NONE',  ( 1.000000000000000000, 0.000000000000000000, 1.630376018710721586E-16 ) ) ;
#5484 = CARTESIAN_POINT ( 'NONE',  ( 8.999999999999978684, 0.000000000000000000, 30.10000000000000142 ) ) ;
#5485 = LINE ( 'NONE', #3576, #2910 ) ;
#5486 = LINE ( 'NONE', #3085, #5331 ) ;
#5487 = VERTEX_POINT ( 'NONE', #2485 ) ;
#5488 = DIRECTION ( 'NONE',  ( 0.000000000000000000, 0.000000000000000000, 1.000000000000000000 ) ) ;
#5489 = DIRECTION ( 'NONE',  ( 1.000000000000000000, 0.000000000000000000, 0.000000000000000000 ) ) ;
#5490 = ORIENTED_EDGE ( 'NONE', *, *, #4590, .T. ) ;
#5491 = CARTESIAN_POINT ( 'NONE',  ( 4.000000000000000000, 65.00000000000000000, 7.000000000000000000 ) ) ;
#5492 = EDGE_LOOP ( 'NONE', ( #4007, #594, #3654, #5469, #1610, #5267 ) ) ;
#5493 = COORDINATED_UNIVERSAL_TIME_OFFSET ( 5, 0, .BEHIND. ) ;
#5494 = CARTESIAN_POINT ( 'NONE',  ( -0.8730562751871727700, 88.95000000000001705, 6.000000000000000000 ) ) ;
#5495 = CARTESIAN_POINT ( 'NONE',  ( 56.99999999999997868, 33.50000000000000000, 7.000000000000000000 ) ) ;
#5496 = VERTEX_POINT ( 'NONE', #5347 ) ;
#5497 = AXIS2_PLACEMENT_3D ( 'NONE', #5332, #2010, #515 ) ;
#5498 = DIRECTION ( 'NONE',  ( -1.000000000000000000, 0.000000000000000000, 0.000000000000000000 ) ) ;
#5499 = LINE ( 'NONE', #1010, #2996 ) ;
#5500 = ORIENTED_EDGE ( 'NONE', *, *, #972, .T. ) ;
#5501 = ORIENTED_EDGE ( 'NONE', *, *, #5830, .T. ) ;
#5502 = EDGE_LOOP ( 'NONE', ( #5113, #3192, #3857, #1109 ) ) ;
#5503 = ADVANCED_FACE ( 'NONE', ( #3915 ), #5862, .F. ) ;
#5504 = FACE_OUTER_BOUND ( 'NONE', #4777, .T. ) ;
#5505 = CARTESIAN_POINT ( 'NONE',  ( 18.50000000000000355, 2.000000000000000000, 7.000000000000000000 ) ) ;
#5506 = EDGE_LOOP ( 'NONE', ( #2943, #2620, #4142, #4372 ) ) ;
#5507 = AXIS2_PLACEMENT_3D ( 'NONE', #993, #1582, #2108 ) ;
#5508 = CARTESIAN_POINT ( 'NONE',  ( 1.999999999999999556, 2.000000000000000888, 8.599999999999999645 ) ) ;
#5509 = CARTESIAN_POINT ( 'NONE',  ( 2.249999999999982236, -9.999999999999998224, 43.48477631085023631 ) ) ;
#5510 = VERTEX_POINT ( 'NONE', #537 ) ;
#5511 = AXIS2_PLACEMENT_3D ( 'NONE', #6309, #2931, #3903 ) ;
#5512 = AXIS2_PLACEMENT_3D ( 'NONE', #137, #1032, #61 ) ;
#5513 = DIRECTION ( 'NONE',  ( 0.000000000000000000, 0.000000000000000000, 1.000000000000000000 ) ) ;
#5514 = ADVANCED_FACE ( 'NONE', ( #1441 ), #1868, .F. ) ;
#5515 = LINE ( 'NONE', #1965, #2290 ) ;
#5516 = EDGE_CURVE ( 'NONE', #4712, #3162, #3009, .T. ) ;
#5517 = AXIS2_PLACEMENT_3D ( 'NONE', #2337, #5392, #4422 ) ;
#5518 = CARTESIAN_POINT ( 'NONE',  ( 56.99999999999997868, 88.00000000000000000, 8.500000000000000000 ) ) ;
#5519 = LINE ( 'NONE', #4059, #937 ) ;
#5520 = EDGE_CURVE ( 'NONE', #885, #529, #2977, .T. ) ;
#5521 = DIRECTION ( 'NONE',  ( -1.000000000000000000, 0.000000000000000000, 0.000000000000000000 ) ) ;
#5522 = PLANE ( 'NONE',  #2004 ) ;
#5523 = VERTEX_POINT ( 'NONE', #21 ) ;
#5524 = DIRECTION ( 'NONE',  ( 0.000000000000000000, -0.000000000000000000, -1.000000000000000000 ) ) ;
#5525 = FACE_OUTER_BOUND ( 'NONE', #2068, .T. ) ;
#5526 = ORIENTED_EDGE ( 'NONE', *, *, #3156, .F. ) ;
#5527 = CARTESIAN_POINT ( 'NONE',  ( 2.249999999999982236, -9.999999999999998224, 0.7500000000000000000 ) ) ;
#5528 = ORIENTED_EDGE ( 'NONE', *, *, #4640, .F. ) ;
#5529 = LINE ( 'NONE', #2087, #3223 ) ;
#5530 = FACE_OUTER_BOUND ( 'NONE', #6350, .T. ) ;
#5531 = ORIENTED_EDGE ( 'NONE', *, *, #4954, .T. ) ;
#5532 = EDGE_CURVE ( 'NONE', #5724, #787, #3495, .T. ) ;
#5533 = DIRECTION ( 'NONE',  ( -0.8660254037844354880, -0.5000000000000054401, 0.000000000000000000 ) ) ;
#5534 = CARTESIAN_POINT ( 'NONE',  ( 71.00000000000000000, 3.000000000000000000, 0.7500000000000006661 ) ) ;
#5535 = VECTOR ( 'NONE', #5929, 1000.000000000000000 ) ;
#5536 = ORIENTED_EDGE ( 'NONE', *, *, #2360, .F. ) ;
#5537 = VERTEX_POINT ( 'NONE', #5379 ) ;
#5538 = ORIENTED_EDGE ( 'NONE', *, *, #2582, .F. ) ;
#5539 = CARTESIAN_POINT ( 'NONE',  ( 4.250000000000000000, 92.33428042534620772, 25.10000000000000142 ) ) ;
#5540 = AXIS2_PLACEMENT_3D ( 'NONE', #3649, #4104, #4559 ) ;
#5541 = ADVANCED_FACE ( 'NONE', ( #1410 ), #960, .T. ) ;
#5542 = FACE_OUTER_BOUND ( 'NONE', #209, .T. ) ;
#5543 = ORIENTED_EDGE ( 'NONE', *, *, #5057, .F. ) ;
#5544 = ADVANCED_FACE ( 'NONE', ( #6356 ), #889, .F. ) ;
#5545 = VECTOR ( 'NONE', #5869, 1000.000000000000000 ) ;
#5546 = DIRECTION ( 'NONE',  ( 1.521687259628778569E-17, 1.000000000000000000, -0.000000000000000000 ) ) ;
#5547 = CARTESIAN_POINT ( 'NONE',  ( 70.68933982822015594, 87.00000000000000000, 4.336808689942017736E-16 ) ) ;
#5548 = ORIENTED_EDGE ( 'NONE', *, *, #3759, .F. ) ;
#5549 = AXIS2_PLACEMENT_3D ( 'NONE', #3020, #2632, #169 ) ;
#5550 = CYLINDRICAL_SURFACE ( 'NONE', #342, 0.7500000000000002220 ) ;
#5551 = EDGE_CURVE ( 'NONE', #5336, #1522, #4437, .T. ) ;
#5552 = DIRECTION ( 'NONE',  ( 0.000000000000000000, 0.000000000000000000, 1.000000000000000000 ) ) ;
#5553 = EDGE_CURVE ( 'NONE', #5808, #3591, #4921, .T. ) ;
#5554 = EDGE_LOOP ( 'NONE', ( #4255, #3429, #3982, #4210 ) ) ;
#5555 = CARTESIAN_POINT ( 'NONE',  ( 37.50000000000000000, 2.000000000000000444, 2.499999999999998668 ) ) ;
#5556 = FACE_OUTER_BOUND ( 'NONE', #976, .T. ) ;
#5557 = LINE ( 'NONE', #5101, #2092 ) ;
#5558 = ADVANCED_FACE ( 'NONE', ( #990 ), #4893, .F. ) ;
#5559 = DIRECTION ( 'NONE',  ( 0.000000000000000000, 0.000000000000000000, 1.000000000000000000 ) ) ;
#5560 = VECTOR ( 'NONE', #5011, 1000.000000000000000 ) ;
#5561 = CARTESIAN_POINT ( 'NONE',  ( -6.000000000000002665, 9.000000000000001776, 5.000000000000004441 ) ) ;
#5562 = ADVANCED_FACE ( 'NONE', ( #6322 ), #503, .F. ) ;
#5563 = DIRECTION ( 'NONE',  ( 0.000000000000000000, 0.000000000000000000, 1.000000000000000000 ) ) ;
#5564 = ORIENTED_EDGE ( 'NONE', *, *, #4118, .F. ) ;
#5565 = ORIENTED_EDGE ( 'NONE', *, *, #2622, .F. ) ;
#5566 = CARTESIAN_POINT ( 'NONE',  ( 70.25000000000000000, 3.000000000000000000, 0.7500000000000006661 ) ) ;
#5567 = VERTEX_POINT ( 'NONE', #2420 ) ;
#5568 = LINE ( 'NONE', #6052, #5251 ) ;
#5569 = CARTESIAN_POINT ( 'NONE',  ( 37.50000000000000000, 2.000000000000000444, 8.599999999999999645 ) ) ;
#5570 = EDGE_LOOP ( 'NONE', ( #3581, #5053, #2479, #6311 ) ) ;
#5571 = ORIENTED_EDGE ( 'NONE', *, *, #1780, .F. ) ;
#5572 = VERTEX_POINT ( 'NONE', #474 ) ;
#5573 = FACE_BOUND ( 'NONE', #6148, .T. ) ;
#5574 = FACE_OUTER_BOUND ( 'NONE', #2153, .T. ) ;
#5575 = ORIENTED_EDGE ( 'NONE', *, *, #1523, .F. ) ;
#5576 = PLANE ( 'NONE',  #1318 ) ;
#5577 = CARTESIAN_POINT ( 'NONE',  ( 18.50000000000000355, 2.000000000000000000, 7.000000000000000000 ) ) ;
#5578 = VERTEX_POINT ( 'NONE', #3981 ) ;
#5579 = DIRECTION ( 'NONE',  ( -0.000000000000000000, -1.000000000000000000, -2.569960705150826877E-16 ) ) ;
#5580 = DIRECTION ( 'NONE',  ( -0.000000000000000000, 0.000000000000000000, 1.000000000000000000 ) ) ;
#5581 = VECTOR ( 'NONE', #2103, 1000.000000000000000 ) ;
#5582 = ORIENTED_EDGE ( 'NONE', *, *, #1684, .T. ) ;
#5583 = DIRECTION ( 'NONE',  ( 0.000000000000000000, 1.000000000000000000, 2.478176394252580648E-16 ) ) ;
#5584 = LINE ( 'NONE', #6137, #4055 ) ;
#5585 = VECTOR ( 'NONE', #1023, 1000.000000000000000 ) ;
#5586 = VECTOR ( 'NONE', #1064, 1000.000000000000000 ) ;
#5587 = EDGE_CURVE ( 'NONE', #529, #4802, #4378, .T. ) ;
#5588 = LINE ( 'NONE', #2006, #2497 ) ;
#5589 = LINE ( 'NONE', #2171, #2732 ) ;
#5590 = CARTESIAN_POINT ( 'NONE',  ( 69.75388744962558008, 93.49999999999998579, 6.000000000000000000 ) ) ;
#5591 = AXIS2_PLACEMENT_3D ( 'NONE', #5599, #3485, #5012 ) ;
#5592 = CARTESIAN_POINT ( 'NONE',  ( 60.99999999999997158, 63.50000000000000000, 4.999999999999997335 ) ) ;
#5593 = ORIENTED_EDGE ( 'NONE', *, *, #4440, .T. ) ;
#5594 = CARTESIAN_POINT ( 'NONE',  ( -9.249999999999998224, 99.24999999999998579, 0.000000000000000000 ) ) ;
#5595 = ADVANCED_FACE ( 'NONE', ( #1471 ), #6424, .T. ) ;
#5596 = CARTESIAN_POINT ( 'NONE',  ( -3.499999999999998224, 93.50000000000000000, 25.10000000000000142 ) ) ;
#5597 = ORIENTED_EDGE ( 'NONE', *, *, #2287, .T. ) ;
#5598 = DIRECTION ( 'NONE',  ( 0.000000000000000000, 0.000000000000000000, -1.000000000000000000 ) ) ;
#5599 = CARTESIAN_POINT ( 'NONE',  ( 58.99999999999999289, 8.749999999999996447, 8.249999999999994671 ) ) ;
#5600 = VERTEX_POINT ( 'NONE', #4855 ) ;
#5601 = ORIENTED_EDGE ( 'NONE', *, *, #6400, .T. ) ;
#5602 = VERTEX_POINT ( 'NONE', #407 ) ;
#5603 = DIRECTION ( 'NONE',  ( 0.000000000000000000, 0.000000000000000000, 1.000000000000000000 ) ) ;
#5604 = CARTESIAN_POINT ( 'NONE',  ( -9.249999999999998224, 99.24999999999998579, 0.7500000000000006661 ) ) ;
#5605 = ORIENTED_EDGE ( 'NONE', *, *, #2582, .T. ) ;
#5606 = CARTESIAN_POINT ( 'NONE',  ( 1.753887449625599837, 93.50000000000004263, 0.000000000000000000 ) ) ;
#5607 = DIRECTION ( 'NONE',  ( 0.000000000000000000, 0.000000000000000000, -1.000000000000000000 ) ) ;
#5608 = EDGE_LOOP ( 'NONE', ( #4238, #2614, #1691, #2893, #5988, #51 ) ) ;
#5609 = CARTESIAN_POINT ( 'NONE',  ( 57.99999999999997868, 99.24999999999998579, 25.10000000000000142 ) ) ;
#5610 = DIRECTION ( 'NONE',  ( -1.000000000000000000, 0.000000000000000000, 0.000000000000000000 ) ) ;
#5611 = VECTOR ( 'NONE', #5603, 1000.000000000000000 ) ;
#5612 = AXIS2_PLACEMENT_3D ( 'NONE', #3712, #5204, #1794 ) ;
#5613 = VERTEX_POINT ( 'NONE', #4638 ) ;
#5614 = VECTOR ( 'NONE', #762, 1000.000000000000000 ) ;
#5615 = DIRECTION ( 'NONE',  ( -1.000000000000000000, 0.000000000000000000, 0.000000000000000000 ) ) ;
#5616 = VECTOR ( 'NONE', #2704, 1000.000000000000000 ) ;
#5617 = LINE ( 'NONE', #309, #1354 ) ;
#5618 = EDGE_CURVE ( 'NONE', #4874, #1298, #989, .T. ) ;
#5619 = DIRECTION ( 'NONE',  ( 1.000000000000000000, -1.521687259628778569E-17, 0.000000000000000000 ) ) ;
#5620 = CARTESIAN_POINT ( 'NONE',  ( 0.000000000000000000, 0.000000000000000000, 30.10000000000000142 ) ) ;
#5621 = DIRECTION ( 'NONE',  ( 1.067522139062645741E-15, 1.000000000000000000, 0.000000000000000000 ) ) ;
#5622 = ORIENTED_EDGE ( 'NONE', *, *, #811, .T. ) ;
#5623 = DIRECTION ( 'NONE',  ( 0.000000000000000000, -0.000000000000000000, 1.000000000000000000 ) ) ;
#5624 = EDGE_CURVE ( 'NONE', #5572, #74, #1058, .T. ) ;
#5625 = DIRECTION ( 'NONE',  ( -1.541976423090495633E-16, 1.000000000000000000, -1.192622389734055124E-16 ) ) ;
#5626 = VERTEX_POINT ( 'NONE', #3527 ) ;
#5627 = CARTESIAN_POINT ( 'NONE',  ( 60.99999999999999289, 9.000000000000001776, 8.249999999999994671 ) ) ;
#5628 = CARTESIAN_POINT ( 'NONE',  ( 60.99999999999998579, 31.49999999999999289, 8.250000000000001776 ) ) ;
#5629 = EDGE_CURVE ( 'NONE', #5472, #1362, #2590, .T. ) ;
#5630 = ORIENTED_EDGE ( 'NONE', *, *, #2685, .T. ) ;
#5631 = VERTEX_POINT ( 'NONE', #1643 ) ;
#5632 = ORIENTED_EDGE ( 'NONE', *, *, #6326, .F. ) ;
#5633 = FACE_OUTER_BOUND ( 'NONE', #1889, .T. ) ;
#5634 = DIRECTION ( 'NONE',  ( 0.000000000000000000, 1.000000000000000000, 0.000000000000000000 ) ) ;
#5635 = VERTEX_POINT ( 'NONE', #4611 ) ;
#5636 = EDGE_CURVE ( 'NONE', #1838, #2452, #4120, .T. ) ;
#5637 = DIRECTION ( 'NONE',  ( 0.000000000000000000, 0.000000000000000000, 1.000000000000000000 ) ) ;
#5638 = AXIS2_PLACEMENT_3D ( 'NONE', #4698, #4642, #4670 ) ;
#5639 = DIRECTION ( 'NONE',  ( -0.000000000000000000, 0.000000000000000000, 1.000000000000000000 ) ) ;
#5640 = ORIENTED_EDGE ( 'NONE', *, *, #3229, .T. ) ;
#5641 = EDGE_CURVE ( 'NONE', #5537, #2786, #2518, .T. ) ;
#5642 = VECTOR ( 'NONE', #2334, 1000.000000000000000 ) ;
#5643 = PLANE ( 'NONE',  #5638 ) ;
#5644 = DIRECTION ( 'NONE',  ( -1.045014142154702998E-16, -0.000000000000000000, -1.000000000000000000 ) ) ;
#5645 = VECTOR ( 'NONE', #5221, 1000.000000000000000 ) ;
#5646 = ORIENTED_EDGE ( 'NONE', *, *, #5783, .T. ) ;
#5647 = LINE ( 'NONE', #1192, #656 ) ;
#5648 = ADVANCED_BREP_SHAPE_REPRESENTATION ( 'PI_REM_BOTTOM_REVB', ( #3831, #2567 ), #3917 ) ;
#5649 = CARTESIAN_POINT ( 'NONE',  ( 58.99999999999998579, 65.00000000000000000, 7.000000000000000000 ) ) ;
#5650 = EDGE_CURVE ( 'NONE', #4143, #3657, #3629, .T. ) ;
#5651 = CARTESIAN_POINT ( 'NONE',  ( 1.059515723019681291E-13, 99.25000000000004263, 0.7500000000000000000 ) ) ;
#5652 = ORIENTED_EDGE ( 'NONE', *, *, #1486, .T. ) ;
#5653 = CARTESIAN_POINT ( 'NONE',  ( 0.000000000000000000, 0.000000000000000000, 6.000000000000000000 ) ) ;
#5654 = EDGE_CURVE ( 'NONE', #6087, #5824, #3617, .T. ) ;
#5655 = AXIS2_PLACEMENT_3D ( 'NONE', #5310, #4816, #2345 ) ;
#5656 = DIRECTION ( 'NONE',  ( 0.000000000000000000, -0.000000000000000000, 1.000000000000000000 ) ) ;
#5657 = ORIENTED_EDGE ( 'NONE', *, *, #4132, .F. ) ;
#5658 = DIRECTION ( 'NONE',  ( 1.000000000000000000, 0.000000000000000000, 0.000000000000000000 ) ) ;
#5659 = EDGE_CURVE ( 'NONE', #2512, #5635, #5121, .T. ) ;
#5660 = VERTEX_POINT ( 'NONE', #4540 ) ;
#5661 = ORIENTED_EDGE ( 'NONE', *, *, #3083, .F. ) ;
#5662 = DIRECTION ( 'NONE',  ( -0.000000000000000000, 0.000000000000000000, -1.000000000000000000 ) ) ;
#5663 = DIRECTION ( 'NONE',  ( 0.000000000000000000, -0.000000000000000000, 1.000000000000000000 ) ) ;
#5664 = EDGE_CURVE ( 'NONE', #2587, #1250, #4084, .T. ) ;
#5665 = ORIENTED_EDGE ( 'NONE', *, *, #1130, .T. ) ;
#5666 = LINE ( 'NONE', #1305, #4641 ) ;
#5667 = DIRECTION ( 'NONE',  ( -1.000000000000000000, -5.337610695313253357E-16, 0.000000000000000000 ) ) ;
#5668 = ORIENTED_EDGE ( 'NONE', *, *, #1417, .F. ) ;
#5669 = AXIS2_PLACEMENT_3D ( 'NONE', #3586, #5533, #2090 ) ;
#5670 = FACE_OUTER_BOUND ( 'NONE', #919, .T. ) ;
#5671 = EDGE_CURVE ( 'NONE', #3571, #5510, #4958, .T. ) ;
#5672 = LINE ( 'NONE', #1214, #4986 ) ;
#5673 = ORIENTED_EDGE ( 'NONE', *, *, #2204, .T. ) ;
#5674 = EDGE_LOOP ( 'NONE', ( #6147, #5136, #1747, #6039 ) ) ;
#5675 = CARTESIAN_POINT ( 'NONE',  ( 18.50000000000000000, 4.000000000000000000, 7.000000000000000000 ) ) ;
#5676 = LOCAL_TIME ( 19, 19, 7.000000000000000000, #3869 ) ;
#5677 = DIRECTION ( 'NONE',  ( -0.000000000000000000, -1.000000000000000000, -0.000000000000000000 ) ) ;
#5678 = AXIS2_PLACEMENT_3D ( 'NONE', #2942, #1902, #2874 ) ;
#5679 = LINE ( 'NONE', #5898, #3749 ) ;
#5680 = ORIENTED_EDGE ( 'NONE', *, *, #4690, .T. ) ;
#5681 = CARTESIAN_POINT ( 'NONE',  ( 61.00521059585909001, 8.749999999999980460, 25.10000000000000142 ) ) ;
#5682 = CARTESIAN_POINT ( 'NONE',  ( 70.24999999999998579, 87.75000000000000000, 43.48477631085023631 ) ) ;
#5683 = VERTEX_POINT ( 'NONE', #604 ) ;
#5684 = CIRCLE ( 'NONE', #93, 2.300000000000000711 ) ;
#5685 = DIRECTION ( 'NONE',  ( -0.000000000000000000, -0.000000000000000000, 1.000000000000000000 ) ) ;
#5686 = ORIENTED_EDGE ( 'NONE', *, *, #3729, .F. ) ;
#5687 = ORIENTED_EDGE ( 'NONE', *, *, #6195, .F. ) ;
#5688 = AXIS2_PLACEMENT_3D ( 'NONE', #988, #472, #1992 ) ;
#5689 = CARTESIAN_POINT ( 'NONE',  ( 70.24999999999998579, 99.99999999999997158, 0.7500000000000000000 ) ) ;
#5690 = FACE_OUTER_BOUND ( 'NONE', #3038, .T. ) ;
#5691 = EDGE_LOOP ( 'NONE', ( #389, #662, #4002 ) ) ;
#5692 = PLANE ( 'NONE',  #2020 ) ;
#5693 = LINE ( 'NONE', #6181, #1948 ) ;
#5694 = VERTEX_POINT ( 'NONE', #188 ) ;
#5695 = ADVANCED_FACE ( 'NONE', ( #2161 ), #4150, .F. ) ;
#5696 = VERTEX_POINT ( 'NONE', #3662 ) ;
#5697 = DIRECTION ( 'NONE',  ( -8.068481283613058260E-17, 1.000000000000000000, 0.000000000000000000 ) ) ;
#5698 = DIRECTION ( 'NONE',  ( 0.000000000000000000, 0.000000000000000000, -1.000000000000000000 ) ) ;
#5699 = DIRECTION ( 'NONE',  ( 1.000000000000000000, 0.000000000000000000, 0.000000000000000000 ) ) ;
#5700 = EDGE_LOOP ( 'NONE', ( #3714, #1123, #6379, #5605 ) ) ;
#5701 = EDGE_CURVE ( 'NONE', #1116, #102, #6127, .T. ) ;
#5702 = VERTEX_POINT ( 'NONE', #4051 ) ;
#5703 = DIRECTION ( 'NONE',  ( 0.000000000000000000, 1.000000000000000000, 2.775557561562891844E-16 ) ) ;
#5704 = VECTOR ( 'NONE', #4982, 1000.000000000000000 ) ;
#5705 = DIRECTION ( 'NONE',  ( -1.000000000000000000, 0.000000000000000000, -1.779203565104417868E-16 ) ) ;
#5706 = AXIS2_PLACEMENT_3D ( 'NONE', #4732, #5218, #3762 ) ;
#5707 = EDGE_CURVE ( 'NONE', #5694, #2786, #4617, .T. ) ;
#5708 = AXIS2_PLACEMENT_3D ( 'NONE', #511, #5935, #3989 ) ;
#5709 = ADVANCED_FACE ( 'NONE', ( #6030 ), #3172, .F. ) ;
#5710 = LINE ( 'NONE', #4133, #5714 ) ;
#5711 = ORIENTED_EDGE ( 'NONE', *, *, #2652, .F. ) ;
#5712 = VECTOR ( 'NONE', #3871, 1000.000000000000000 ) ;
#5713 = DIRECTION ( 'NONE',  ( -0.000000000000000000, 0.000000000000000000, 1.000000000000000000 ) ) ;
#5714 = VECTOR ( 'NONE', #5131, 1000.000000000000000 ) ;
#5715 = DIRECTION ( 'NONE',  ( -1.000000000000000000, 0.000000000000000000, 0.000000000000000000 ) ) ;
#5716 = EDGE_LOOP ( 'NONE', ( #3091, #1597, #6274, #2054, #4085, #3366, #4651, #5268, #970, #1324, #5768, #2716, #6121, #3878, #1501, #6287, #1422, #3742, #2238, #4697, #929, #15 ) ) ;
#5717 = DIRECTION ( 'NONE',  ( 0.000000000000000000, 0.000000000000000000, -1.000000000000000000 ) ) ;
#5718 = ORIENTED_EDGE ( 'NONE', *, *, #2925, .T. ) ;
#5719 = VERTEX_POINT ( 'NONE', #3107 ) ;
#5720 = DATE_TIME_ROLE ( 'creation_date' ) ;
#5721 = DIRECTION ( 'NONE',  ( -1.000000000000000000, -1.541976423090495633E-16, -0.000000000000000000 ) ) ;
#5722 = ADVANCED_FACE ( 'NONE', ( #5090 ), #6094, .F. ) ;
#5723 = CARTESIAN_POINT ( 'NONE',  ( 0.000000000000000000, 0.000000000000000000, 7.000000000000000000 ) ) ;
#5724 = VERTEX_POINT ( 'NONE', #1339 ) ;
#5725 = LINE ( 'NONE', #695, #687 ) ;
#5726 = LINE ( 'NONE', #1209, #4239 ) ;
#5727 = VERTEX_POINT ( 'NONE', #2710 ) ;
#5728 = ADVANCED_FACE ( 'NONE', ( #5241 ), #1797, .F. ) ;
#5729 = ORIENTED_EDGE ( 'NONE', *, *, #5783, .F. ) ;
#5730 = DIRECTION ( 'NONE',  ( 0.000000000000000000, 0.000000000000000000, -1.000000000000000000 ) ) ;
#5731 = DIRECTION ( 'NONE',  ( 0.000000000000000000, 0.000000000000000000, -1.000000000000000000 ) ) ;
#5732 = ADVANCED_FACE ( 'NONE', ( #6214 ), #3750, .F. ) ;
#5733 = LINE ( 'NONE', #1806, #3747 ) ;
#5734 = PLANE ( 'NONE',  #1349 ) ;
#5735 = LINE ( 'NONE', #1655, #4655 ) ;
#5736 = EDGE_LOOP ( 'NONE', ( #6206, #3769, #5863, #4896 ) ) ;
#5737 = EDGE_CURVE ( 'NONE', #5660, #165, #304, .T. ) ;
#5738 = VERTEX_POINT ( 'NONE', #3717 ) ;
#5739 = DIRECTION ( 'NONE',  ( -0.000000000000000000, -0.000000000000000000, -1.000000000000000000 ) ) ;
#5740 = CIRCLE ( 'NONE', #2524, 0.7499999999999997780 ) ;
#5741 = LINE ( 'NONE', #4157, #1385 ) ;
#5742 = EDGE_CURVE ( 'NONE', #1428, #4499, #5693, .T. ) ;
#5743 = VECTOR ( 'NONE', #6048, 1000.000000000000000 ) ;
#5744 = FACE_OUTER_BOUND ( 'NONE', #3283, .T. ) ;
#5745 = ORIENTED_EDGE ( 'NONE', *, *, #1400, .F. ) ;
#5746 = PLANE ( 'NONE',  #3772 ) ;
#5747 = PLANE ( 'NONE',  #4616 ) ;
#5748 = ORIENTED_EDGE ( 'NONE', *, *, #2169, .F. ) ;
#5749 = EDGE_CURVE ( 'NONE', #4006, #297, #2737, .T. ) ;
#5750 = CARTESIAN_POINT ( 'NONE',  ( 58.99999999999998579, 64.99999999999998579, 12.99999999999999645 ) ) ;
#5751 = ORIENTED_EDGE ( 'NONE', *, *, #2688, .F. ) ;
#5752 = ORIENTED_EDGE ( 'NONE', *, *, #890, .F. ) ;
#5753 = ORIENTED_EDGE ( 'NONE', *, *, #5227, .F. ) ;
#5754 = CARTESIAN_POINT ( 'NONE',  ( -3.499999999999998224, 93.50000000000000000, 0.000000000000000000 ) ) ;
#5755 = CYLINDRICAL_SURFACE ( 'NONE', #4169, 6.000000000000000000 ) ;
#5756 = CYLINDRICAL_SURFACE ( 'NONE', #2805, 0.7500000000000006661 ) ;
#5757 = ORIENTED_EDGE ( 'NONE', *, *, #2655, .T. ) ;
#5758 = CARTESIAN_POINT ( 'NONE',  ( -6.126943724812807801, 98.04999999999998295, 0.000000000000000000 ) ) ;
#5759 = AXIS2_PLACEMENT_3D ( 'NONE', #2669, #1230, #3186 ) ;
#5760 = DIRECTION ( 'NONE',  ( 1.000000000000000000, 0.000000000000000000, 0.000000000000000000 ) ) ;
#5761 = ORIENTED_EDGE ( 'NONE', *, *, #3142, .F. ) ;
#5762 = ORIENTED_EDGE ( 'NONE', *, *, #4383, .F. ) ;
#5763 = DIRECTION ( 'NONE',  ( 0.000000000000000000, -0.000000000000000000, -1.000000000000000000 ) ) ;
#5764 = DIRECTION ( 'NONE',  ( 1.000000000000000000, 0.000000000000000000, 0.000000000000000000 ) ) ;
#5765 = CARTESIAN_POINT ( 'NONE',  ( 1.999999999999999556, 63.50000000000000000, 7.000000000000000000 ) ) ;
#5766 = DIRECTION ( 'NONE',  ( -0.000000000000000000, 9.376883653928686624E-16, 1.000000000000000000 ) ) ;
#5767 = CARTESIAN_POINT ( 'NONE',  ( 10.00000000000000000, 2.000000000000000000, 16.00000000000000000 ) ) ;
#5768 = ORIENTED_EDGE ( 'NONE', *, *, #3616, .F. ) ;
#5769 = AXIS2_PLACEMENT_3D ( 'NONE', #3390, #915, #1369 ) ;
#5770 = VERTEX_POINT ( 'NONE', #2768 ) ;
#5771 = DIRECTION ( 'NONE',  ( -1.957931771489248420E-16, 0.000000000000000000, 1.000000000000000000 ) ) ;
#5772 = LINE ( 'NONE', #3891, #4294 ) ;
#5773 = DIRECTION ( 'NONE',  ( 0.5000000000000063283, -0.8660254037844350439, 0.000000000000000000 ) ) ;
#5774 = EDGE_CURVE ( 'NONE', #2846, #2482, #2283, .T. ) ;
#5775 = ORIENTED_EDGE ( 'NONE', *, *, #4755, .F. ) ;
#5776 = PLANE ( 'NONE',  #1076 ) ;
#5777 = CARTESIAN_POINT ( 'NONE',  ( 67.12694372481280425, -8.049999999999991829, 0.000000000000000000 ) ) ;
#5778 = ORIENTED_EDGE ( 'NONE', *, *, #1684, .F. ) ;
#5779 = DIRECTION ( 'NONE',  ( -0.000000000000000000, -1.000000000000000000, -0.000000000000000000 ) ) ;
#5780 = CC_DESIGN_APPROVAL ( #4525, ( #1660 ) ) ;
#5781 = FACE_OUTER_BOUND ( 'NONE', #1811, .T. ) ;
#5782 = VERTEX_POINT ( 'NONE', #4304 ) ;
#5783 = EDGE_CURVE ( 'NONE', #3858, #442, #3291, .T. ) ;
#5784 = EDGE_LOOP ( 'NONE', ( #3790, #3781, #5444, #2814 ) ) ;
#5785 = CARTESIAN_POINT ( 'NONE',  ( 71.00000000000000000, -9.249999999999998224, 25.10000000000000142 ) ) ;
#5786 = VECTOR ( 'NONE', #673, 1000.000000000000000 ) ;
#5787 = CARTESIAN_POINT ( 'NONE',  ( 61.87305627518719575, -8.049999999999993605, 6.000000000000000000 ) ) ;
#5788 = AXIS2_PLACEMENT_3D ( 'NONE', #4582, #3049, #6071 ) ;
#5789 = ORIENTED_EDGE ( 'NONE', *, *, #1583, .F. ) ;
#5790 = DIRECTION ( 'NONE',  ( -6.672013369141566696E-17, -1.000000000000000000, 0.000000000000000000 ) ) ;
#5791 = CARTESIAN_POINT ( 'NONE',  ( -9.249999999999998224, 87.00000000000000000, 25.10000000000000142 ) ) ;
#5792 = VERTEX_POINT ( 'NONE', #6248 ) ;
#5793 = VECTOR ( 'NONE', #3908, 1000.000000000000000 ) ;
#5794 = ORIENTED_EDGE ( 'NONE', *, *, #2240, .T. ) ;
#5795 = LINE ( 'NONE', #3294, #496 ) ;
#5796 = CARTESIAN_POINT ( 'NONE',  ( 58.99999999999997158, 84.99999999999998579, 5.000000000000000000 ) ) ;
#5797 = DIRECTION ( 'NONE',  ( -1.000000000000000000, 1.650895163447427369E-16, 0.000000000000000000 ) ) ;
#5798 = DIRECTION ( 'NONE',  ( -1.000000000000000000, 0.000000000000000000, 0.000000000000000000 ) ) ;
#5799 = ORIENTED_EDGE ( 'NONE', *, *, #3633, .T. ) ;
#5800 = VERTEX_POINT ( 'NONE', #3194 ) ;
#5801 = LINE ( 'NONE', #3271, #3567 ) ;
#5802 = CARTESIAN_POINT ( 'NONE',  ( 58.99999999999998579, 18.24999999999999289, 11.94999999999999751 ) ) ;
#5803 = CARTESIAN_POINT ( 'NONE',  ( 64.50000000000000000, -3.500000000000000000, 0.000000000000000000 ) ) ;
#5804 = CARTESIAN_POINT ( 'NONE',  ( 70.68933982822017015, 3.000000000000000000, 7.051379093030740663E-16 ) ) ;
#5805 = EDGE_CURVE ( 'NONE', #6425, #4006, #5176, .T. ) ;
#5806 = CIRCLE ( 'NONE', #3535, 0.7500000000000000000 ) ;
#5807 = CARTESIAN_POINT ( 'NONE',  ( -5.800000000000018474, -3.499999999999998668, 6.000000000000000000 ) ) ;
#5808 = VERTEX_POINT ( 'NONE', #2248 ) ;
#5809 = CARTESIAN_POINT ( 'NONE',  ( 22.15000000000000213, 88.00000000000000000, 8.500000000000000000 ) ) ;
#5810 = VECTOR ( 'NONE', #4455, 1000.000000000000000 ) ;
#5811 = VECTOR ( 'NONE', #2631, 1000.000000000000000 ) ;
#5812 = CYLINDRICAL_SURFACE ( 'NONE', #5517, 2.299999999999996270 ) ;
#5813 = ORIENTED_EDGE ( 'NONE', *, *, #3639, .F. ) ;
#5814 = EDGE_CURVE ( 'NONE', #5149, #1615, #5277, .T. ) ;
#5815 = ORIENTED_EDGE ( 'NONE', *, *, #4314, .T. ) ;
#5816 = PERSON_AND_ORGANIZATION_ROLE ( 'creator' ) ;
#5817 = DIRECTION ( 'NONE',  ( -1.000000000000000000, 0.000000000000000000, 0.000000000000000000 ) ) ;
#5818 = CARTESIAN_POINT ( 'NONE',  ( 3.000000000000001332, 87.99999999999998579, 0.000000000000000000 ) ) ;
#5819 = ORIENTED_EDGE ( 'NONE', *, *, #2744, .F. ) ;
#5820 = AXIS2_PLACEMENT_3D ( 'NONE', #5365, #3028, #2506 ) ;
#5821 = CARTESIAN_POINT ( 'NONE',  ( -1.249000902703301266E-14, 80.99999999999998579, 2.000000000000000444 ) ) ;
#5822 = ADVANCED_FACE ( 'NONE', ( #5207 ), #3688, .T. ) ;
#5823 = FACE_OUTER_BOUND ( 'NONE', #570, .T. ) ;
#5824 = VERTEX_POINT ( 'NONE', #5791 ) ;
#5825 = ORIENTED_EDGE ( 'NONE', *, *, #904, .F. ) ;
#5826 = EDGE_CURVE ( 'NONE', #4423, #4529, #1759, .T. ) ;
#5827 = CARTESIAN_POINT ( 'NONE',  ( -4.934324553889582082E-15, 31.99999999999997158, 13.00000000000000888 ) ) ;
#5828 = LINE ( 'NONE', #1374, #5811 ) ;
#5829 = CARTESIAN_POINT ( 'NONE',  ( 57.99999999999999289, -9.999999999999998224, 0.7500000000000006661 ) ) ;
#5830 = EDGE_CURVE ( 'NONE', #1051, #401, #5726, .T. ) ;
#5831 = DIRECTION ( 'NONE',  ( 0.000000000000000000, 1.000000000000000000, -0.000000000000000000 ) ) ;
#5832 = ORIENTED_EDGE ( 'NONE', *, *, #2918, .F. ) ;
#5833 = EDGE_CURVE ( 'NONE', #3303, #1787, #5684, .T. ) ;
#5834 = ORIENTED_EDGE ( 'NONE', *, *, #3047, .T. ) ;
#5835 = LINE ( 'NONE', #315, #2209 ) ;
#5836 = DIRECTION ( 'NONE',  ( -1.734723475976807094E-15, 1.000000000000000000, 0.000000000000000000 ) ) ;
#5837 = AXIS2_PLACEMENT_3D ( 'NONE', #865, #1907, #1284 ) ;
#5838 = LINE ( 'NONE', #6329, #1844 ) ;
#5839 = DIRECTION ( 'NONE',  ( 1.000000000000000000, 0.000000000000000000, 8.896017825522089339E-17 ) ) ;
#5840 = AXIS2_PLACEMENT_3D ( 'NONE', #969, #838, #388 ) ;
#5841 = CIRCLE ( 'NONE', #247, 0.7500000000000002220 ) ;
#5842 = LINE ( 'NONE', #1912, #2313 ) ;
#5843 = ORIENTED_EDGE ( 'NONE', *, *, #4877, .T. ) ;
#5844 = LINE ( 'NONE', #1850, #3377 ) ;
#5845 = VECTOR ( 'NONE', #4963, 1000.000000000000000 ) ;
#5846 = EDGE_CURVE ( 'NONE', #4358, #3141, #4667, .T. ) ;
#5847 = CARTESIAN_POINT ( 'NONE',  ( 58.99999999999999289, 88.00000000000000000, 25.10000000000000142 ) ) ;
#5848 = EDGE_LOOP ( 'NONE', ( #4532, #2580, #3007, #2304, #561 ) ) ;
#5849 = LINE ( 'NONE', #4331, #4845 ) ;
#5850 = CARTESIAN_POINT ( 'NONE',  ( -1.310679959626920933E-14, 84.99999999999997158, 5.000000000000000000 ) ) ;
#5851 = LINE ( 'NONE', #2438, #3739 ) ;
#5852 = EDGE_LOOP ( 'NONE', ( #4056, #1663, #338, #513, #691 ) ) ;
#5853 = CARTESIAN_POINT ( 'NONE',  ( 37.50000000000000000, 4.000000000000000000, 2.499999999999998668 ) ) ;
#5854 = LINE ( 'NONE', #2442, #4752 ) ;
#5855 = ORIENTED_EDGE ( 'NONE', *, *, #6389, .T. ) ;
#5856 = ORIENTED_EDGE ( 'NONE', *, *, #2855, .F. ) ;
#5857 = EDGE_CURVE ( 'NONE', #1328, #2901, #294, .T. ) ;
#5858 = LINE ( 'NONE', #4340, #3214 ) ;
#5859 = DIRECTION ( 'NONE',  ( -0.000000000000000000, -0.000000000000000000, 1.000000000000000000 ) ) ;
#5860 = VECTOR ( 'NONE', #1487, 1000.000000000000000 ) ;
#5861 = DIRECTION ( 'NONE',  ( 1.000000000000000000, 0.000000000000000000, 0.000000000000000000 ) ) ;
#5862 = PLANE ( 'NONE',  #5372 ) ;
#5863 = ORIENTED_EDGE ( 'NONE', *, *, #5969, .T. ) ;
#5864 = ORIENTED_EDGE ( 'NONE', *, *, #3519, .T. ) ;
#5865 = CARTESIAN_POINT ( 'NONE',  ( 60.99999999999997158, 80.99999999999998579, 12.99999999999999822 ) ) ;
#5866 = EDGE_CURVE ( 'NONE', #2702, #4837, #722, .T. ) ;
#5867 = LINE ( 'NONE', #1415, #6130 ) ;
#5868 = DIRECTION ( 'NONE',  ( -1.000000000000000000, -0.000000000000000000, -0.000000000000000000 ) ) ;
#5869 = DIRECTION ( 'NONE',  ( -0.000000000000000000, -0.000000000000000000, 1.000000000000000000 ) ) ;
#5870 = CARTESIAN_POINT ( 'NONE',  ( -5.204170427930421283E-15, 33.50000000000000000, 5.000000000000001776 ) ) ;
#5871 = ORIENTED_EDGE ( 'NONE', *, *, #1341, .F. ) ;
#5872 = CARTESIAN_POINT ( 'NONE',  ( 57.99999999999999289, 2.000000000000000000, 30.10000000000000142 ) ) ;
#5873 = ORIENTED_EDGE ( 'NONE', *, *, #949, .F. ) ;
#5874 = ORIENTED_EDGE ( 'NONE', *, *, #4244, .F. ) ;
#5875 = ORIENTED_EDGE ( 'NONE', *, *, #1718, .F. ) ;
#5876 = CALENDAR_DATE ( 2026, 10, 10 ) ;
#5877 = LINE ( 'NONE', #461, #6230 ) ;
#5878 = LINE ( 'NONE', #1431, #4804 ) ;
#5879 = VERTEX_POINT ( 'NONE', #883 ) ;
#5880 = AXIS2_PLACEMENT_3D ( 'NONE', #5022, #571, #2517 ) ;
#5881 = LINE ( 'NONE', #3420, #1500 ) ;
#5882 = CARTESIAN_POINT ( 'NONE',  ( 60.99999999999997158, 80.99999999999998579, 15.99999999999999645 ) ) ;
#5883 = ORIENTED_EDGE ( 'NONE', *, *, #1416, .F. ) ;
#5884 = ORIENTED_EDGE ( 'NONE', *, *, #4280, .F. ) ;
#5885 = AXIS2_PLACEMENT_3D ( 'NONE', #4551, #3504, #5488 ) ;
#5886 = VECTOR ( 'NONE', #2362, 1000.000000000000000 ) ;
#5887 = DIRECTION ( 'NONE',  ( 1.000000000000000000, 0.000000000000000000, 0.000000000000000000 ) ) ;
#5888 = EDGE_CURVE ( 'NONE', #4819, #1630, #3847, .T. ) ;
#5889 = PLANE ( 'NONE',  #4011 ) ;
#5890 = DIRECTION ( 'NONE',  ( 0.8660254037844420383, -0.4999999999999943934, 0.000000000000000000 ) ) ;
#5891 = AXIS2_PLACEMENT_3D ( 'NONE', #4408, #6386, #406 ) ;
#5892 = CARTESIAN_POINT ( 'NONE',  ( 1.999999999999987121, 84.99999999999997158, 5.000000000000000000 ) ) ;
#5893 = EDGE_CURVE ( 'NONE', #1525, #4936, #466, .T. ) ;
#5894 = VERTEX_POINT ( 'NONE', #1952 ) ;
#5895 = LINE ( 'NONE', #6427, #5535 ) ;
#5896 = PLANE ( 'NONE',  #5097 ) ;
#5897 = EDGE_CURVE ( 'NONE', #1729, #3141, #5854, .T. ) ;
#5898 = CARTESIAN_POINT ( 'NONE',  ( 22.15000000000000213, 88.00000000000000000, 25.10000000000000497 ) ) ;
#5899 = DIRECTION ( 'NONE',  ( -0.000000000000000000, 0.000000000000000000, 1.000000000000000000 ) ) ;
#5900 = EDGE_CURVE ( 'NONE', #1884, #3840, #4914, .T. ) ;
#5901 = FACE_OUTER_BOUND ( 'NONE', #4873, .T. ) ;
#5902 = ORIENTED_EDGE ( 'NONE', *, *, #4079, .F. ) ;
#5903 = LINE ( 'NONE', #3382, #575 ) ;
#5904 = ADVANCED_FACE ( 'NONE', ( #1892 ), #3421, .T. ) ;
#5905 = CARTESIAN_POINT ( 'NONE',  ( 4.250000000000000000, 88.00000000000000000, 25.10000000000000142 ) ) ;
#5906 = ORIENTED_EDGE ( 'NONE', *, *, #3047, .F. ) ;
#5907 = FACE_OUTER_BOUND ( 'NONE', #6434, .T. ) ;
#5908 = ORIENTED_EDGE ( 'NONE', *, *, #1112, .F. ) ;
#5909 = CARTESIAN_POINT ( 'NONE',  ( 22.50000000000000000, 0.000000000000000000, 2.000000000000000000 ) ) ;
#5910 = DIRECTION ( 'NONE',  ( -1.000000000000000000, -0.000000000000000000, -0.000000000000000000 ) ) ;
#5911 = VERTEX_POINT ( 'NONE', #6413 ) ;
#5912 = CIRCLE ( 'NONE', #316, 0.7500000000000006661 ) ;
#5913 = DIRECTION ( 'NONE',  ( 1.000000000000000000, 1.541976423090495633E-16, 1.783268467025148642E-33 ) ) ;
#5914 = CIRCLE ( 'NONE', #6338, 2.299999999999996270 ) ;
#5915 = VECTOR ( 'NONE', #1841, 1000.000000000000000 ) ;
#5916 = FACE_OUTER_BOUND ( 'NONE', #3033, .T. ) ;
#5917 = ORIENTED_EDGE ( 'NONE', *, *, #2432, .F. ) ;
#5918 = ORIENTED_EDGE ( 'NONE', *, *, #4306, .T. ) ;
#5919 = VECTOR ( 'NONE', #3870, 1000.000000000000000 ) ;
#5920 = DIRECTION ( 'NONE',  ( 1.734723475976807094E-15, -1.000000000000000000, 0.000000000000000000 ) ) ;
#5921 = PLANE ( 'NONE',  #3171 ) ;
#5922 = ORIENTED_EDGE ( 'NONE', *, *, #5437, .F. ) ;
#5923 = FACE_OUTER_BOUND ( 'NONE', #4337, .T. ) ;
#5924 = CARTESIAN_POINT ( 'NONE',  ( 64.49999999999997158, 93.49999999999998579, 0.000000000000000000 ) ) ;
#5925 = VERTEX_POINT ( 'NONE', #3940 ) ;
#5926 = EDGE_CURVE ( 'NONE', #3055, #3279, #492, .T. ) ;
#5927 = ADVANCED_FACE ( 'NONE', ( #5916 ), #3456, .F. ) ;
#5928 = ADVANCED_FACE ( 'NONE', ( #1924 ), #981, .T. ) ;
#5929 = DIRECTION ( 'NONE',  ( 4.180056568618811498E-16, 0.000000000000000000, -1.000000000000000000 ) ) ;
#5930 = CARTESIAN_POINT ( 'NONE',  ( -1.249000902703301266E-14, 80.99999999999998579, 5.000000000000000888 ) ) ;
#5931 = EDGE_CURVE ( 'NONE', #3292, #3070, #3391, .T. ) ;
#5932 = DIRECTION ( 'NONE',  ( 1.000000000000000000, 2.312964634635743450E-16, 0.000000000000000000 ) ) ;
#5933 = DIRECTION ( 'NONE',  ( -0.5000000000000000000, 0.8660254037844385966, 0.000000000000000000 ) ) ;
#5934 = ADVANCED_FACE ( 'NONE', ( #400 ), #3972, .F. ) ;
#5935 = DIRECTION ( 'NONE',  ( 1.541976423090495633E-16, -1.000000000000000000, 1.445602896647339508E-15 ) ) ;
#5936 = CARTESIAN_POINT ( 'NONE',  ( 1.999999999999999556, 2.000000000000000888, 2.000000000000000000 ) ) ;
#5937 = ORIENTED_EDGE ( 'NONE', *, *, #6293, .T. ) ;
#5938 = AXIS2_PLACEMENT_3D ( 'NONE', #383, #2357, #3791 ) ;
#5939 = CARTESIAN_POINT ( 'NONE',  ( -1.658829323902822770E-15, 9.000000000000003553, 2.000000000000000000 ) ) ;
#5940 = AXIS2_PLACEMENT_3D ( 'NONE', #3093, #5078, #2639 ) ;
#5941 = DIRECTION ( 'NONE',  ( 1.000000000000000000, 0.000000000000000000, 0.000000000000000000 ) ) ;
#5942 = ORIENTED_EDGE ( 'NONE', *, *, #3310, .F. ) ;
#5943 = CARTESIAN_POINT ( 'NONE',  ( 58.99999999999998579, 45.00000000000000000, 25.10000000000000142 ) ) ;
#5944 = VERTEX_POINT ( 'NONE', #4884 ) ;
#5945 = FACE_OUTER_BOUND ( 'NONE', #3314, .T. ) ;
#5946 = EDGE_CURVE ( 'NONE', #6233, #6224, #4369, .T. ) ;
#5947 = LINE ( 'NONE', #5430, #4681 ) ;
#5948 = ORIENTED_EDGE ( 'NONE', *, *, #1112, .T. ) ;
#5949 = VECTOR ( 'NONE', #736, 1000.000000000000000 ) ;
#5950 = CARTESIAN_POINT ( 'NONE',  ( -4.934324553889583660E-15, 31.99999999999997868, 16.00000000000000711 ) ) ;
#5951 = DIRECTION ( 'NONE',  ( 0.000000000000000000, 0.000000000000000000, -1.000000000000000000 ) ) ;
#5952 = VERTEX_POINT ( 'NONE', #852 ) ;
#5953 = ORIENTED_EDGE ( 'NONE', *, *, #2453, .T. ) ;
#5954 = CARTESIAN_POINT ( 'NONE',  ( -6.000000000000000888, 3.000000000000000000, 25.10000000000000142 ) ) ;
#5955 = LINE ( 'NONE', #4947, #3491 ) ;
#5956 = ORIENTED_EDGE ( 'NONE', *, *, #5151, .F. ) ;
#5957 = FACE_OUTER_BOUND ( 'NONE', #3487, .T. ) ;
#5958 = DIRECTION ( 'NONE',  ( 0.000000000000000000, 1.000000000000000000, 0.000000000000000000 ) ) ;
#5959 = ORIENTED_EDGE ( 'NONE', *, *, #2455, .F. ) ;
#5960 = CIRCLE ( 'NONE', #6085, 5.999999999999998224 ) ;
#5961 = LINE ( 'NONE', #56, #5216 ) ;
#5962 = CARTESIAN_POINT ( 'NONE',  ( 57.99999999999905498, -5.999996627290109075, 30.10000000000000142 ) ) ;
#5963 = CARTESIAN_POINT ( 'NONE',  ( 1.753887449625596284, 93.50000000000004263, -0.000000000000000000 ) ) ;
#5964 = FACE_OUTER_BOUND ( 'NONE', #6324, .T. ) ;
#5965 = DIRECTION ( 'NONE',  ( 0.000000000000000000, 0.000000000000000000, -1.000000000000000000 ) ) ;
#5966 = LINE ( 'NONE', #4026, #3671 ) ;
#5967 = ORIENTED_EDGE ( 'NONE', *, *, #5742, .T. ) ;
#5968 = DIRECTION ( 'NONE',  ( -0.000000000000000000, -0.000000000000000000, -1.000000000000000000 ) ) ;
#5969 = EDGE_CURVE ( 'NONE', #4949, #4261, #3925, .T. ) ;
#5970 = VECTOR ( 'NONE', #4881, 1000.000000000000000 ) ;
#5971 = DIRECTION ( 'NONE',  ( 0.000000000000000000, 0.000000000000000000, -1.000000000000000000 ) ) ;
#5972 = ORIENTED_EDGE ( 'NONE', *, *, #5257, .F. ) ;
#5973 = CARTESIAN_POINT ( 'NONE',  ( 4.000000000000000000, 32.00000000000000000, 2.000000000000000000 ) ) ;
#5974 = ORIENTED_EDGE ( 'NONE', *, *, #5814, .F. ) ;
#5975 = SHAPE_DEFINITION_REPRESENTATION ( #1713, #5648 ) ;
#5976 = CARTESIAN_POINT ( 'NONE',  ( 29.71995838912544485, 2.000000000000000000, 20.00000000000000000 ) ) ;
#5977 = DIRECTION ( 'NONE',  ( -0.000000000000000000, 0.000000000000000000, 1.000000000000000000 ) ) ;
#5978 = VERTEX_POINT ( 'NONE', #5882 ) ;
#5979 = FACE_OUTER_BOUND ( 'NONE', #1673, .T. ) ;
#5980 = LINE ( 'NONE', #4630, #3406 ) ;
#5981 = EDGE_LOOP ( 'NONE', ( #3010, #458, #4563, #2769 ) ) ;
#5982 = ADVANCED_FACE ( 'NONE', ( #369 ), #6313, .T. ) ;
#5983 = ORIENTED_EDGE ( 'NONE', *, *, #1208, .T. ) ;
#5984 = ORIENTED_EDGE ( 'NONE', *, *, #1060, .T. ) ;
#5985 = CARTESIAN_POINT ( 'NONE',  ( 70.24999999999998579, 99.24999999999997158, 25.10000000000000142 ) ) ;
#5986 = LOCAL_TIME ( 19, 19, 7.000000000000000000, #3935 ) ;
#5987 = CARTESIAN_POINT ( 'NONE',  ( 0.000000000000000000, 0.000000000000000000, 25.10000000000000142 ) ) ;
#5988 = ORIENTED_EDGE ( 'NONE', *, *, #4212, .T. ) ;
#5989 = ADVANCED_FACE ( 'NONE', ( #5823 ), #3363, .T. ) ;
#5990 = DIRECTION ( 'NONE',  ( 0.000000000000000000, -0.000000000000000000, 1.000000000000000000 ) ) ;
#5991 = CARTESIAN_POINT ( 'NONE',  ( 66.99999999999998579, 80.99999999999998579, 2.000000000000000000 ) ) ;
#5992 = ORIENTED_EDGE ( 'NONE', *, *, #1995, .T. ) ;
#5993 = VECTOR ( 'NONE', #5248, 1000.000000000000227 ) ;
#5994 = CARTESIAN_POINT ( 'NONE',  ( -9.249999999999998224, 99.99999999999998579, 0.7500000000000006661 ) ) ;
#5995 = VECTOR ( 'NONE', #5214, 1000.000000000000000 ) ;
#5996 = CARTESIAN_POINT ( 'NONE',  ( -9.250000000000015987, 3.000000000000000000, 25.10000000000000142 ) ) ;
#5997 = VECTOR ( 'NONE', #1377, 1000.000000000000000 ) ;
#5998 = CARTESIAN_POINT ( 'NONE',  ( -8.753887449625612049, -3.500000000000000444, 0.000000000000000000 ) ) ;
#5999 = DIRECTION ( 'NONE',  ( 0.000000000000000000, -0.000000000000000000, -1.000000000000000000 ) ) ;
#6000 = DIRECTION ( 'NONE',  ( 0.000000000000000000, 0.000000000000000000, 1.000000000000000000 ) ) ;
#6001 = FACE_OUTER_BOUND ( 'NONE', #3916, .T. ) ;
#6002 = VERTEX_POINT ( 'NONE', #6348 ) ;
#6003 = LINE ( 'NONE', #139, #1942 ) ;
#6004 = EDGE_CURVE ( 'NONE', #640, #4529, #6378, .T. ) ;
#6005 = CARTESIAN_POINT ( 'NONE',  ( 58.99999999999999289, 8.750000000000005329, 25.10000000000000142 ) ) ;
#6006 = EDGE_CURVE ( 'NONE', #1884, #2267, #5499, .T. ) ;
#6007 = VERTEX_POINT ( 'NONE', #4042 ) ;
#6008 = CARTESIAN_POINT ( 'NONE',  ( 0.000000000000000000, 0.000000000000000000, 0.000000000000000000 ) ) ;
#6009 = VERTEX_POINT ( 'NONE', #2510 ) ;
#6010 = EDGE_CURVE ( 'NONE', #3919, #2961, #1743, .T. ) ;
#6011 = APPROVAL_ROLE ( '' ) ;
#6012 = CARTESIAN_POINT ( 'NONE',  ( 56.99999999999997868, 32.00000000000000711, 2.000000000000000000 ) ) ;
#6013 = FACE_OUTER_BOUND ( 'NONE', #372, .T. ) ;
#6014 = ORIENTED_EDGE ( 'NONE', *, *, #4608, .T. ) ;
#6015 = VECTOR ( 'NONE', #1139, 1000.000000000000000 ) ;
#6016 = CARTESIAN_POINT ( 'NONE',  ( -6.000000000000015987, 80.99999999999998579, 13.00000000000000178 ) ) ;
#6017 = LINE ( 'NONE', #148, #1128 ) ;
#6018 = ORIENTED_EDGE ( 'NONE', *, *, #1517, .T. ) ;
#6019 = EDGE_CURVE ( 'NONE', #3965, #6157, #6017, .T. ) ;
#6020 = ORIENTED_EDGE ( 'NONE', *, *, #4193, .T. ) ;
#6021 = ORIENTED_EDGE ( 'NONE', *, *, #533, .F. ) ;
#6022 = PLANE ( 'NONE',  #632 ) ;
#6023 = AXIS2_PLACEMENT_3D ( 'NONE', #6252, #790, #5764 ) ;
#6024 = LINE ( 'NONE', #4081, #3433 ) ;
#6025 = ADVANCED_FACE ( 'NONE', ( #1049 ), #45, .F. ) ;
#6026 = ORIENTED_EDGE ( 'NONE', *, *, #3156, .T. ) ;
#6027 = AXIS2_PLACEMENT_3D ( 'NONE', #4999, #4583, #2596 ) ;
#6028 = VECTOR ( 'NONE', #3922, 1000.000000000000227 ) ;
#6029 = LINE ( 'NONE', #1507, #1639 ) ;
#6030 = FACE_OUTER_BOUND ( 'NONE', #3400, .T. ) ;
#6031 = VERTEX_POINT ( 'NONE', #2019 ) ;
#6032 = VECTOR ( 'NONE', #3561, 1000.000000000000000 ) ;
#6033 = EDGE_CURVE ( 'NONE', #5062, #2696, #5482, .T. ) ;
#6034 = VECTOR ( 'NONE', #761, 1000.000000000000000 ) ;
#6035 = LINE ( 'NONE', #5478, #549 ) ;
#6036 = VECTOR ( 'NONE', #1815, 1000.000000000000000 ) ;
#6037 = EDGE_CURVE ( 'NONE', #1034, #1187, #1532, .T. ) ;
#6038 = DIRECTION ( 'NONE',  ( -1.000000000000000000, 0.000000000000000000, 0.000000000000000000 ) ) ;
#6039 = ORIENTED_EDGE ( 'NONE', *, *, #5897, .T. ) ;
#6040 = CARTESIAN_POINT ( 'NONE',  ( 36.49999999999997868, 88.00000000000000000, 25.10000000000000142 ) ) ;
#6041 = DIRECTION ( 'NONE',  ( 1.000000000000000000, 2.641432261515886551E-15, 0.000000000000000000 ) ) ;
#6042 = PLANE ( 'NONE',  #6135 ) ;
#6043 = CARTESIAN_POINT ( 'NONE',  ( 4.250000000000000000, 88.00000000000000000, 8.500000000000000000 ) ) ;
#6044 = EDGE_LOOP ( 'NONE', ( #4191, #5105, #3597, #1465, #1559, #4716, #1763, #4195, #3094, #4541, #321, #313, #151, #5341, #2301, #6049, #393, #974, #694, #845, #1750, #4497, #5370, #2222, #827, #424, #1741, #2127, #3474, #2443, #4173, #4632 ) ) ;
#6045 = FACE_OUTER_BOUND ( 'NONE', #370, .T. ) ;
#6046 = DIRECTION ( 'NONE',  ( -1.000000000000000000, -1.541976423090495633E-16, -0.000000000000000000 ) ) ;
#6047 = EDGE_LOOP ( 'NONE', ( #1195, #4779, #6175, #4224, #3511, #1720, #5142, #1485, #4906, #5752, #3258, #5217 ) ) ;
#6048 = DIRECTION ( 'NONE',  ( -0.000000000000000000, -0.000000000000000000, -1.000000000000000000 ) ) ;
#6049 = ORIENTED_EDGE ( 'NONE', *, *, #1486, .F. ) ;
#6050 = LINE ( 'NONE', #4136, #3669 ) ;
#6051 = ORIENTED_EDGE ( 'NONE', *, *, #663, .T. ) ;
#6052 = CARTESIAN_POINT ( 'NONE',  ( 56.99999999999997868, 88.00000000000000000, 8.500000000000000000 ) ) ;
#6053 = EDGE_CURVE ( 'NONE', #2021, #5911, #4141, .T. ) ;
#6054 = FACE_OUTER_BOUND ( 'NONE', #941, .T. ) ;
#6055 = AXIS2_PLACEMENT_3D ( 'NONE', #2660, #2630, #3668 ) ;
#6056 = ORIENTED_EDGE ( 'NONE', *, *, #5390, .T. ) ;
#6057 = ORIENTED_EDGE ( 'NONE', *, *, #1611, .F. ) ;
#6058 = ORIENTED_EDGE ( 'NONE', *, *, #6019, .T. ) ;
#6059 = CARTESIAN_POINT ( 'NONE',  ( 70.25000000000000000, -9.249999999999998224, 0.7500000000000006661 ) ) ;
#6060 = LINE ( 'NONE', #2619, #2707 ) ;
#6061 = ORIENTED_EDGE ( 'NONE', *, *, #271, .T. ) ;
#6062 = VECTOR ( 'NONE', #5419, 1000.000000000000000 ) ;
#6063 = CARTESIAN_POINT ( 'NONE',  ( 58.99999999999997158, 84.99999999999998579, 12.99999999999999822 ) ) ;
#6064 = DIRECTION ( 'NONE',  ( -0.000000000000000000, 0.000000000000000000, 1.000000000000000000 ) ) ;
#6065 = ORIENTED_EDGE ( 'NONE', *, *, #2449, .T. ) ;
#6066 = EDGE_CURVE ( 'NONE', #345, #955, #6119, .T. ) ;
#6067 = LINE ( 'NONE', #2227, #3119 ) ;
#6068 = FACE_OUTER_BOUND ( 'NONE', #2308, .T. ) ;
#6069 = ORIENTED_EDGE ( 'NONE', *, *, #1810, .F. ) ;
#6070 = ADVANCED_FACE ( 'NONE', ( #4005 ), #1146, .F. ) ;
#6071 = DIRECTION ( 'NONE',  ( 0.000000000000000000, 0.000000000000000000, -1.000000000000000000 ) ) ;
#6072 = DIRECTION ( 'NONE',  ( 0.000000000000000000, 0.000000000000000000, -1.000000000000000000 ) ) ;
#6073 = DESIGN_CONTEXT ( 'detailed design', #6320, 'design' ) ;
#6074 = DIRECTION ( 'NONE',  ( -1.541976423090495633E-16, 1.000000000000000000, -2.312964634635742957E-16 ) ) ;
#6075 = DIRECTION ( 'NONE',  ( 0.000000000000000000, -1.000000000000000000, 2.312964634635743450E-16 ) ) ;
#6076 = VECTOR ( 'NONE', #3930, 1000.000000000000000 ) ;
#6077 = DIRECTION ( 'NONE',  ( -1.000000000000000000, -2.312964634635743450E-16, 0.000000000000000000 ) ) ;
#6078 = LINE ( 'NONE', #4591, #2072 ) ;
#6079 = EDGE_LOOP ( 'NONE', ( #5906, #3076, #4724, #984 ) ) ;
#6080 = FACE_OUTER_BOUND ( 'NONE', #1650, .T. ) ;
#6081 = VERTEX_POINT ( 'NONE', #2543 ) ;
#6082 = LINE ( 'NONE', #4072, #2944 ) ;
#6083 = ORIENTED_EDGE ( 'NONE', *, *, #2086, .F. ) ;
#6084 = DIRECTION ( 'NONE',  ( 1.000000000000000000, -0.000000000000000000, 0.000000000000000000 ) ) ;
#6085 = AXIS2_PLACEMENT_3D ( 'NONE', #3259, #4785, #5146 ) ;
#6086 = DIRECTION ( 'NONE',  ( 0.000000000000000000, 0.000000000000000000, -1.000000000000000000 ) ) ;
#6087 = VERTEX_POINT ( 'NONE', #3000 ) ;
#6088 = ORIENTED_EDGE ( 'NONE', *, *, #147, .T. ) ;
#6089 = ORIENTED_EDGE ( 'NONE', *, *, #1961, .T. ) ;
#6090 = CARTESIAN_POINT ( 'NONE',  ( 0.000000000000000000, 4.000000000000000000, 2.000000000000000000 ) ) ;
#6091 = LINE ( 'NONE', #1640, #2495 ) ;
#6092 = ORIENTED_EDGE ( 'NONE', *, *, #6099, .F. ) ;
#6093 = DIRECTION ( 'NONE',  ( -0.000000000000000000, 0.000000000000000000, 1.000000000000000000 ) ) ;
#6094 = CYLINDRICAL_SURFACE ( 'NONE', #2682, 6.000000000000005329 ) ;
#6095 = ORIENTED_EDGE ( 'NONE', *, *, #851, .F. ) ;
#6096 = EDGE_CURVE ( 'NONE', #757, #4743, #1635, .T. ) ;
#6097 = FACE_BOUND ( 'NONE', #2200, .T. ) ;
#6098 = DIRECTION ( 'NONE',  ( -1.000000000000000000, -0.000000000000000000, -0.000000000000000000 ) ) ;
#6099 = EDGE_CURVE ( 'NONE', #2117, #205, #3587, .T. ) ;
#6100 = VECTOR ( 'NONE', #5990, 1000.000000000000000 ) ;
#6101 = ORIENTED_EDGE ( 'NONE', *, *, #5618, .F. ) ;
#6102 = EDGE_CURVE ( 'NONE', #529, #379, #661, .T. ) ;
#6103 = CARTESIAN_POINT ( 'NONE',  ( 69.75388744962559429, -3.499999999999999556, 6.000000000000000000 ) ) ;
#6104 = VECTOR ( 'NONE', #3371, 1000.000000000000000 ) ;
#6105 = VECTOR ( 'NONE', #5427, 1000.000000000000000 ) ;
#6106 = CARTESIAN_POINT ( 'NONE',  ( -1.200000000000017497, -3.499999999999999112, 0.000000000000000000 ) ) ;
#6107 = FACE_OUTER_BOUND ( 'NONE', #1981, .T. ) ;
#6108 = EDGE_CURVE ( 'NONE', #6031, #5613, #4978, .T. ) ;
#6109 = LINE ( 'NONE', #5590, #1739 ) ;
#6110 = AXIS2_PLACEMENT_3D ( 'NONE', #1238, #5667, #818 ) ;
#6111 = CARTESIAN_POINT ( 'NONE',  ( 51.99999999999998579, 90.00000000000000000, 8.500000000000000000 ) ) ;
#6112 = ORIENTED_EDGE ( 'NONE', *, *, #927, .T. ) ;
#6113 = EDGE_CURVE ( 'NONE', #1020, #3069, #5980, .T. ) ;
#6114 = CARTESIAN_POINT ( 'NONE',  ( 56.99999999999997868, 92.68337520964459486, 25.10000000000000497 ) ) ;
#6115 = CARTESIAN_POINT ( 'NONE',  ( 36.49999999999998579, 90.00000000000000000, 8.499999999999998224 ) ) ;
#6116 = ORIENTED_EDGE ( 'NONE', *, *, #2925, .F. ) ;
#6117 = EDGE_CURVE ( 'NONE', #3001, #1298, #178, .T. ) ;
#6118 = DIRECTION ( 'NONE',  ( 0.000000000000000000, 0.000000000000000000, -1.000000000000000000 ) ) ;
#6119 = LINE ( 'NONE', #5047, #3199 ) ;
#6120 = EDGE_LOOP ( 'NONE', ( #2178, #2703, #1855, #30, #2911, #4766, #1106, #2624, #5543, #3773, #2758, #4370, #2017, #3308 ) ) ;
#6121 = ORIENTED_EDGE ( 'NONE', *, *, #6265, .F. ) ;
#6122 = ORIENTED_EDGE ( 'NONE', *, *, #4826, .T. ) ;
#6123 = DIRECTION ( 'NONE',  ( 1.000000000000000000, 0.000000000000000000, 0.000000000000000000 ) ) ;
#6124 = DIRECTION ( 'NONE',  ( 0.000000000000000000, 0.000000000000000000, -1.000000000000000000 ) ) ;
#6125 = ORIENTED_EDGE ( 'NONE', *, *, #3639, .T. ) ;
#6126 = DIRECTION ( 'NONE',  ( 0.000000000000000000, 0.000000000000000000, -1.000000000000000000 ) ) ;
#6127 = LINE ( 'NONE', #2063, #3819 ) ;
#6128 = ORIENTED_EDGE ( 'NONE', *, *, #1301, .T. ) ;
#6129 = LINE ( 'NONE', #759, #2418 ) ;
#6130 = VECTOR ( 'NONE', #3376, 1000.000000000000000 ) ;
#6131 = CARTESIAN_POINT ( 'NONE',  ( 1.999999999999986677, 87.99999999999998579, 2.000000000000000000 ) ) ;
#6132 = VECTOR ( 'NONE', #3198, 1000.000000000000000 ) ;
#6133 = ADVANCED_FACE ( 'NONE', ( #3066 ), #527, .F. ) ;
#6134 = EDGE_LOOP ( 'NONE', ( #3354, #4363, #3041, #1590 ) ) ;
#6135 = AXIS2_PLACEMENT_3D ( 'NONE', #3084, #5521, #6000 ) ;
#6136 = ADVANCED_FACE ( 'NONE', ( #6054 ), #113, .T. ) ;
#6137 = CARTESIAN_POINT ( 'NONE',  ( 1.999999999999987121, 84.99999999999997158, 5.000000000000000000 ) ) ;
#6138 = DIRECTION ( 'NONE',  ( 3.469446951953613696E-16, -1.000000000000000000, -0.000000000000000000 ) ) ;
#6139 = EDGE_CURVE ( 'NONE', #3663, #2318, #1542, .T. ) ;
#6140 = FACE_OUTER_BOUND ( 'NONE', #4910, .T. ) ;
#6141 = EDGE_CURVE ( 'NONE', #2546, #3159, #1176, .T. ) ;
#6142 = ORIENTED_EDGE ( 'NONE', *, *, #5337, .F. ) ;
#6143 = DIRECTION ( 'NONE',  ( -1.000000000000000000, 0.000000000000000000, -0.000000000000000000 ) ) ;
#6144 = DIRECTION ( 'NONE',  ( -0.000000000000000000, -0.000000000000000000, -1.000000000000000000 ) ) ;
#6145 = ORIENTED_EDGE ( 'NONE', *, *, #2611, .F. ) ;
#6146 = LINE ( 'NONE', #206, #261 ) ;
#6147 = ORIENTED_EDGE ( 'NONE', *, *, #728, .T. ) ;
#6148 = EDGE_LOOP ( 'NONE', ( #4043, #3358 ) ) ;
#6149 = EDGE_CURVE ( 'NONE', #493, #165, #688, .T. ) ;
#6150 = ORIENTED_EDGE ( 'NONE', *, *, #542, .F. ) ;
#6151 = CARTESIAN_POINT ( 'NONE',  ( 70.25000000000000000, 0.000000000000000000, -0.000000000000000000 ) ) ;
#6152 = CARTESIAN_POINT ( 'NONE',  ( 56.99999999999997868, 63.50000000000000000, 7.000000000000000000 ) ) ;
#6153 = ORIENTED_EDGE ( 'NONE', *, *, #6033, .T. ) ;
#6154 = LINE ( 'NONE', #1676, #2556 ) ;
#6155 = AXIS2_PLACEMENT_3D ( 'NONE', #2202, #5099, #1254 ) ;
#6156 = DIRECTION ( 'NONE',  ( 0.000000000000000000, 1.000000000000000000, 0.000000000000000000 ) ) ;
#6157 = VERTEX_POINT ( 'NONE', #5628 ) ;
#6158 = CIRCLE ( 'NONE', #660, 6.000000000000005329 ) ;
#6159 = DIRECTION ( 'NONE',  ( -0.5000000000000054401, 0.8660254037844354880, 0.000000000000000000 ) ) ;
#6160 = VECTOR ( 'NONE', #1876, 1000.000000000000000 ) ;
#6161 = CARTESIAN_POINT ( 'NONE',  ( 58.99999999999998579, 31.49999999999999289, 8.250000000000001776 ) ) ;
#6162 = AXIS2_PLACEMENT_3D ( 'NONE', #1101, #3116, #583 ) ;
#6163 = VERTEX_POINT ( 'NONE', #2873 ) ;
#6164 = LINE ( 'NONE', #5675, #5401 ) ;
#6165 = CARTESIAN_POINT ( 'NONE',  ( 22.50000000000000000, 2.000000000000000000, 2.499999999999998668 ) ) ;
#6166 = LINE ( 'NONE', #1715, #5196 ) ;
#6167 = ORIENTED_EDGE ( 'NONE', *, *, #3918, .T. ) ;
#6168 = CARTESIAN_POINT ( 'NONE',  ( 58.99999999999999289, 8.749999999999996447, 8.249999999999994671 ) ) ;
#6169 = AXIS2_PLACEMENT_3D ( 'NONE', #2641, #5685, #5658 ) ;
#6170 = LINE ( 'NONE', #1719, #3570 ) ;
#6171 = EDGE_LOOP ( 'NONE', ( #597, #327, #634, #1462 ) ) ;
#6172 = DIRECTION ( 'NONE',  ( 1.000000000000000000, -0.000000000000000000, -0.000000000000000000 ) ) ;
#6173 = EDGE_CURVE ( 'NONE', #3317, #1308, #2450, .T. ) ;
#6174 = VERTEX_POINT ( 'NONE', #2419 ) ;
#6175 = ORIENTED_EDGE ( 'NONE', *, *, #3954, .F. ) ;
#6176 = LINE ( 'NONE', #1726, #4996 ) ;
#6177 = CARTESIAN_POINT ( 'NONE',  ( -6.126943724812814906, -8.050000000000000711, 6.000000000000000000 ) ) ;
#6178 = ORIENTED_EDGE ( 'NONE', *, *, #2883, .T. ) ;
#6179 = DIRECTION ( 'NONE',  ( 0.000000000000000000, 0.000000000000000000, -1.000000000000000000 ) ) ;
#6180 = EDGE_CURVE ( 'NONE', #5096, #329, #377, .T. ) ;
#6181 = CARTESIAN_POINT ( 'NONE',  ( -1.200000000000001954, 93.50000000000000000, 0.000000000000000000 ) ) ;
#6182 = ORIENTED_EDGE ( 'NONE', *, *, #1515, .T. ) ;
#6183 = AXIS2_PLACEMENT_3D ( 'NONE', #3290, #1207, #1702 ) ;
#6184 = ORIENTED_EDGE ( 'NONE', *, *, #125, .T. ) ;
#6185 = ADVANCED_FACE ( 'NONE', ( #3396 ), #440, .F. ) ;
#6186 = LINE ( 'NONE', #2684, #5186 ) ;
#6187 = CARTESIAN_POINT ( 'NONE',  ( 51.99999999999997158, 90.00000000000000000, 0.000000000000000000 ) ) ;
#6188 = EDGE_CURVE ( 'NONE', #4874, #1427, #5318, .T. ) ;
#6189 = ORIENTED_EDGE ( 'NONE', *, *, #1601, .F. ) ;
#6190 = ORIENTED_EDGE ( 'NONE', *, *, #347, .F. ) ;
#6191 = CARTESIAN_POINT ( 'NONE',  ( 70.25000000000000000, -9.999999999999998224, 0.7500000000000006661 ) ) ;
#6192 = CARTESIAN_POINT ( 'NONE',  ( 51.00000000000000000, 0.000000000000000000, 20.00000000000000355 ) ) ;
#6193 = VECTOR ( 'NONE', #861, 1000.000000000000000 ) ;
#6194 = CARTESIAN_POINT ( 'NONE',  ( 1.999999999999990008, 64.99999999999997158, 13.00000000000000355 ) ) ;
#6195 = EDGE_CURVE ( 'NONE', #3909, #872, #2352, .T. ) ;
#6196 = VECTOR ( 'NONE', #1030, 1000.000000000000000 ) ;
#6197 = ORIENTED_EDGE ( 'NONE', *, *, #4351, .F. ) ;
#6198 = DIRECTION ( 'NONE',  ( 0.000000000000000000, 0.000000000000000000, -1.000000000000000000 ) ) ;
#6199 = LINE ( 'NONE', #1749, #2115 ) ;
#6200 = VERTEX_POINT ( 'NONE', #2484 ) ;
#6201 = VECTOR ( 'NONE', #2093, 1000.000000000000000 ) ;
#6202 = CYLINDRICAL_SURFACE ( 'NONE', #6169, 2.300000000000000266 ) ;
#6203 = ADVANCED_FACE ( 'NONE', ( #5923 ), #888, .F. ) ;
#6204 = ADVANCED_FACE ( 'NONE', ( #1439 ), #860, .F. ) ;
#6205 = EDGE_CURVE ( 'NONE', #3900, #5155, #4377, .T. ) ;
#6206 = ORIENTED_EDGE ( 'NONE', *, *, #193, .F. ) ;
#6207 = ORIENTED_EDGE ( 'NONE', *, *, #5171, .T. ) ;
#6208 = APPROVAL_STATUS ( 'not_yet_approved' ) ;
#6209 = DIRECTION ( 'NONE',  ( -1.541976423090495633E-16, 1.000000000000000000, -1.192622389734055124E-16 ) ) ;
#6210 = CARTESIAN_POINT ( 'NONE',  ( 0.000000000000000000, 0.000000000000000000, 7.000000000000000000 ) ) ;
#6211 = ORIENTED_EDGE ( 'NONE', *, *, #4359, .F. ) ;
#6212 = CARTESIAN_POINT ( 'NONE',  ( 18.25000000000000355, 88.00000000000000000, 25.10000000000000142 ) ) ;
#6213 = ADVANCED_FACE ( 'NONE', ( #1959, #3463 ), #5442, .T. ) ;
#6214 = FACE_OUTER_BOUND ( 'NONE', #4940, .T. ) ;
#6215 = EDGE_LOOP ( 'NONE', ( #4487, #4379, #48, #4493, #2376 ) ) ;
#6216 = ORIENTED_EDGE ( 'NONE', *, *, #6205, .T. ) ;
#6217 = FACE_OUTER_BOUND ( 'NONE', #946, .T. ) ;
#6218 = EDGE_CURVE ( 'NONE', #3782, #1752, #2589, .T. ) ;
#6219 = CARTESIAN_POINT ( 'NONE',  ( -6.126943724812813130, 1.050000000000001377, 0.000000000000000000 ) ) ;
#6220 = LINE ( 'NONE', #1769, #129 ) ;
#6221 = CARTESIAN_POINT ( 'NONE',  ( -6.000000000000015987, 80.99999999999998579, 5.000000000000000888 ) ) ;
#6222 = CARTESIAN_POINT ( 'NONE',  ( 40.39999999999997726, 88.00000000000000000, 8.500000000000001776 ) ) ;
#6223 = ORIENTED_EDGE ( 'NONE', *, *, #4203, .F. ) ;
#6224 = VERTEX_POINT ( 'NONE', #2842 ) ;
#6225 = CARTESIAN_POINT ( 'NONE',  ( -6.126943724812814906, -8.050000000000000711, 6.000000000000000000 ) ) ;
#6226 = EDGE_CURVE ( 'NONE', #6200, #3253, #1930, .T. ) ;
#6227 = VECTOR ( 'NONE', #699, 1000.000000000000000 ) ;
#6228 = LINE ( 'NONE', #3272, #249 ) ;
#6229 = VECTOR ( 'NONE', #3471, 1000.000000000000000 ) ;
#6230 = VECTOR ( 'NONE', #2995, 1000.000000000000000 ) ;
#6231 = VECTOR ( 'NONE', #4516, 1000.000000000000000 ) ;
#6232 = LINE ( 'NONE', #4251, #1776 ) ;
#6233 = VERTEX_POINT ( 'NONE', #3370 ) ;
#6234 = AXIS2_PLACEMENT_3D ( 'NONE', #781, #5203, #2341 ) ;
#6235 = DIRECTION ( 'NONE',  ( -0.000000000000000000, -0.000000000000000000, -1.000000000000000000 ) ) ;
#6236 = AXIS2_PLACEMENT_3D ( 'NONE', #5651, #5191, #5621 ) ;
#6237 = CARTESIAN_POINT ( 'NONE',  ( -9.999999999999998224, 87.75000000000000000, 0.7500000000000006661 ) ) ;
#6238 = ORIENTED_EDGE ( 'NONE', *, *, #3249, .F. ) ;
#6239 = CARTESIAN_POINT ( 'NONE',  ( -1.492946391512539921E-14, 80.99999999999998579, 2.000000000000000000 ) ) ;
#6240 = EDGE_LOOP ( 'NONE', ( #1658, #2725, #6184, #4917 ) ) ;
#6241 = ORIENTED_EDGE ( 'NONE', *, *, #390, .T. ) ;
#6242 = ORIENTED_EDGE ( 'NONE', *, *, #2015, .T. ) ;
#6243 = CALENDAR_DATE ( 2026, 10, 10 ) ;
#6244 = CARTESIAN_POINT ( 'NONE',  ( 1.999999999999999112, 5.000000000000004441, 5.000000000000009770 ) ) ;
#6245 = LINE ( 'NONE', #2221, #3851 ) ;
#6246 = ORIENTED_EDGE ( 'NONE', *, *, #1479, .F. ) ;
#6247 = CARTESIAN_POINT ( 'NONE',  ( -9.250000000000017764, -9.249999999999998224, 0.7500000000000000000 ) ) ;
#6248 = CARTESIAN_POINT ( 'NONE',  ( 36.49999999999998579, 88.00000000000000000, 8.499999999999998224 ) ) ;
#6249 = ORIENTED_EDGE ( 'NONE', *, *, #4715, .T. ) ;
#6250 = EDGE_LOOP ( 'NONE', ( #221, #4981, #4405, #348, #682, #3589, #85, #4395, #4644, #1881, #2956, #443, #3967, #4618, #4806, #6088 ) ) ;
#6251 = CARTESIAN_POINT ( 'NONE',  ( 1.999999999999990008, 63.49999999999997158, 16.00000000000000355 ) ) ;
#6252 = CARTESIAN_POINT ( 'NONE',  ( 0.000000000000000000, 0.000000000000000000, 25.10000000000000142 ) ) ;
#6253 = DIRECTION ( 'NONE',  ( -1.000000000000000000, 0.000000000000000000, 0.000000000000000000 ) ) ;
#6254 = VECTOR ( 'NONE', #1742, 1000.000000000000000 ) ;
#6255 = CARTESIAN_POINT ( 'NONE',  ( 58.99999999999998579, 37.99999999999999289, 11.95000000000000462 ) ) ;
#6256 = FACE_OUTER_BOUND ( 'NONE', #213, .T. ) ;
#6257 = EDGE_CURVE ( 'NONE', #3775, #1886, #5377, .T. ) ;
#6258 = ORIENTED_EDGE ( 'NONE', *, *, #533, .T. ) ;
#6259 = EDGE_LOOP ( 'NONE', ( #2186, #3679, #3285, #290 ) ) ;
#6260 = FACE_OUTER_BOUND ( 'NONE', #5252, .T. ) ;
#6261 = AXIS2_PLACEMENT_3D ( 'NONE', #5682, #4711, #5715 ) ;
#6262 = CARTESIAN_POINT ( 'NONE',  ( 58.99999999999998579, 31.49999999999999289, 11.95000000000000284 ) ) ;
#6263 = CIRCLE ( 'NONE', #4295, 0.7500000000000006661 ) ;
#6264 = CC_DESIGN_PERSON_AND_ORGANIZATION_ASSIGNMENT ( #846, #5270, ( #4209 ) ) ;
#6265 = EDGE_CURVE ( 'NONE', #1669, #5487, #5346, .T. ) ;
#6266 = CARTESIAN_POINT ( 'NONE',  ( -1.527864045000428161, 84.99999999999997158, -18.38477631085023489 ) ) ;
#6267 = VERTEX_POINT ( 'NONE', #4467 ) ;
#6268 = FACE_OUTER_BOUND ( 'NONE', #2835, .T. ) ;
#6269 = DIRECTION ( 'NONE',  ( -0.000000000000000000, 0.000000000000000000, -1.000000000000000000 ) ) ;
#6270 = EDGE_LOOP ( 'NONE', ( #5983, #1435, #4625, #2668 ) ) ;
#6271 = CARTESIAN_POINT ( 'NONE',  ( -6.126943724812782932, 88.95000000000001705, 0.000000000000000000 ) ) ;
#6272 = VERTEX_POINT ( 'NONE', #20 ) ;
#6273 = ORIENTED_EDGE ( 'NONE', *, *, #390, .F. ) ;
#6274 = ORIENTED_EDGE ( 'NONE', *, *, #1408, .T. ) ;
#6275 = APPROVAL_STATUS ( 'not_yet_approved' ) ;
#6276 = CARTESIAN_POINT ( 'NONE',  ( 2.999999999999981792, -9.249999999999998224, 0.000000000000000000 ) ) ;
#6277 = PLANE ( 'NONE',  #1155 ) ;
#6278 = VERTEX_POINT ( 'NONE', #4892 ) ;
#6279 = DIRECTION ( 'NONE',  ( 1.000000000000000000, 0.000000000000000000, 0.000000000000000000 ) ) ;
#6280 = DIRECTION ( 'NONE',  ( 1.000000000000000000, 0.000000000000000000, 0.000000000000000000 ) ) ;
#6281 = ORIENTED_EDGE ( 'NONE', *, *, #354, .F. ) ;
#6282 = ORIENTED_EDGE ( 'NONE', *, *, #3361, .T. ) ;
#6283 = FACE_OUTER_BOUND ( 'NONE', #5736, .T. ) ;
#6284 = DIRECTION ( 'NONE',  ( -0.5000000000000001110, 0.8660254037844385966, 0.000000000000000000 ) ) ;
#6285 = FACE_OUTER_BOUND ( 'NONE', #2122, .T. ) ;
#6286 = CARTESIAN_POINT ( 'NONE',  ( -6.126943724812813130, 1.050000000000001377, 6.000000000000000000 ) ) ;
#6287 = ORIENTED_EDGE ( 'NONE', *, *, #3644, .F. ) ;
#6288 = VECTOR ( 'NONE', #5471, 1000.000000000000000 ) ;
#6289 = EDGE_CURVE ( 'NONE', #4952, #1116, #923, .T. ) ;
#6290 = ORIENTED_EDGE ( 'NONE', *, *, #5926, .F. ) ;
#6291 = CARTESIAN_POINT ( 'NONE',  ( -9.974659986866640793E-15, 63.50000000000000000, 5.000000000000001776 ) ) ;
#6292 = CARTESIAN_POINT ( 'NONE',  ( 1.999999999999999556, 32.00000000000000000, 7.000000000000000000 ) ) ;
#6293 = EDGE_CURVE ( 'NONE', #5096, #3873, #6321, .T. ) ;
#6294 = LINE ( 'NONE', #4801, #706 ) ;
#6295 = CARTESIAN_POINT ( 'NONE',  ( 22.50000000000000000, 2.000000000000000000, 13.00000000000000178 ) ) ;
#6296 = EDGE_CURVE ( 'NONE', #379, #951, #4920, .T. ) ;
#6297 = LINE ( 'NONE', #5870, #3466 ) ;
#6298 = ORIENTED_EDGE ( 'NONE', *, *, #2559, .T. ) ;
#6299 = DIRECTION ( 'NONE',  ( 0.000000000000000000, 1.000000000000000000, 0.000000000000000000 ) ) ;
#6300 = CC_DESIGN_SECURITY_CLASSIFICATION ( #2040, ( #1420 ) ) ;
#6301 = ADVANCED_FACE ( 'NONE', ( #3008 ), #3074, .F. ) ;
#6302 = CARTESIAN_POINT ( 'NONE',  ( -4.770489558936219510E-15, 32.00000000000000000, 5.000000000000001776 ) ) ;
#6303 = ORIENTED_EDGE ( 'NONE', *, *, #6188, .T. ) ;
#6304 = ORIENTED_EDGE ( 'NONE', *, *, #1612, .F. ) ;
#6305 = PERSON_AND_ORGANIZATION ( #2078, #4953 ) ;
#6306 = DIRECTION ( 'NONE',  ( -1.239088197126290817E-16, -0.000000000000000000, -1.000000000000000000 ) ) ;
#6307 = EDGE_CURVE ( 'NONE', #3778, #2245, #4015, .T. ) ;
#6308 = VECTOR ( 'NONE', #2599, 1000.000000000000000 ) ;
#6309 = CARTESIAN_POINT ( 'NONE',  ( -6.000000000000002665, 9.000000000000001776, 0.000000000000000000 ) ) ;
#6310 = VECTOR ( 'NONE', #2571, 1000.000000000000000 ) ;
#6311 = ORIENTED_EDGE ( 'NONE', *, *, #4584, .T. ) ;
#6312 = LINE ( 'NONE', #1045, #2032 ) ;
#6313 = PLANE ( 'NONE',  #2056 ) ;
#6314 = EDGE_CURVE ( 'NONE', #6278, #5800, #3595, .T. ) ;
#6315 = EDGE_LOOP ( 'NONE', ( #2174, #5164, #6197, #5918 ) ) ;
#6316 = VECTOR ( 'NONE', #3877, 1000.000000000000000 ) ;
#6317 = VERTEX_POINT ( 'NONE', #2551 ) ;
#6318 = LINE ( 'NONE', #340, #4364 ) ;
#6319 = DIRECTION ( 'NONE',  ( 0.000000000000000000, 0.000000000000000000, -1.000000000000000000 ) ) ;
#6320 = APPLICATION_CONTEXT ( 'configuration controlled 3d designs of mechanical parts and assemblies' ) ;
#6321 = LINE ( 'NONE', #959, #1224 ) ;
#6322 = FACE_OUTER_BOUND ( 'NONE', #1075, .T. ) ;
#6323 = ORIENTED_EDGE ( 'NONE', *, *, #5231, .F. ) ;
#6324 = EDGE_LOOP ( 'NONE', ( #1641, #5421, #3493, #1459, #3450, #4659, #2109, #1003, #3134, #1716, #2650, #1299 ) ) ;
#6325 = PLANE ( 'NONE',  #753 ) ;
#6326 = EDGE_CURVE ( 'NONE', #4228, #2761, #3039, .T. ) ;
#6327 = CARTESIAN_POINT ( 'NONE',  ( -9.791550286624644313E-15, 63.49999999999997158, 13.00000000000000533 ) ) ;
#6328 = ADVANCED_FACE ( 'NONE', ( #2061 ), #158, .T. ) ;
#6329 = CARTESIAN_POINT ( 'NONE',  ( 22.50000000000000000, 4.000000000000000000, 2.499999999999998668 ) ) ;
#6330 = LINE ( 'NONE', #2886, #5545 ) ;
#6331 = VECTOR ( 'NONE', #1219, 1000.000000000000000 ) ;
#6332 = EDGE_CURVE ( 'NONE', #4483, #1795, #4083, .T. ) ;
#6333 = CIRCLE ( 'NONE', #4775, 6.000000000000005329 ) ;
#6334 = CARTESIAN_POINT ( 'NONE',  ( 60.99999999999998579, 37.99999999999999289, 11.95000000000000462 ) ) ;
#6335 = ORIENTED_EDGE ( 'NONE', *, *, #1453, .T. ) ;
#6336 = CARTESIAN_POINT ( 'NONE',  ( 61.87305627518717444, 88.94999999999998863, 6.000000000000000000 ) ) ;
#6337 = EDGE_CURVE ( 'NONE', #685, #2627, #6029, .T. ) ;
#6338 = AXIS2_PLACEMENT_3D ( 'NONE', #977, #1920, #948 ) ;
#6339 = AXIS2_PLACEMENT_3D ( 'NONE', #2141, #2481, #2872 ) ;
#6340 = DIRECTION ( 'NONE',  ( 1.000000000000000000, 2.641432261515886551E-15, 0.000000000000000000 ) ) ;
#6341 = ORIENTED_EDGE ( 'NONE', *, *, #199, .F. ) ;
#6342 = VECTOR ( 'NONE', #1783, 1000.000000000000000 ) ;
#6343 = APPROVAL_ROLE ( '' ) ;
#6344 = LINE ( 'NONE', #813, #3338 ) ;
#6345 = DIRECTION ( 'NONE',  ( -0.000000000000000000, -0.000000000000000000, -1.000000000000000000 ) ) ;
#6346 = ORIENTED_EDGE ( 'NONE', *, *, #5654, .F. ) ;
#6347 = DIRECTION ( 'NONE',  ( 3.469446951953611033E-15, 1.000000000000000000, -0.000000000000000000 ) ) ;
#6348 = CARTESIAN_POINT ( 'NONE',  ( -9.249999999999998224, 99.99999999999998579, 25.10000000000000142 ) ) ;
#6349 = VECTOR ( 'NONE', #6401, 1000.000000000000000 ) ;
#6350 = EDGE_LOOP ( 'NONE', ( #5020, #5010, #2285, #4172 ) ) ;
#6351 = ADVANCED_FACE ( 'NONE', ( #1577, #3563, #2027 ), #5576, .T. ) ;
#6352 = ORIENTED_EDGE ( 'NONE', *, *, #4831, .F. ) ;
#6353 = CARTESIAN_POINT ( 'NONE',  ( 62.19999999999998153, 93.49999999999998579, 6.000000000000000000 ) ) ;
#6354 = DIRECTION ( 'NONE',  ( -0.000000000000000000, -1.000000000000000000, -0.000000000000000000 ) ) ;
#6355 = CARTESIAN_POINT ( 'NONE',  ( -9.249999999999998224, 99.24999999999998579, 0.7500000000000006661 ) ) ;
#6356 = FACE_OUTER_BOUND ( 'NONE', #19, .T. ) ;
#6357 = EDGE_LOOP ( 'NONE', ( #3478, #5112, #3326, #1666 ) ) ;
#6358 = EDGE_LOOP ( 'NONE', ( #4969, #5321, #3839, #1638 ) ) ;
#6359 = DIRECTION ( 'NONE',  ( 1.000000000000000000, 0.000000000000000000, 0.000000000000000000 ) ) ;
#6360 = CARTESIAN_POINT ( 'NONE',  ( 69.75388744962559429, -3.499999999999999556, 6.000000000000000000 ) ) ;
#6361 = AXIS2_PLACEMENT_3D ( 'NONE', #1545, #3531, #5513 ) ;
#6362 = DIRECTION ( 'NONE',  ( 0.000000000000000000, 0.000000000000000000, -1.000000000000000000 ) ) ;
#6363 = DIRECTION ( 'NONE',  ( -1.000000000000000000, -1.541976423090495633E-16, -0.000000000000000000 ) ) ;
#6364 = VECTOR ( 'NONE', #622, 1000.000000000000000 ) ;
#6365 = VECTOR ( 'NONE', #2458, 1000.000000000000000 ) ;
#6366 = DIRECTION ( 'NONE',  ( -1.000000000000000000, -1.541976423090495633E-16, -0.000000000000000000 ) ) ;
#6367 = ORIENTED_EDGE ( 'NONE', *, *, #233, .T. ) ;
#6368 = LINE ( 'NONE', #1941, #2957 ) ;
#6369 = AXIS2_PLACEMENT_3D ( 'NONE', #5158, #411, #2359 ) ;
#6370 = DIRECTION ( 'NONE',  ( 0.000000000000000000, 0.000000000000000000, 1.000000000000000000 ) ) ;
#6371 = EDGE_LOOP ( 'NONE', ( #3100, #1315, #5453, #3185 ) ) ;
#6372 = ORIENTED_EDGE ( 'NONE', *, *, #3242, .F. ) ;
#6373 = CARTESIAN_POINT ( 'NONE',  ( 62.52786404500040618, 84.99999999999998579, 5.000000000000000000 ) ) ;
#6374 = CARTESIAN_POINT ( 'NONE',  ( 16.99999999999999289, 2.000000000000000000, 7.000000000000000000 ) ) ;
#6375 = ADVANCED_FACE ( 'NONE', ( #1089 ), #3494, .F. ) ;
#6376 = ORIENTED_EDGE ( 'NONE', *, *, #5182, .F. ) ;
#6377 = PLANE ( 'NONE',  #66 ) ;
#6378 = LINE ( 'NONE', #5569, #3624 ) ;
#6379 = ORIENTED_EDGE ( 'NONE', *, *, #2015, .F. ) ;
#6380 = EDGE_LOOP ( 'NONE', ( #6167, #1405, #1283, #1210 ) ) ;
#6381 = PLANE ( 'NONE',  #1240 ) ;
#6382 = DIRECTION ( 'NONE',  ( -1.000000000000000000, 0.000000000000000000, 0.000000000000000000 ) ) ;
#6383 = EDGE_CURVE ( 'NONE', #5782, #3680, #5473, .T. ) ;
#6384 = AXIS2_PLACEMENT_3D ( 'NONE', #6336, #1423, #1360 ) ;
#6385 = EDGE_CURVE ( 'NONE', #3489, #3727, #2131, .T. ) ;
#6386 = DIRECTION ( 'NONE',  ( 2.312964634635743450E-16, -1.000000000000000000, 6.177056887751240565E-16 ) ) ;
#6387 = CARTESIAN_POINT ( 'NONE',  ( -1.310679959626920933E-14, 84.99999999999997158, 2.000000000000000000 ) ) ;
#6388 = ORIENTED_EDGE ( 'NONE', *, *, #741, .T. ) ;
#6389 = EDGE_CURVE ( 'NONE', #5613, #2402, #1540, .T. ) ;
#6390 = ORIENTED_EDGE ( 'NONE', *, *, #1761, .F. ) ;
#6391 = FACE_OUTER_BOUND ( 'NONE', #5141, .T. ) ;
#6392 = EDGE_CURVE ( 'NONE', #645, #1154, #4571, .T. ) ;
#6393 = FACE_BOUND ( 'NONE', #6357, .T. ) ;
#6394 = VECTOR ( 'NONE', #4458, 1000.000000000000000 ) ;
#6395 = LINE ( 'NONE', #2398, #6417 ) ;
#6396 = LINE ( 'NONE', #1447, #3467 ) ;
#6397 = LINE ( 'NONE', #3863, #1175 ) ;
#6398 = ORIENTED_EDGE ( 'NONE', *, *, #5737, .T. ) ;
#6399 = CARTESIAN_POINT ( 'NONE',  ( 58.99999999999999289, 2.000000000000000000, 25.10000000000000142 ) ) ;
#6400 = EDGE_CURVE ( 'NONE', #4633, #3182, #124, .T. ) ;
#6401 = DIRECTION ( 'NONE',  ( -1.000000000000000000, -1.541976423090495633E-16, -0.000000000000000000 ) ) ;
#6402 = ORIENTED_EDGE ( 'NONE', *, *, #1001, .F. ) ;
#6403 = CARTESIAN_POINT ( 'NONE',  ( 61.87305627518717444, 88.94999999999998863, 6.000000000000000000 ) ) ;
#6404 = ORIENTED_EDGE ( 'NONE', *, *, #2185, .T. ) ;
#6405 = DATE_AND_TIME ( #5876, #5986 ) ;
#6406 = CARTESIAN_POINT ( 'NONE',  ( 16.99999999999999645, 4.000000000000000000, 2.000000000000000000 ) ) ;
#6407 = DIRECTION ( 'NONE',  ( -0.000000000000000000, -0.000000000000000000, -1.000000000000000000 ) ) ;
#6408 = ORIENTED_EDGE ( 'NONE', *, *, #5219, .T. ) ;
#6409 = EDGE_CURVE ( 'NONE', #1757, #3657, #1613, .T. ) ;
#6410 = CARTESIAN_POINT ( 'NONE',  ( -1.170396245198101879E-14, 63.49999999999997158, 16.00000000000000711 ) ) ;
#6411 = EDGE_CURVE ( 'NONE', #4048, #5487, #4339, .T. ) ;
#6412 = ADVANCED_FACE ( 'NONE', ( #5957 ), #1021, .T. ) ;
#6413 = CARTESIAN_POINT ( 'NONE',  ( 1.753887449625599837, 93.50000000000004263, 6.000000000000000000 ) ) ;
#6414 = ORIENTED_EDGE ( 'NONE', *, *, #3924, .F. ) ;
#6415 = ORIENTED_EDGE ( 'NONE', *, *, #1618, .F. ) ;
#6416 = VECTOR ( 'NONE', #6064, 1000.000000000000000 ) ;
#6417 = VECTOR ( 'NONE', #4350, 1000.000000000000000 ) ;
#6418 = FACE_BOUND ( 'NONE', #6240, .T. ) ;
#6419 = FACE_OUTER_BOUND ( 'NONE', #1148, .T. ) ;
#6420 = ORIENTED_EDGE ( 'NONE', *, *, #2491, .F. ) ;
#6421 = ADVANCED_FACE ( 'NONE', ( #2861 ), #1266, .F. ) ;
#6422 = DIRECTION ( 'NONE',  ( -0.000000000000000000, -0.000000000000000000, 1.000000000000000000 ) ) ;
#6423 = AXIS2_PLACEMENT_3D ( 'NONE', #4601, #1114, #2124 ) ;
#6424 = PLANE ( 'NONE',  #1842 ) ;
#6425 = VERTEX_POINT ( 'NONE', #910 ) ;
#6426 = ADVANCED_FACE ( 'NONE', ( #1364 ), #3743, .T. ) ;
#6427 = CARTESIAN_POINT ( 'NONE',  ( 36.49999999999997868, 90.00000000000000000, 25.10000000000000142 ) ) ;
#6428 = DIRECTION ( 'NONE',  ( 0.000000000000000000, 1.000000000000000000, 0.000000000000000000 ) ) ;
#6429 = EDGE_CURVE ( 'NONE', #325, #665, #5849, .T. ) ;
#6430 = LINE ( 'NONE', #5518, #5586 ) ;
#6431 = CARTESIAN_POINT ( 'NONE',  ( -0.8730562751872202876, -8.050000000000000711, 6.000000000000000000 ) ) ;
#6432 = CARTESIAN_POINT ( 'NONE',  ( 58.99999999999998579, 18.24999999999999289, 11.94999999999999751 ) ) ;
#6433 = CARTESIAN_POINT ( 'NONE',  ( 67.12694372481277583, 98.04999999999998295, 6.000000000000000000 ) ) ;
#6434 = EDGE_LOOP ( 'NONE', ( #3720, #3237, #1024, #172 ) ) ;
ENDSEC;
END-ISO-10303-21;
